idx,tm,classification,quick_sim_elapsed,quick_sim_timeout,qs_halted,qs_proven_inf,qs_rules,qs_nonzeros,cps_small_elapsed,cps_small_timeout,cps_small_success,cps_small_inf_loop,cps_small_num_configs,cps_large_elapsed,cps_large_timeout,cps_large_success,cps_large_inf_loop,cps_large_num_configs,ctl2_b2_elapsed,ctl2_b2_timeout,ctl2_b2_success,ctl2_b2_iters,ctl2_b4_elapsed,ctl2_b4_timeout,ctl2_b4_success,ctl2_b4_iters,ctl3_b2_elapsed,ctl3_b2_timeout,ctl3_b2_success,ctl3_b2_iters,ctl3_b4_elapsed,ctl3_b4_timeout,ctl3_b4_success,ctl3_b4_iters
31,1RB0LB_1RC0LD_0LA1RD_1LC1LE_1LF0RE_1LD---,Unknown,0.39,False,False,False,0,119,0.36,False,False,False,1491,0.33,False,False,False,128,0.07,False,False,2,0.08,False,False,2,0.07,False,False,0,0.07,False,False,0
27,1RB1RD_1LC0LE_1LD0LB_0RB0RA_1RD1LF_0LC---,Unknown,0.56,False,False,False,48,7204,0.36,False,False,False,4948,0.34,False,False,False,1071,0.08,False,False,5,0.07,False,False,6,0.08,False,False,0,0.07,False,False,0
23,1RB1LC_1LA0RE_0LD---_1LB1LD_1RB1RF_0LA0RB,Unknown,0.75,False,False,False,11,390,0.42,False,False,False,11777,0.36,False,False,False,3052,0.07,False,False,3,0.07,False,False,1,0.08,False,False,0,0.08,False,False,0
22,1RB1RC_0LC1RE_1RA0LD_1LB0RD_0RF---_0RA0RF,Unknown,0.85,False,False,False,0,6680,0.37,False,False,False,10349,0.4,False,False,False,8942,0.07,False,False,1,0.07,False,False,2,0.08,False,False,0,0.08,False,False,0
32,1RB0LA_1RC---_1RD1RA_0RE1LC_1LF0RF_1LD0RC,Unknown,0.98,False,False,False,0,399,0.34,False,False,False,1593,0.33,False,False,False,193,0.08,False,False,3,0.09,False,False,5,0.08,False,False,0,0.08,False,False,0
30,1RB0LD_0RC0LE_1RD1RA_0RE1RF_1LF0RC_0LA---,Unknown,1.07,False,False,False,0,428,0.35,False,False,False,2649,0.34,False,False,False,1000,0.08,False,False,3,0.07,False,False,0,0.08,False,False,0,0.07,False,False,0
28,1RB0LA_0LC0RA_1LA1LD_1LC0LE_1RF0LF_0RB---,Unknown,1.08,False,False,False,0,491,0.36,False,False,False,3198,0.33,False,False,False,710,0.08,False,False,10,0.07,False,False,3,0.07,False,False,0,0.07,False,False,0
25,1RB1RE_1LC1RC_0RF1LD_1LE0LB_1LB0RA_---1RA,Unknown,1.33,False,False,False,0,1408,0.36,False,False,False,8022,0.33,False,False,False,1124,0.07,False,False,2,0.07,False,False,3,0.07,False,False,0,0.07,False,False,0
33,1RB0LC_1RC1RA_0RD1LE_1RE1RF_1LC0RB_---1RD,Unknown,1.42,False,False,False,0,1205,0.36,False,False,False,4491,0.37,False,False,False,1597,0.07,False,False,4,0.07,False,False,2,0.07,False,False,0,0.07,False,False,0
29,1RB1RA_1LC0RD_1LD1LB_1LE0LF_0RA---_0LB1LF,Unknown,1.61,False,False,False,0,554,0.36,False,False,False,4044,0.36,False,False,False,1358,0.07,False,False,5,0.07,False,False,5,0.07,False,False,0,0.07,False,False,0
34,1RB0RD_1RC0RA_0LA0LE_1LC1RF_1LA1LC_0RB---,Unknown,0.39,False,False,False,63,35318,0.36,False,False,False,5272,0.33,False,False,False,1521,0.07,False,False,3,0.07,False,False,4,0.07,False,False,0,0.07,False,False,0
24,1RB0LC_1RC1RA_1RD0RF_0LE---_1LA1LE_0RA1RF,Unknown,1.9,False,False,False,0,537,0.36,False,False,False,4712,0.39,False,False,False,2751,0.08,False,False,5,0.07,False,False,2,0.07,False,False,0,0.07,False,False,0
38,1RB0RE_1LC0LB_1RD0LB_1RF0LA_1RC---_0RA0LD,Unknown,0.68,False,False,False,0,6665,0.36,False,False,False,5609,0.33,False,False,False,1924,0.07,False,False,4,0.07,False,False,0,0.07,False,False,0,0.07,False,False,0
39,1RB0LA_0RC1LE_0RD1RE_1LA1RF_1RB0LD_1RC---,Unknown,0.62,False,False,False,0,280,0.32,False,False,False,1395,0.33,False,False,False,204,0.08,False,False,1,0.07,False,False,4,0.07,False,False,0,0.07,False,False,0
37,1RB0LB_1RC1LC_1LD1RE_---0LA_1LE0RF_1RA0LF,Unknown,0.76,False,False,False,0,250,0.33,False,False,False,2429,0.32,False,False,False,351,0.08,False,False,3,0.07,False,False,4,0.07,False,False,0,0.07,False,False,0
43,1RB1RF_1LC0LB_1RE1LD_1RE0LB_1RA0RE_---0RC,Unknown,0.37,False,False,False,0,60,0.32,False,False,False,1070,0.32,False,False,False,100,0.07,False,False,1,0.07,False,False,1,0.07,False,False,0,0.07,False,False,0
42,1RB---_1LC0RF_1RF0LD_0LE1LC_0RC0LC_1RB0RA,Unknown,0.55,False,False,False,0,823,0.34,False,False,False,6419,0.33,False,False,False,777,0.07,False,False,1,0.07,False,False,5,0.07,False,False,0,0.07,False,False,0
35,1RB0RA_0LC0RF_0LB1RD_1LE---_1RA0LF_1LE0RC,Unknown,1.69,False,False,False,0,361,0.32,False,False,False,342,0.32,False,False,False,217,0.07,False,False,2,0.07,False,False,2,0.07,False,False,0,0.07,False,False,0
44,1RB1LD_1RC0RB_0LA1RE_1LA0LB_0RA0RF_---0LC,Unknown,0.76,False,False,False,0,210,0.08,False,False,False,112,0.32,False,False,False,129,0.07,False,False,2,0.07,False,False,3,0.07,False,False,0,0.07,False,False,0
46,1RB---_0RC1LC_1LD0RF_0LE0LD_0RF1LD_1RF1RA,Unknown,0.59,False,False,False,0,764,0.07,False,False,False,79,0.14,False,False,False,755,0.07,False,False,2,0.07,False,False,2,0.07,False,False,0,0.06,False,False,0
36,1RB1RB_0LC0LD_0LE1LD_1LB0RE_1RA0RF_1RD---,Unknown,2.08,False,False,False,0,563,0.37,False,False,False,7531,0.33,False,False,False,1824,0.07,False,False,1,0.07,False,False,2,0.07,False,False,0,0.07,False,False,0
47,1RB0LA_1RC0RB_1LD1RB_0LA0LE_---1LF_1LA1LC,Unknown,0.4,False,False,False,0,2031,0.36,False,False,False,5253,0.32,False,False,False,664,0.07,False,False,1,0.07,False,False,1,0.07,False,False,0,0.06,False,False,0
45,1RB1LD_0LC0RA_1RA1LC_1RE0LC_---1RF_0RD0RB,Unknown,1.47,False,False,False,0,677,0.33,False,False,False,3364,0.32,False,False,False,818,0.07,False,False,3,0.07,False,False,2,0.07,False,False,0,0.07,False,False,0
41,1RB0RE_1LC0RA_---0LD_1RE0LF_1RA0LB_1LD0LF,Unknown,0.4,False,False,False,0,1273,2.04,False,False,False,14409,0.35,False,False,False,1435,0.07,False,False,6,0.07,False,False,5,0.07,False,False,0,0.07,False,False,0
50,1RB0LF_1RC1RB_1LD0RA_1LA0LE_0LC1LC_1LE---,Unknown,0.58,False,False,False,17,10093,0.34,False,False,False,5220,0.32,False,False,False,1242,0.07,False,False,5,0.06,False,False,3,0.07,False,False,0,0.07,False,False,0
49,1RB0LF_1RC0RB_0RD1LE_0LE0RA_1LC1LA_0LD---,Unknown,0.66,False,False,False,0,1767,0.35,False,False,False,7126,0.32,False,False,False,1344,0.07,False,False,1,0.07,False,False,3,0.07,False,False,0,0.07,False,False,0
51,1RB0LB_1RC1LC_1LD1RE_---0LA_1RE0RF_1RA0LF,Unknown,0.67,False,False,False,0,299,0.32,False,False,False,1149,0.31,False,False,False,206,0.07,False,False,2,0.07,False,False,5,0.07,False,False,0,0.07,False,False,0
52,1RB0RA_0LC1LF_1LE1LD_0LB---_1RA0LC_1LA1LC,Unknown,0.71,False,False,False,0,279,0.38,False,False,False,8346,0.35,False,False,False,1350,0.07,False,False,1,0.07,False,False,4,0.07,False,False,0,0.07,False,False,0
48,1RB0LE_1RC1RA_1RD0RF_1RE0RA_1LA1LD_1RA---,Unknown,1.36,False,False,False,0,682,0.39,False,False,False,17643,0.34,False,False,False,4686,0.07,False,False,2,0.07,False,False,2,0.07,False,False,0,0.07,False,False,0
53,1RB0LD_1RC0RB_1RD1RF_1LE0LD_1RB1LA_---0RE,Unknown,0.43,False,False,False,0,252,0.46,False,False,False,4262,0.31,False,False,False,142,0.08,False,False,3,0.07,False,False,4,0.07,False,False,0,0.07,False,False,0
57,1RB---_0RC0RF_0RD0RA_1RE0LB_1LF0LE_1RC0LE,Unknown,0.48,False,False,False,0,590,0.43,False,False,False,20684,0.36,False,False,False,1156,0.08,False,False,2,0.08,False,False,1,0.08,False,False,0,0.07,False,False,0
54,1RB1RF_1LC0LF_---0LD_0LE1LD_0RF0LB_1RA1RE,Unknown,1.17,False,False,False,0,792,0.42,False,False,False,19970,0.34,False,False,False,2448,0.08,False,False,1,0.08,False,False,2,0.08,False,False,0,0.07,False,False,0
62,1RB0RC_0LC0LE_1RA0RD_1LB1RF_1LC1LB_0RA---,Unknown,0.37,False,False,False,46,1956,0.37,False,False,False,4437,0.35,False,False,False,953,0.07,False,False,5,0.07,False,False,1,0.07,False,False,0,0.07,False,False,0
56,1RB0LD_1RC1RB_1RD0RA_0LE1LF_---1LA_1LA0LC,Unknown,1.24,False,False,False,2,917,0.42,False,False,False,16091,0.35,False,False,False,1676,0.07,False,False,3,0.08,False,False,3,0.07,False,False,0,0.07,False,False,0
58,1RB1RA_1RC0RE_0RD1LE_0LE---_1LF0LC_0RA1LC,Unknown,1.24,False,False,False,0,649,0.39,False,False,False,9775,0.32,False,False,False,1158,0.07,False,False,0,0.07,False,False,1,0.07,False,False,0,0.07,False,False,0
59,1RB0RA_0RC0LE_0LD1RA_1LB0RF_0LD1LC_1RD---,Unknown,1.31,False,False,False,0,4811,0.36,False,False,False,9038,0.34,False,False,False,2494,0.07,False,False,2,0.07,False,False,3,0.07,False,False,0,0.07,False,False,0
64,1RB0RA_1LC0RE_0LD0LB_1LA1LF_1RA0LF_1LC---,Unknown,0.33,False,False,False,0,9150,0.15,False,False,False,2660,0.4,False,False,False,5225,0.07,False,False,5,0.07,False,False,2,0.07,False,False,0,0.06,False,False,0
60,1RB0RA_1LC0RA_0LD0LC_1RD1RE_1LF0LE_---0LB,Unknown,1.39,False,False,False,29,42331,0.4,False,False,False,12250,0.4,False,False,False,6451,0.07,False,False,3,0.07,False,False,3,0.07,False,False,0,0.07,False,False,0
65,1RB0LA_0RC0LE_0RD1RC_1LD1RE_1LA1RF_---0RB,Unknown,0.44,False,False,False,0,1340,0.35,False,False,False,5726,0.32,False,False,False,924,0.07,False,False,3,0.07,False,False,1,0.07,False,False,0,0.07,False,False,0
61,1RB---_1LC0RF_1LD0LC_0RE0LF_0RD1LA_1RB0LE,Unknown,1.68,False,False,False,0,362,0.33,False,False,False,1122,0.34,False,False,False,181,0.07,False,False,2,0.07,False,False,4,0.07,False,False,0,0.07,False,False,0
68,1RB1RF_1LC0LB_1RE0LD_1LB0RF_0RA0RC_1RE---,Unknown,0.3,False,False,False,0,8481,0.13,False,False,False,3865,0.17,False,False,False,1101,0.07,False,False,5,0.07,False,False,6,0.07,False,False,0,0.07,False,False,0
63,1RB0RC_1LA0LD_1RB0RD_1LE0RF_0LB0RB_1RC---,Unknown,1.68,False,False,False,0,313,0.36,False,False,False,7188,0.32,False,False,False,1051,0.07,False,False,2,0.06,False,False,2,0.07,False,False,0,0.07,False,False,0
55,1RB0RD_1LC0LE_0RA0LB_1RC1RF_1LB1RD_0RC---,Unknown,3.05,False,False,False,111,2702,0.32,False,False,False,1527,0.32,False,False,False,396,0.07,False,False,2,0.07,False,False,4,0.07,False,False,0,0.07,False,False,0
71,1RB---_1RC1LE_1RD0RC_0LB1RF_1LB0LE_1RA0RE,Unknown,0.6,False,False,False,0,210,0.38,False,False,False,3241,0.33,False,False,False,580,0.07,False,False,3,0.07,False,False,2,0.07,False,False,0,0.07,False,False,0
73,1RB0RD_0RC---_1LD0RC_1RE0LE_1RF1LE_0LD1RA,Unknown,0.37,False,False,False,0,233,0.33,False,False,False,2270,0.33,False,False,False,163,0.07,False,False,1,0.07,False,False,2,0.07,False,False,0,0.07,False,False,0
26,1RB1LC_1LA1RF_0RD1RD_0RA0LE_1LA0LE_0RC---,Unknown,8.96,False,False,False,6,1638,0.33,False,False,False,2023,0.32,False,False,False,250,0.07,False,False,10,0.07,False,False,3,0.07,False,False,0,0.07,False,False,0
69,1RB1RF_1RC1RA_1LD0LA_---0LE_0LF1LE_0RA0LC,Unknown,1.1,False,False,False,0,797,0.38,False,False,False,19110,0.34,False,False,False,2488,0.07,False,False,2,0.07,False,False,5,0.07,False,False,0,0.07,False,False,0
70,1RB1RF_0RC0LE_1RD0RF_1LB---_1LB1LE_1RA0LC,Unknown,0.92,False,False,False,0,218,0.35,False,False,False,6963,0.35,False,False,False,2850,0.07,False,False,2,0.07,False,False,6,0.07,False,False,0,0.07,False,False,0
66,1RB1RE_1RC0RF_0LD---_1LE1LD_1RA0LB_0RE1RF,Unknown,1.76,False,False,False,0,405,0.34,False,False,False,3521,0.34,False,False,False,2131,0.07,False,False,4,0.07,False,False,4,0.07,False,False,0,0.07,False,False,0
76,1RB1RE_0RC0RF_1LC1RD_1RA0LE_0RA0LD_0RA---,Unknown,0.41,False,False,False,0,6522,0.23,False,False,False,1662,0.32,False,False,False,649,0.07,False,False,3,0.07,False,False,1,0.07,False,False,0,0.07,False,False,0
74,1RB1RA_0LC0RA_1LF0LD_1LE0RC_1LB1LD_1RB---,Unknown,0.9,False,False,False,0,216,0.35,False,False,False,6856,0.37,False,False,False,2822,0.08,False,False,8,0.07,False,False,1,0.08,False,False,0,0.07,False,False,0
77,1RB0LE_1RC0LF_0LD0RC_1RA1LD_1LB0LE_---0RE,Unknown,0.53,False,False,False,0,232,0.37,False,False,False,4921,0.32,False,False,False,885,0.07,False,False,3,0.07,False,False,2,0.08,False,False,0,0.08,False,False,0
75,1RB1RA_1LC0RD_1LD1LB_1LE0LF_0RA---_0LB1RE,Unknown,1.66,False,False,False,0,339,0.4,False,False,False,11597,0.33,False,False,False,1644,0.08,False,False,4,0.08,False,False,4,0.09,False,False,0,0.08,False,False,0
83,1RB1LD_0RC0RB_1LD1LA_0LE---_1LF0LD_1LA0LB,Unknown,0.33,False,False,False,0,4641,0.45,False,False,False,13381,0.36,False,False,False,2968,0.08,False,False,1,0.07,False,False,2,0.08,False,False,0,0.07,False,False,0
79,1RB0RA_1LC0RD_0LD0LB_1RA0LE_1LF---_0RA1LB,Unknown,0.78,False,False,False,4,823,0.39,False,False,False,12177,0.33,False,False,False,638,0.07,False,False,4,0.07,False,False,5,0.07,False,False,0,0.08,False,False,0
82,1RB0LE_1LC0RA_1RD0RC_1LA0LD_1LB0LF_1LC---,Unknown,0.65,False,False,False,0,220,0.33,False,False,False,1728,0.32,False,False,False,276,0.08,False,False,5,0.07,False,False,2,0.08,False,False,0,0.08,False,False,0
78,1RB0RC_0RC1RC_0LD0RA_1LE0LF_0LA1LC_---1LA,Unknown,1.28,False,False,False,0,1519,0.21,False,False,False,4851,0.34,False,False,False,775,0.08,False,False,1,0.08,False,False,0,0.08,False,False,0,0.08,False,False,0
81,1RB1RE_1LC0RA_1LD1LB_1LE0LF_1LA0LB_1LB---,Unknown,0.94,False,False,False,0,1363,0.45,False,False,False,22361,0.33,False,False,False,1864,0.08,False,False,0,0.08,False,False,2,0.08,False,False,0,0.08,False,False,0
72,1RB0LD_0RC---_0RD0RF_1LE0LA_1LF1LE_1RA0RD,Unknown,2.81,False,False,False,0,7025,0.34,False,False,False,1904,0.33,False,False,False,206,0.08,False,False,3,0.07,False,False,0,0.07,False,False,0,0.07,False,False,0
80,1RB0RE_1LC0RA_1LA1LD_0LC1LF_0LB1RB_1RA---,Unknown,1.63,False,False,False,0,1066,0.12,False,False,False,1565,0.44,False,False,False,2999,0.07,False,False,5,0.07,False,False,5,0.07,False,False,0,0.07,False,False,0
84,1RB0RC_1RC1LB_1LD1RA_1LE0LB_---1LF_0LF0LC,Unknown,1.57,False,False,False,0,441,0.34,False,False,False,3792,0.34,False,False,False,743,0.08,False,False,2,0.07,False,False,4,0.07,False,False,0,0.07,False,False,0
85,1RB0LE_0RC0RA_1RD1RB_0LA0RB_1LF---_1LD1LF,Unknown,1.01,False,False,False,0,819,0.07,False,False,False,150,0.34,False,False,False,3022,0.07,False,False,1,0.07,False,False,1,0.07,False,False,0,0.07,False,False,0
87,1RB1LC_1LA0RD_1LA0LA_---1RE_1RB0RF_1RC0RA,Unknown,1.06,False,False,False,0,1196,0.41,False,False,False,13567,0.35,False,False,False,3096,0.07,False,False,0,0.07,False,False,1,0.07,False,False,0,0.07,False,False,0
91,1RB0RF_1RC0RD_1LD1LB_1RE0LC_1RA1RD_1RD---,Unknown,0.99,False,False,False,1,2363,0.45,False,False,False,22067,0.33,False,False,False,2379,0.07,False,False,2,0.07,False,False,1,0.07,False,False,0,0.06,False,False,0
86,1RB1RE_1LC0RD_1LD0LD_1RA0LC_0LB0RF_0RA---,Unknown,1.66,False,False,False,0,307,0.37,False,False,False,6823,0.35,False,False,False,2400,0.07,False,False,1,0.07,False,False,2,0.07,False,False,0,0.07,False,False,0
88,1RB1LE_1RC1RF_0RD0LB_1LD0RA_0LA0LE_0RC---,Unknown,1.68,False,False,False,0,423,0.4,False,False,False,4956,0.33,False,False,False,873,0.07,False,False,1,0.07,False,False,1,0.07,False,False,0,0.07,False,False,0
89,1RB0RF_0LC---_1LD1LC_1RE0LA_1RA1RD_0RD1RF,Unknown,1.75,False,False,False,0,449,0.36,False,False,False,5572,0.33,False,False,False,1126,0.07,False,False,3,0.07,False,False,4,0.07,False,False,0,0.07,False,False,0
96,1RB0LE_0RC0RA_1RD1RF_1LA0LD_1LD0RF_1RB---,Unknown,0.3,False,False,False,0,9148,0.09,False,False,False,855,0.13,False,False,False,566,0.07,False,False,2,0.07,False,False,3,0.07,False,False,0,0.07,False,False,0
90,1RB1RF_1RC1LC_1LD0LE_---1LE_1RF0LB_0RA1RE,Unknown,1.28,False,False,False,0,846,0.39,False,False,False,11825,0.63,False,False,False,3048,0.07,False,False,2,0.07,False,False,3,0.07,False,False,0,0.07,False,False,0
92,1RB0LC_1LA1RD_1LA0LC_0RE---_0RF1RF_0RA0LB,Unknown,1.51,False,False,False,0,151,0.37,False,False,False,6497,0.35,False,False,False,1999,0.07,False,False,3,0.07,False,False,1,0.07,False,False,0,0.07,False,False,0
40,1RB1LF_0LC0RE_1LA1RD_0LB1LB_1RC1RD_0LD---,Unknown,11.8,False,False,False,5,1740,0.33,False,False,False,1736,0.32,False,False,False,158,0.07,False,False,4,0.07,False,False,2,0.07,False,False,0,0.07,False,False,0
93,1RB0RE_1RC0LE_0RD---_0RE0RA_1LF0LB_1LA1LF,Unknown,1.51,False,False,False,0,273,0.33,False,False,False,2555,0.38,False,False,False,271,0.07,False,False,1,0.07,False,False,6,0.07,False,False,0,0.07,False,False,0
94,1RB0LD_1RC1RE_1LD0RA_1LA0LA_0LC0RF_0RB---,Unknown,1.53,False,False,False,0,339,0.37,False,False,False,6210,0.34,False,False,False,1864,0.07,False,False,0,0.07,False,False,3,0.07,False,False,0,0.07,False,False,0
98,1RB0LC_0RC0RF_1RD0LE_1LA1RA_1LC1RB_0RB---,Unknown,0.5,False,False,False,34,235640,0.33,False,False,False,2050,0.32,False,False,False,219,0.07,False,False,1,0.07,False,False,5,0.07,False,False,0,0.07,False,False,0
102,1RB0LB_1RC1LB_0LA1RD_1RE0RA_0RF---_1LA0RF,Unknown,0.37,False,False,False,0,237,0.12,False,False,False,324,0.32,False,False,False,195,0.08,False,False,1,0.07,False,False,2,0.07,False,False,0,0.07,False,False,0
99,1RB0RA_0RC1LD_0LD0RE_1LB1LE_1RA0LF_0LC---,Unknown,0.7,False,False,False,0,1278,0.34,False,False,False,4873,0.33,False,False,False,1189,0.07,False,False,2,0.07,False,False,4,0.09,False,False,0,0.08,False,False,0
100,1RB0RF_1RC0LE_1LD0LC_1RE0RD_1LB0RA_1RC---,Unknown,0.78,False,False,False,0,220,0.33,False,False,False,2734,0.32,False,False,False,288,0.08,False,False,3,0.08,False,False,5,0.08,False,False,0,0.08,False,False,0
95,1RB1RE_1LC1LE_0RD0LB_1RF1RA_0RC0RE_0RA---,Unknown,2.24,False,False,False,0,395,0.35,False,False,False,3618,0.32,False,False,False,592,0.08,False,False,3,0.08,False,False,2,0.07,False,False,0,0.07,False,False,0
104,1RB0RA_1RC1RF_1LD0LC_1RA1LE_1RA0LC_---0RD,Unknown,0.44,False,False,False,0,638,0.42,False,False,False,2746,0.35,False,False,False,655,0.08,False,False,1,0.07,False,False,2,0.08,False,False,0,0.07,False,False,0
101,1RB0RA_1LC0RA_1RB1LD_0LE---_0LF1LF_0LB0RC,Unknown,1.0,False,False,False,0,220,0.38,False,False,False,6852,0.4,False,False,False,1614,0.07,False,False,2,0.08,False,False,2,0.08,False,False,0,0.08,False,False,0
103,1RB0LC_1LA1RD_1LA1LF_0RE---_1RA1RE_0RB0LA,Unknown,0.86,False,False,False,5,369,0.4,False,False,False,9863,0.34,False,False,False,2217,0.08,False,False,1,0.08,False,False,3,0.07,False,False,0,0.08,False,False,0
105,1RB0LC_1RC1RA_1RD0RF_0LE---_1LA1LE_0RA1LD,Unknown,1.21,False,False,False,0,591,0.37,False,False,False,5714,0.37,False,False,False,3325,0.09,False,False,5,0.08,False,False,4,0.08,False,False,0,0.07,False,False,0
107,1RB1RE_1LC0RA_1LD0LC_0RA1RF_0RD---_1RC1RA,Unknown,0.6,False,False,False,0,1439,0.39,False,False,False,9324,0.35,False,False,False,1185,0.08,False,False,3,0.08,False,False,2,0.08,False,False,0,0.07,False,False,0
109,1RB0LF_1RC0RB_1LD0RA_0LE0LC_1LB1LF_1LD---,Unknown,0.32,False,False,False,0,9196,0.33,False,False,False,10314,0.3,False,False,False,3098,0.08,False,False,3,0.07,False,False,2,0.07,False,False,0,0.07,False,False,0
108,1RB0LF_0LC0RE_0RA1LD_1LB0LD_0RA1RC_1LA---,Unknown,1.09,False,False,False,0,4889,0.1,False,False,False,512,0.34,False,False,False,1533,0.07,False,False,2,0.07,False,False,3,0.06,False,False,0,0.06,False,False,0
111,1RB1LA_1RC0LE_1RD0LF_0LA0RD_1LC0LE_---0RE,Unknown,0.54,False,False,False,0,253,0.36,False,False,False,3240,0.32,False,False,False,890,0.07,False,False,3,0.07,False,False,4,0.07,False,False,0,0.07,False,False,0
106,1RB1LB_1LC0LD_---1LD_1RE0LA_0RF1RD_1RA1RE,Unknown,1.26,False,False,False,0,848,0.4,False,False,False,11080,0.54,False,False,False,2608,0.07,False,False,3,0.07,False,False,3,0.07,False,False,0,0.07,False,False,0
97,1RB0RD_1RC1RB_1LD0LA_1LE0RA_0LF---_0LA0LC,Unknown,3.0,False,False,False,0,5930,0.33,False,False,False,2856,0.32,False,False,False,314,0.07,False,False,2,0.07,False,False,6,0.07,False,False,0,0.07,False,False,0
114,1RB0RA_1LC0RA_0LF0LD_1LE---_0LC0LB_1LA0RE,Unknown,0.52,False,False,False,0,589,0.39,False,False,False,14234,0.34,False,False,False,1396,0.07,False,False,3,0.07,False,False,6,0.07,False,False,0,0.07,False,False,0
112,1RB0RE_1LC---_0RA0LD_1LC1LD_1RF0LA_1RC1RE,Unknown,0.92,False,False,False,0,222,0.36,False,False,False,6599,0.36,False,False,False,3232,0.07,False,False,9,0.07,False,False,5,0.07,False,False,0,0.07,False,False,0
116,1RB1RF_1LC0RB_1RD0LC_1LE1RA_0RC1LB_---1RE,Unknown,0.33,False,False,False,0,87,0.33,False,False,False,2017,0.31,False,False,False,207,0.07,False,False,1,0.07,False,False,0,0.07,False,False,0,0.07,False,False,0
110,1RB0LD_0RC1RA_1RD1RB_1RE1LE_1LF0LA_---1LA,Unknown,1.12,False,False,False,0,828,0.38,False,False,False,11375,0.58,False,False,False,2653,0.07,False,False,3,0.06,False,False,0,0.07,False,False,0,0.07,False,False,0
115,1RB0LF_0LC1LB_0RD1LA_1RE0RA_---1RD_1RC1LF,Unknown,0.5,False,False,False,0,5078,0.42,False,False,False,7629,0.34,False,False,False,1900,0.07,False,False,5,0.07,False,False,5,0.07,False,False,0,0.07,False,False,0
113,1RB0RB_1LC0RA_1LE1LD_0RE0LF_1RA0LB_0LC---,Unknown,1.48,False,False,False,0,341,0.35,False,False,False,4289,0.37,False,False,False,2062,0.07,False,False,2,0.07,False,False,3,0.07,False,False,0,0.07,False,False,0
118,1RB1LB_1LC0RE_0LE0LD_0LC---_1LA0RF_1RE1LC,Unknown,1.19,False,False,False,38,279396,0.33,False,False,False,2040,0.32,False,False,False,390,0.07,False,False,5,0.07,False,False,3,0.07,False,False,0,0.07,False,False,0
274,1RB0RC_1RC1LD_0RD0RA_1LE0LF_1LB---_1RC1LB,Shift-overflow counter,0.27,False,False,False,12,52,0.31,False,False,False,8,0.31,False,False,False,0,0.08,False,False,5,0.07,False,False,2,0.07,False,False,0,0.07,False,False,0
122,1RB---_0RC1RC_1RD0LE_1RE0RB_1LF0RA_1LC1LF,Unknown,0.77,False,False,False,0,211,0.35,False,False,False,5389,0.33,False,False,False,1030,0.07,False,False,4,0.07,False,False,4,0.07,False,False,0,0.07,False,False,0
124,1RB0LE_1RC0LB_1RD0RC_1LA1RC_---1LF_1LB1LD,Unknown,0.55,False,False,False,45,14658,0.33,False,False,False,2616,0.32,False,False,False,354,0.07,False,False,1,0.07,False,False,2,0.07,False,False,0,0.07,False,False,0
275,1RB---_1RC---_1RD1LC_1LE1RF_1LC0LE_1RA0RD,Shift-overflow counter,0.36,False,False,False,0,51,0.31,False,False,False,18,0.31,False,False,False,1,0.06,False,False,3,0.07,False,False,0,0.07,False,False,0,0.07,False,False,0
120,1RB0RC_1LC1LA_1RD0LB_1RE1RC_1RA0RF_1RC---,Unknown,1.43,False,False,False,0,636,0.41,False,False,False,17817,0.33,False,False,False,3111,0.07,False,False,2,0.07,False,False,1,0.07,False,False,0,0.08,False,False,0
125,1RB0RD_1LC1LB_---1LD_1RA0RE_1RD0LF_1LE0LD,Unknown,0.88,False,False,False,0,1018,0.39,False,False,False,18720,0.34,False,False,False,3370,0.07,False,False,4,0.07,False,False,6,0.07,False,False,0,0.08,False,False,0
117,1RB0LF_0RC0RB_1LC1LD_1RE0RD_---0RA_1LA0LF,Unknown,2.29,False,False,False,29,42400,0.4,False,False,False,13373,0.38,False,False,False,6001,0.08,False,False,3,0.07,False,False,1,0.07,False,False,0,0.07,False,False,0
121,1RB1RE_1RC0RF_0LD---_1LE1LD_1RA0LB_0RE1LC,Unknown,1.73,False,False,False,0,492,0.34,False,False,False,5918,0.32,False,False,False,1504,0.08,False,False,4,0.07,False,False,4,0.07,False,False,0,0.07,False,False,0
123,1RB0LC_1RC0RC_1LD0RB_1LA1LE_0RA0LF_0LD---,Unknown,1.6,False,False,False,0,277,0.35,False,False,False,4925,0.32,False,False,False,1162,0.07,False,False,3,0.07,False,False,0,0.07,False,False,0,0.07,False,False,0
276,1RB1LD_1RC0RB_1LA1RC_1LE0LA_1LF---_1LC---,Shift-overflow counter,0.36,False,False,False,0,43,0.31,False,False,False,40,0.33,False,False,False,0,0.07,False,False,1,0.07,False,False,0,0.07,False,False,0,0.07,False,False,0
277,1RB0LA_1RC---_1RD1LC_1LC1RE_1LA1RF_0RB0RD,Shift-overflow counter,0.44,False,False,False,0,47,0.18,False,False,False,96,0.31,False,False,False,2,0.07,False,False,1,0.07,False,False,2,0.08,False,False,0,0.08,False,False,0
278,1RB0LE_1RC1LA_1LD1RE_1LB0LD_1RF0RC_1RB---,Shift-overflow counter,0.33,False,False,False,1,48,0.25,False,False,False,266,0.31,False,False,False,2,0.07,False,False,0,0.08,False,False,7,0.07,False,False,0,0.07,False,False,0
279,1RB---_1LC0RF_0RA0LD_1LE1LF_1RF0LF_0LC0RA,Shift-overflow counter,0.48,False,False,False,0,50,0.32,False,False,False,186,0.31,False,False,False,0,0.07,False,False,0,0.08,False,False,1,0.07,False,False,0,0.06,False,False,0
280,1RB1RF_1RC---_1RD1LC_1LE1RF_1LC0LE_1RA0RA,Shift-overflow counter,0.39,False,False,False,0,56,0.32,False,False,False,75,0.31,False,False,False,1,0.08,False,False,0,0.07,False,False,1,0.07,False,False,0,0.07,False,False,0
281,1RB1LD_1RC0RE_1LA1RC_0LC0LA_0RF0RC_---0RB,Shift-overflow counter,0.37,False,False,False,0,33,0.31,False,False,False,0,0.33,False,False,False,0,0.07,False,False,4,0.07,False,False,3,0.07,False,False,0,0.07,False,False,0
282,1RB0RA_1LC0RC_1LE0LD_1LC1LF_1RA1LC_1LC---,Shift-overflow counter,0.41,False,False,False,0,69,0.32,False,False,False,159,0.32,False,False,False,0,0.07,False,False,4,0.07,False,False,2,0.07,False,False,0,0.07,False,False,0
284,1RB1RF_1LC1RE_0LD0LC_1RD0RB_1RA0RB_1LB---,Shift-overflow counter,0.39,False,False,False,0,46,0.31,False,False,False,4,0.33,False,False,False,1,0.07,False,False,2,0.07,False,False,3,0.07,False,False,0,0.08,False,False,0
283,1RB1RF_1RC0RA_1LD1RB_1LE0LD_1RB0LB_0RB---,Shift-overflow counter,0.45,False,False,False,0,63,0.32,False,False,False,39,0.32,False,False,False,1,0.08,False,False,5,0.08,False,False,4,0.07,False,False,0,0.07,False,False,0
285,1RB0LE_1LC0RE_0RA0LD_1LA1LF_0LC0RE_0LA---,Shift-overflow counter,0.49,False,False,False,0,53,0.31,False,False,False,160,0.32,False,False,False,0,0.07,False,False,3,0.07,False,False,3,0.07,False,False,0,0.07,False,False,0
286,1RB0LD_0RC---_1LD0RF_0LE0RA_0RA1LF_0LA1LB,Shift-overflow counter,0.53,False,False,False,0,57,0.32,False,False,False,98,0.34,False,False,False,0,0.07,False,False,0,0.07,False,False,5,0.07,False,False,0,0.07,False,False,0
287,1RB1LD_1RC0RB_1LA1RC_1LE0LA_0LF1LC_1RD---,Shift-overflow counter,0.37,False,False,False,0,43,0.31,False,False,False,17,0.33,False,False,False,0,0.07,False,False,2,0.07,False,False,3,0.07,False,False,0,0.07,False,False,0
288,1RB0LA_0RC---_1RD0LE_0LC0RE_1RF0RB_1LA1RD,Shift-overflow counter,0.41,False,False,False,0,54,0.32,False,False,False,229,0.32,False,False,False,1,0.07,False,False,2,0.06,False,False,1,0.07,False,False,0,0.07,False,False,0
289,1RB0RC_1LC1RE_0LE0LD_1LC0LB_0RA0RF_1RA---,Shift-overflow counter,0.58,False,False,False,0,76,0.47,False,False,False,1273,0.31,False,False,False,2,0.07,False,False,1,0.07,False,False,3,0.07,False,False,0,0.07,False,False,0
291,1RB1LE_1LC0LF_1LA1RD_1LB0RD_0LC0LA_---1RA,Shift-overflow counter,0.33,False,False,False,0,63,0.32,False,False,False,279,0.31,False,False,False,0,0.07,False,False,2,0.07,False,False,6,0.07,False,False,0,0.06,False,False,0
292,1RB0RF_1LC1RA_1LD0LC_0LE0LA_1RF---_1RA1RE,Shift-overflow counter,0.37,False,False,False,0,66,0.31,False,False,False,20,0.32,False,False,False,1,0.07,False,False,7,0.07,False,False,6,0.06,False,False,0,0.07,False,False,0
293,1RB---_1LC1LB_1LD1RC_1RF1LE_1LA0LD_1RC0RF,Shift-overflow counter,0.37,False,False,False,0,43,0.31,False,False,False,16,0.31,False,False,False,0,0.07,False,False,1,0.06,False,False,3,0.06,False,False,0,0.07,False,False,0
294,1RB0LE_1LC0RE_0RA0LD_1LA1LF_0LC1RF_0LB---,Shift-overflow counter,0.42,False,False,False,0,42,0.32,False,False,False,105,0.31,False,False,False,0,0.06,False,False,3,0.07,False,False,3,0.07,False,False,0,0.07,False,False,0
295,1RB0RA_1LC1RF_0LD0LC_1RE0RB_1RF---_1RA1RD,Shift-overflow counter,0.31,False,False,False,0,49,0.31,False,False,False,4,0.31,False,False,False,0,0.06,False,False,1,0.07,False,False,2,0.07,False,False,0,0.07,False,False,0
290,1RB0RE_0RC0RF_1LD1RA_1RE0LD_0LB1RC_1LE---,Shift-overflow counter,0.93,False,False,False,0,54,0.31,False,False,False,44,0.31,False,False,False,1,0.07,False,False,3,0.07,False,False,4,0.07,False,False,0,0.07,False,False,0
296,1RB1LF_0RC0RB_0LD0LA_1RE---_1LA1LC_1LE1RE,Shift-overflow counter,0.37,False,False,False,0,45,0.32,False,False,False,1,0.32,False,False,False,0,0.07,False,False,3,0.07,False,False,3,0.07,False,False,0,0.07,False,False,0
297,1RB1LC_1LA0RE_1LD0LC_1LE0LB_0LF1RA_0RA---,Shift-overflow counter,0.5,False,False,False,0,78,0.32,False,False,False,198,0.31,False,False,False,1,0.07,False,False,2,0.07,False,False,3,0.07,False,False,0,0.07,False,False,0
298,1RB0RA_1RC0RD_1LD1LE_1LF0LC_0LD---_1RA1LD,Shift-overflow counter,0.57,False,False,False,0,106,0.32,False,False,False,128,0.32,False,False,False,0,0.07,False,False,1,0.07,False,False,1,0.07,False,False,0,0.06,False,False,0
299,1RB1RA_1LC1LE_1RA1LD_0LB0LC_1LF0RE_1LB---,Shift-overflow counter,0.34,False,False,False,0,100,0.32,False,False,False,457,0.32,False,False,False,0,0.07,False,False,3,0.07,False,False,4,0.07,False,False,0,0.07,False,False,0
301,1RB0LE_1LC1RD_1LA0LC_1RA1RE_0RF0RB_1LC---,Shift-overflow counter,0.36,False,False,False,0,71,0.31,False,False,False,194,0.31,False,False,False,1,0.07,False,False,1,0.07,False,False,2,0.07,False,False,0,0.07,False,False,0
300,1RB0LE_1LC0RE_0RA0LD_1LA1LF_0LC0RE_0LC---,Shift-overflow counter,0.49,False,False,False,0,50,0.32,False,False,False,182,0.31,False,False,False,0,0.07,False,False,8,0.07,False,False,5,0.07,False,False,0,0.08,False,False,0
304,1RB1LA_1LC1RE_0RD0LC_1LE1RF_1RA0RB_0RD---,Shift-overflow counter,0.4,False,False,False,0,47,0.31,False,False,False,3,0.32,False,False,False,1,0.06,False,False,1,0.07,False,False,2,0.07,False,False,0,0.07,False,False,0
302,1RB1LD_1LC0RD_0LA0RB_0LE1LF_1RF0LC_0RB---,Shift-overflow counter,0.53,False,False,False,0,57,0.32,False,False,False,73,0.32,False,False,False,0,0.07,False,False,5,0.07,False,False,3,0.07,False,False,0,0.07,False,False,0
305,1RB0RC_1RC1LB_1LD1RE_1LB0LD_0RF1RA_1RD---,Shift-overflow counter,0.37,False,False,False,0,50,0.32,False,False,False,2917,0.33,False,False,False,1,0.07,False,False,2,0.07,False,False,1,0.07,False,False,0,0.07,False,False,0
306,1RB0RE_1RC---_1RD1RD_1RE1LD_1LF1RA_1LC0LF,Shift-overflow counter,0.36,False,False,False,0,36,0.31,False,False,False,12,0.31,False,False,False,1,0.08,False,False,1,0.07,False,False,2,0.07,False,False,0,0.06,False,False,0
307,1RB1LD_1RC0RB_1LA1RC_1RE0LA_1LF1LE_1LC---,Shift-overflow counter,0.37,False,False,False,0,43,0.32,False,False,False,17,0.32,False,False,False,0,0.07,False,False,2,0.07,False,False,3,0.07,False,False,0,0.07,False,False,0
308,1RB1LE_1RC0RB_1RD1LF_1LA0LC_1LD0LA_---0RE,Shift-overflow counter,0.36,False,False,False,0,36,0.32,False,False,False,1,0.32,False,False,False,0,0.07,False,False,2,0.07,False,False,3,0.07,False,False,0,0.07,False,False,0
309,1RB0RE_1LC1RD_1LA0LC_1RA0RB_0RF1LC_0RB---,Shift-overflow counter,0.38,False,False,False,0,37,0.32,False,False,False,2,0.32,False,False,False,1,0.07,False,False,2,0.07,False,False,4,0.07,False,False,0,0.07,False,False,0
303,1RB0RC_0LA0LC_1LD0RB_1LE---_1RF0LB_1RA0RF,Shift-overflow counter,1.4,False,False,False,0,193,0.32,False,False,False,1520,0.31,False,False,False,97,0.07,False,False,1,0.07,False,False,1,0.07,False,False,0,0.07,False,False,0
310,1RB0LD_1RC0RB_1LA0RD_1LA0RE_1RF---_0LC0LF,Shift-overflow counter,0.58,False,False,False,0,51,0.32,False,False,False,382,0.31,False,False,False,1,0.07,False,False,5,0.06,False,False,5,0.06,False,False,0,0.07,False,False,0
312,1RB1LB_1LC1RB_1RF1LD_0LE0LC_0RC---_1LA0RF,Shift-overflow counter,0.36,False,False,False,0,47,0.32,False,False,False,1,0.31,False,False,False,0,0.07,False,False,1,0.07,False,False,4,0.07,False,False,0,0.07,False,False,0
314,1RB1RE_1LC1RD_1LA1LC_0RA0RB_1RF0LE_1RA---,Shift-overflow counter,0.31,False,False,False,0,65,0.32,False,False,False,358,0.32,False,False,False,1,0.07,False,False,3,0.07,False,False,4,0.07,False,False,0,0.08,False,False,0
313,1RB0RD_1RC---_1LD1LE_1LE0LC_1RF1LD_1RA0RF,Shift-overflow counter,0.49,False,False,False,0,94,0.32,False,False,False,57,0.32,False,False,False,0,0.07,False,False,0,0.08,False,False,2,0.07,False,False,0,0.07,False,False,0
315,1RB0LA_0RC1RF_0LD1RE_1LA0RB_0RD---_1RA1RD,Shift-overflow counter,0.45,False,False,False,0,28,0.31,False,False,False,34,0.31,False,False,False,0,0.08,False,False,1,0.07,False,False,5,0.08,False,False,0,0.08,False,False,0
317,1RB1LD_1RC0RB_1LA0LE_1LC0LA_0LF1RB_0RB---,Shift-overflow counter,0.36,False,False,False,0,33,0.32,False,False,False,0,0.32,False,False,False,0,0.08,False,False,2,0.07,False,False,2,0.07,False,False,0,0.08,False,False,0
316,1RB0LD_0LC0RE_1LA0RD_0RB1LF_1RC0RF_0RA---,Shift-overflow counter,0.5,False,False,False,0,41,0.32,False,False,False,24,0.32,False,False,False,1,0.07,False,False,1,0.07,False,False,0,0.07,False,False,0,0.08,False,False,0
311,1RB0RA_1RC0RD_0LB0LD_1LE0RC_1LF---_1RA0LC,Shift-overflow counter,1.37,False,False,False,0,214,0.33,False,False,False,1413,0.33,False,False,False,119,0.08,False,False,1,0.07,False,False,2,0.08,False,False,0,0.08,False,False,0
318,1RB---_1LC0RF_0RA0LD_1LE1LA_1RF0LF_0LC0RA,Shift-overflow counter,0.41,False,False,False,0,36,0.33,False,False,False,67,0.32,False,False,False,0,0.1,False,False,4,0.08,False,False,4,0.09,False,False,0,0.08,False,False,0
319,1RB1RF_1RC0RA_1LD1RB_1LE0LD_0RA0LB_0RB---,Shift-overflow counter,0.49,False,False,False,0,91,0.33,False,False,False,93,0.32,False,False,False,2,0.09,False,False,5,0.1,False,False,2,0.09,False,False,0,0.08,False,False,0
320,1RB1RE_1LC1RD_1LA0LC_1RA0RB_1RF0LD_0RD---,Shift-overflow counter,0.39,False,False,False,0,55,0.32,False,False,False,3,0.34,False,False,False,1,0.08,False,False,2,0.09,False,False,5,0.09,False,False,0,0.07,False,False,0
321,1RB0LB_0RC0LD_1LD1RE_0LA0RF_0RD1RB_0RC---,Shift-overflow counter,0.44,False,False,False,0,40,0.16,False,False,False,181,0.35,False,False,False,1,0.09,False,False,3,0.08,False,False,4,0.08,False,False,0,0.08,False,False,0
119,1RB1RA_1LC0RE_1LE0LD_0LB1LB_1RA0LF_1LD---,Unknown,8.64,False,False,False,17,13270,0.37,False,False,False,4958,0.35,False,False,False,910,0.08,False,False,3,0.08,False,False,3,0.08,False,False,0,0.08,False,False,0
323,1RB0RE_1LC1RD_1LA0LC_1RA0RB_1RF1LC_0RC---,Shift-overflow counter,0.37,False,False,False,0,33,0.32,False,False,False,2,0.36,False,False,False,0,0.08,False,False,1,0.08,False,False,3,0.09,False,False,0,0.08,False,False,0
322,1RB0RD_1LC1RE_0LD1LC_1RA0LA_1RF0RC_---1RA,Shift-overflow counter,0.49,False,False,False,0,118,0.36,False,False,False,264,0.35,False,False,False,0,0.08,False,False,2,0.08,False,False,3,0.09,False,False,0,0.07,False,False,0
324,1RB0RE_1LC1RA_1LD0LC_1LA0LA_1RA1RF_0RA---,Shift-overflow counter,0.54,False,False,False,0,88,0.36,False,False,False,98,0.34,False,False,False,1,0.07,False,False,1,0.07,False,False,0,0.07,False,False,0,0.07,False,False,0
325,1RB1RF_1LC0RD_1RE0LD_0RE0LF_0LB0RA_0LC---,Shift-overflow counter,0.46,False,False,False,0,32,0.34,False,False,False,1,0.32,False,False,False,0,0.07,False,False,2,0.07,False,False,1,0.08,False,False,0,0.07,False,False,0
326,1RB1LD_1RC0RB_1LD0RD_1LA0LE_1LD1LF_1LA---,Shift-overflow counter,0.5,False,False,False,0,81,0.35,False,False,False,119,0.33,False,False,False,0,0.07,False,False,7,0.07,False,False,5,0.07,False,False,0,0.07,False,False,0
327,1RB1RF_1LC0RE_1LE1LD_1RE0LC_1RA1RA_1RD---,Shift-overflow counter,0.47,False,False,False,0,155,0.33,False,False,False,151,0.32,False,False,False,1,0.07,False,False,2,0.06,False,False,1,0.06,False,False,0,0.07,False,False,0
328,1RB0RF_1RC0RB_1LD1RA_1LE0LD_1RB0LA_0LD---,Shift-overflow counter,0.5,False,False,False,0,60,0.33,False,False,False,31,0.33,False,False,False,1,0.07,False,False,4,0.07,False,False,5,0.07,False,False,0,0.07,False,False,0
330,1RB1LD_1RC0RB_1LD0RD_1LA0LE_1LD0LF_1RD---,Shift-overflow counter,0.45,False,False,False,0,86,0.33,False,False,False,358,0.31,False,False,False,0,0.07,False,False,4,0.06,False,False,1,0.07,False,False,0,0.07,False,False,0
331,1RB---_1RC0LC_0RD0LE_1LE1RF_0LB0RC_0RE0RA,Shift-overflow counter,0.5,False,False,False,0,39,0.32,False,False,False,228,0.32,False,False,False,1,0.07,False,False,3,0.07,False,False,3,0.07,False,False,0,0.09,False,False,0
332,1RB0RC_1RC1LB_1LD1RA_0LE0LD_1LA1RF_0RE---,Shift-overflow counter,0.37,False,False,False,0,30,0.32,False,False,False,2,0.32,False,False,False,0,0.07,False,False,3,0.07,False,False,1,0.07,False,False,0,0.08,False,False,0
329,1RB0LB_0RC0LD_1LD1RE_0LA0RF_1RB0RD_0RB---,Shift-overflow counter,0.47,False,False,False,0,40,0.48,False,False,False,3303,0.32,False,False,False,1,0.07,False,False,5,0.07,False,False,7,0.07,False,False,0,0.08,False,False,0
334,1RB1LF_1LC0LD_1LD1RC_1RE1LB_0RA0RE_0LA---,Shift-overflow counter,0.37,False,False,False,0,37,0.32,False,False,False,1,0.32,False,False,False,0,0.07,False,False,2,0.09,False,False,3,0.08,False,False,0,0.07,False,False,0
333,1RB0RF_1RC0RA_1LD1RB_1LE0LD_1LB0LB_0RB---,Shift-overflow counter,0.45,False,False,False,0,51,0.31,False,False,False,49,0.32,False,False,False,1,0.08,False,False,1,0.09,False,False,1,0.08,False,False,0,0.07,False,False,0
335,1RB0RE_1LC1RD_1LA0LC_1RA0RB_1RF1LC_1LA---,Shift-overflow counter,0.36,False,False,False,0,31,0.32,False,False,False,2,0.33,False,False,False,0,0.07,False,False,2,0.07,False,False,4,0.07,False,False,0,0.08,False,False,0
336,1RB1LA_1LC1RE_1RA0LD_0LE0LD_1RF0RB_1RC---,Shift-overflow counter,0.37,False,False,False,0,36,0.33,False,False,False,12,0.32,False,False,False,1,0.07,False,False,0,0.07,False,False,1,0.07,False,False,0,0.07,False,False,0
337,1RB---_1RC0RB_1LD1RC_0LF1LE_1LC0LD_0RA1LA,Shift-overflow counter,0.36,False,False,False,0,34,0.32,False,False,False,6,0.34,False,False,False,0,0.08,False,False,1,0.07,False,False,3,0.07,False,False,0,0.07,False,False,0
338,1RB0LB_0RC0LE_1RD0RF_1LB1RB_0LA0RE_1RE---,Shift-overflow counter,0.56,False,False,False,0,50,0.2,False,False,False,181,0.31,False,False,False,0,0.07,False,False,2,0.07,False,False,2,0.07,False,False,0,0.07,False,False,0
339,1RB1RF_1RC0RF_0RD0LC_1LE1RA_1LC---_1RB0RE,Shift-overflow counter,0.43,False,False,False,0,94,0.32,False,False,False,279,0.33,False,False,False,2,0.07,False,False,3,0.07,False,False,3,0.07,False,False,0,0.06,False,False,0
341,1RB---_1LC1RE_1LD0LC_1RB0RF_1RD0RB_1RA1LC,Shift-overflow counter,0.38,False,False,False,0,28,0.33,False,False,False,2,0.33,False,False,False,0,0.07,False,False,4,0.07,False,False,3,0.07,False,False,0,0.07,False,False,0
343,1RB---_1LC0LB_1RE0RD_0RA1LB_1LB1RF_1RC0RE,Shift-overflow counter,0.41,False,False,False,0,50,0.32,False,False,False,3,0.32,False,False,False,1,0.07,False,False,2,0.07,False,False,2,0.07,False,False,0,0.07,False,False,0
340,1RB0LF_0LC---_0LA0RD_1RE0LC_1LA0RC_1LD0LB,Shift-overflow counter,0.61,False,False,False,0,44,0.32,False,False,False,8,0.32,False,False,False,0,0.07,False,False,2,0.07,False,False,2,0.07,False,False,0,0.07,False,False,0
342,1RB0RE_1LC0LE_1LD0LC_1RA0LA_1RA1RF_1RA---,Shift-overflow counter,0.46,False,False,False,0,88,0.32,False,False,False,608,0.32,False,False,False,1,0.07,False,False,1,0.07,False,False,2,0.08,False,False,0,0.07,False,False,0
344,1RB0LE_0LC0RA_1LE0RD_0RB---_0LF0LD_1LA0LF,Shift-overflow counter,0.49,False,False,False,0,43,0.32,False,False,False,552,0.31,False,False,False,0,0.08,False,False,4,0.07,False,False,2,0.07,False,False,0,0.07,False,False,0
345,1RB0RE_1LC1RA_1LD0LC_1LA0LA_1RA0RF_0RA---,Shift-overflow counter,0.53,False,False,False,0,67,0.32,False,False,False,142,0.32,False,False,False,1,0.07,False,False,1,0.06,False,False,1,0.07,False,False,0,0.07,False,False,0
348,1RB0LE_0LC0RB_1RD1LD_1RA1LF_0LB1LE_---1LB,Shift-overflow counter,0.27,False,False,False,0,46,0.32,False,False,False,89,0.32,False,False,False,0,0.07,False,False,3,0.07,False,False,2,0.07,False,False,0,0.07,False,False,0
347,1RB0RE_1LC1RD_1LA0LC_1RA0RB_1RF1LC_0LC---,Shift-overflow counter,0.38,False,False,False,0,46,0.32,False,False,False,2,0.35,False,False,False,1,0.07,False,False,2,0.07,False,False,4,0.08,False,False,0,0.07,False,False,0
346,1RB1LD_1RC0RB_1LD0RD_1LA0LE_1LD1LF_0LD---,Shift-overflow counter,0.58,False,False,False,0,93,0.32,False,False,False,146,0.32,False,False,False,0,0.07,False,False,1,0.07,False,False,4,0.07,False,False,0,0.07,False,False,0
349,1RB0RB_1LC0LE_1RD1LB_1RA0RD_1LB1LF_0LA---,Shift-overflow counter,0.47,False,False,False,0,80,0.33,False,False,False,281,0.31,False,False,False,0,0.07,False,False,7,0.07,False,False,4,0.07,False,False,0,0.07,False,False,0
350,1RB0RF_1LC1LF_1RD1LC_---1RE_0RC1RF_1RA0LB,Shift-overflow counter,0.34,False,False,False,0,77,0.32,False,False,False,115,0.32,False,False,False,1,0.07,False,False,5,0.07,False,False,3,0.08,False,False,0,0.07,False,False,0
352,1RB0LB_0RC0LD_1LD1RE_0LA0RB_0RD0RF_0LA---,Shift-overflow counter,0.45,False,False,False,0,40,0.22,False,False,False,747,0.32,False,False,False,1,0.07,False,False,2,0.07,False,False,2,0.08,False,False,0,0.08,False,False,0
351,1RB0RE_0LC0RB_1RA1LD_1LE1RE_1LB0LF_---1LC,Shift-overflow counter,0.38,False,False,False,0,35,0.32,False,False,False,4,0.32,False,False,False,0,0.07,False,False,3,0.08,False,False,1,0.07,False,False,0,0.08,False,False,0
353,1RB0LB_0RC0LD_1LD1RE_0LA0RB_0RD1RF_1RA---,Shift-overflow counter,0.58,False,False,False,0,80,0.16,False,False,False,456,0.32,False,False,False,198,0.08,False,False,2,0.08,False,False,3,0.07,False,False,0,0.08,False,False,0
354,1RB---_1RC0LF_1RD1RD_1RE1RA_1LF0RC_1LC1LB,Shift-overflow counter,0.44,False,False,False,0,148,0.32,False,False,False,390,0.33,False,False,False,2,0.08,False,False,1,0.08,False,False,2,0.07,False,False,0,0.07,False,False,0
355,1RB0RB_1LC0LE_1RD1LB_1RA0RD_1LB1LF_1LE---,Shift-overflow counter,0.47,False,False,False,0,80,0.32,False,False,False,281,0.32,False,False,False,0,0.08,False,False,7,0.07,False,False,3,0.07,False,False,0,0.07,False,False,0
356,1RB0LE_1LC0RE_0RA0LD_1LA0LF_0LC0RA_0RE---,Shift-overflow counter,0.52,False,False,False,0,51,0.33,False,False,False,139,0.33,False,False,False,0,0.07,False,False,5,0.07,False,False,2,0.08,False,False,0,0.08,False,False,0
358,1RB1LD_1RC0RB_1LA0LE_1LC0LA_0LF1RB_0LA---,Shift-overflow counter,0.39,False,False,False,0,50,0.33,False,False,False,1,0.33,False,False,False,0,0.09,False,False,2,0.08,False,False,2,0.09,False,False,0,0.08,False,False,0
359,1RB0LA_1RC---_1RD1RA_1LE1RF_1LC1LE_0RC0RD,Shift-overflow counter,0.37,False,False,False,0,68,0.34,False,False,False,121,0.34,False,False,False,1,0.08,False,False,3,0.08,False,False,5,0.08,False,False,0,0.07,False,False,0
357,1RB1RF_1RC0RA_1LD1RB_1LE0LD_1RB0LB_1RA---,Shift-overflow counter,0.49,False,False,False,0,100,0.4,False,False,False,1360,0.33,False,False,False,1,0.08,False,False,2,0.09,False,False,5,0.08,False,False,0,0.08,False,False,0
360,1RB0RF_1LC1RE_1LD0LC_0LE0RE_1RA1LD_1RB---,Shift-overflow counter,0.46,False,False,False,0,61,0.34,False,False,False,34,0.34,False,False,False,1,0.07,False,False,3,0.07,False,False,5,0.07,False,False,0,0.07,False,False,0
361,1RB0RC_1RC0RA_1LD1RA_0LE0LD_1RF0RC_1RE---,Shift-overflow counter,0.38,False,False,False,0,27,0.34,False,False,False,2,0.34,False,False,False,1,0.07,False,False,4,0.07,False,False,4,0.07,False,False,0,0.07,False,False,0
362,1RB1LA_1LC1RD_1LA0LC_1RE0RB_1RF1LC_1RA---,Shift-overflow counter,0.37,False,False,False,0,53,0.33,False,False,False,22,0.32,False,False,False,1,0.07,False,False,4,0.07,False,False,0,0.08,False,False,0,0.07,False,False,0
363,1RB0RE_1RC0RB_0RD0RF_0LE---_1LF1LE_1LA0LE,Shift-overflow counter,0.46,False,False,False,0,86,0.34,False,False,False,315,0.32,False,False,False,0,0.07,False,False,2,0.07,False,False,4,0.07,False,False,0,0.07,False,False,0
364,1RB1LC_0RC0RB_1LD0LA_1LE---_1LF0LA_1LA0LB,Shift-overflow counter,0.39,False,False,False,0,37,0.34,False,False,False,28,0.32,False,False,False,0,0.07,False,False,0,0.07,False,False,1,0.07,False,False,0,0.07,False,False,0
365,1RB1LD_1RC0RB_0RD0RD_1LE0LF_1LA0LE_0RB---,Shift-overflow counter,0.47,False,False,False,0,59,0.33,False,False,False,49,0.32,False,False,False,0,0.07,False,False,6,0.07,False,False,5,0.07,False,False,0,0.07,False,False,0
366,1RB1LD_1RC0RB_1LA0LE_1LC0LA_0LF1RB_1LD---,Shift-overflow counter,0.4,False,False,False,0,48,0.32,False,False,False,1,0.33,False,False,False,0,0.07,False,False,2,0.07,False,False,2,0.07,False,False,0,0.07,False,False,0
368,1RB1LE_1RC1LD_1RD0LF_0LA0RD_---1LB_0LD1LF,Shift-overflow counter,0.28,False,False,False,0,49,0.32,False,False,False,14,0.32,False,False,False,0,0.07,False,False,0,0.07,False,False,4,0.07,False,False,0,0.07,False,False,0
367,1RB0RB_1LC0LE_1RD1LB_1RA0RD_1LB1LF_0LB---,Shift-overflow counter,0.47,False,False,False,0,76,0.33,False,False,False,80,0.32,False,False,False,0,0.07,False,False,0,0.07,False,False,1,0.07,False,False,0,0.07,False,False,0
369,1RB0LB_0RC0LE_1RD---_1LB0RE_0RF0LA_1LA0RC,Shift-overflow counter,0.44,False,False,False,0,44,0.26,False,False,False,181,0.32,False,False,False,0,0.07,False,False,2,0.07,False,False,2,0.07,False,False,0,0.07,False,False,0
370,1RB1LE_1RC0RB_1LD0RE_1LA0LD_1LD0LF_0RB---,Shift-overflow counter,0.43,False,False,False,0,56,0.32,False,False,False,45,0.32,False,False,False,0,0.07,False,False,5,0.07,False,False,5,0.08,False,False,0,0.07,False,False,0
371,1RB1LA_1LC1RD_1LA0LC_1RE0RB_1RB0RF_0RB---,Shift-overflow counter,0.37,False,False,False,0,31,0.32,False,False,False,2,0.33,False,False,False,0,0.08,False,False,1,0.07,False,False,5,0.07,False,False,0,0.07,False,False,0
372,1RB---_1RC0LC_0RD0LE_1LE1RF_0LB0RC_0RE1RA,Shift-overflow counter,0.56,False,False,False,0,77,0.33,False,False,False,2418,0.33,False,False,False,317,0.07,False,False,4,0.07,False,False,2,0.07,False,False,0,0.07,False,False,0
373,1RB1LD_1RC0RB_1LA0LE_1LC0LA_1LF1RB_1LB---,Shift-overflow counter,0.38,False,False,False,0,38,0.32,False,False,False,1,0.34,False,False,False,0,0.08,False,False,2,0.07,False,False,2,0.07,False,False,0,0.06,False,False,0
374,1RB1RF_1RC0RA_1LD1RB_1LE0LD_1RB0LB_1RE---,Shift-overflow counter,0.48,False,False,False,0,100,0.42,False,False,False,1360,0.32,False,False,False,1,0.07,False,False,2,0.07,False,False,5,0.07,False,False,0,0.07,False,False,0
375,1RB0LD_0LC0RE_1LA0RD_0RB0LF_1RC1LA_0RB---,Shift-overflow counter,0.53,False,False,False,0,52,0.33,False,False,False,388,0.32,False,False,False,1,0.06,False,False,0,0.07,False,False,1,0.07,False,False,0,0.07,False,False,0
376,1RB0LE_1LC0RE_0RA0LD_1LA0LF_0LC0RE_0LB---,Shift-overflow counter,0.5,False,False,False,0,41,0.32,False,False,False,3,0.32,False,False,False,0,0.07,False,False,6,0.07,False,False,5,0.07,False,False,0,0.07,False,False,0
377,1RB---_0RC1LF_0RD1RB_1LE1RC_0LB0LE_0LE0LA,Shift-overflow counter,0.52,False,False,False,0,79,0.22,False,False,False,89,0.32,False,False,False,18,0.07,False,False,1,0.07,False,False,2,0.07,False,False,0,0.07,False,False,0
378,1RB1LC_1LA1RE_0RD0LA_---1LB_1LD0RF_0RE1RB,Shift-overflow counter,0.54,False,False,False,0,124,0.33,False,False,False,127,0.32,False,False,False,0,0.07,False,False,2,0.07,False,False,2,0.07,False,False,0,0.07,False,False,0
380,1RB0LB_0RC0LD_1LD1RE_0LA0RB_0RD0RF_1RD---,Shift-overflow counter,0.51,False,False,False,0,36,0.33,False,False,False,38,0.32,False,False,False,1,0.07,False,False,3,0.07,False,False,2,0.07,False,False,0,0.07,False,False,0
381,1RB1LC_0RC0RB_1LD0LA_1LE---_1LF1RA_1LA1LA,Shift-overflow counter,0.37,False,False,False,0,64,0.32,False,False,False,4,0.31,False,False,False,0,0.07,False,False,1,0.07,False,False,1,0.07,False,False,0,0.07,False,False,0
379,1RB1LF_0RC0RB_0LD1RB_1LE0LB_0LA1LC_0LB---,Shift-overflow counter,0.69,False,False,False,0,72,0.32,False,False,False,550,0.32,False,False,False,0,0.07,False,False,2,0.07,False,False,4,0.07,False,False,0,0.08,False,False,0
382,1RB1RE_0LC1RD_1LD0LD_1RA1LC_1RF0RA_---0RA,Shift-overflow counter,0.32,False,False,False,0,140,0.35,False,False,False,4612,0.32,False,False,False,0,0.07,False,False,2,0.07,False,False,2,0.08,False,False,0,0.07,False,False,0
383,1RB1LA_1LC1RD_1LA0LC_1RE0RB_1RF0RB_1RA---,Shift-overflow counter,0.35,False,False,False,0,36,0.32,False,False,False,24,0.33,False,False,False,1,0.06,False,False,1,0.07,False,False,0,0.07,False,False,0,0.07,False,False,0
384,1RB1LA_1LC1RD_1LA0LC_1RE0RB_1RF1LA_1RA---,Shift-overflow counter,0.37,False,False,False,0,36,0.32,False,False,False,14,0.32,False,False,False,1,0.07,False,False,1,0.07,False,False,1,0.07,False,False,0,0.07,False,False,0
385,1RB0LB_0RC0LE_1RD0RF_1LB1RB_0LA1RB_1RE---,Shift-overflow counter,0.56,False,False,False,0,50,0.19,False,False,False,181,0.32,False,False,False,1,0.07,False,False,0,0.07,False,False,0,0.08,False,False,0,0.07,False,False,0
388,1RB0RE_1LC1RA_1LD0LC_1LA0LA_1RA1RF_0RD---,Shift-overflow counter,0.39,False,False,False,0,66,0.33,False,False,False,20,0.32,False,False,False,1,0.07,False,False,8,0.07,False,False,5,0.07,False,False,0,0.07,False,False,0
386,1RB0LE_1LC0RE_0RA0LD_1LA1LF_0LC0RE_1LA---,Shift-overflow counter,0.51,False,False,False,0,53,0.33,False,False,False,69,0.32,False,False,False,0,0.08,False,False,6,0.07,False,False,3,0.07,False,False,0,0.07,False,False,0
387,1RB0LE_1LC0RE_0RA0LD_1LA1LF_0LC0RA_0LE---,Shift-overflow counter,0.45,False,False,False,0,45,0.33,False,False,False,328,0.33,False,False,False,0,0.08,False,False,4,0.07,False,False,1,0.07,False,False,0,0.07,False,False,0
389,1RB0LE_1LC0RE_0RA0LD_1LA1LF_0LC0RE_1LE---,Shift-overflow counter,0.41,False,False,False,0,36,0.32,False,False,False,45,0.32,False,False,False,0,0.07,False,False,6,0.07,False,False,5,0.07,False,False,0,0.08,False,False,0
390,1RB1RF_1LC1RE_0LD0LC_1RD0RB_1RA0RB_1RA---,Shift-overflow counter,0.38,False,False,False,0,35,0.32,False,False,False,2,0.33,False,False,False,0,0.07,False,False,2,0.07,False,False,2,0.07,False,False,0,0.08,False,False,0
391,1RB1LE_0RC0RB_1RD1RF_1LA0LE_0LD0LB_---0RD,Shift-overflow counter,0.4,False,False,False,0,87,0.33,False,False,False,1767,0.33,False,False,False,19,0.07,False,False,1,0.07,False,False,2,0.08,False,False,0,0.08,False,False,0
392,1RB1LD_1RC0RB_1LA1RC_1LF1LE_0RC0LA_1LC---,Shift-overflow counter,0.35,False,False,False,0,85,0.33,False,False,False,20,0.33,False,False,False,0,0.08,False,False,6,0.08,False,False,5,0.07,False,False,0,0.07,False,False,0
393,1RB0RA_0RC0LE_1LC0LD_1RA1LF_---1LD_1LD1LB,Shift-overflow counter,0.39,False,False,False,0,44,0.32,False,False,False,0,0.32,False,False,False,0,0.08,False,False,2,0.08,False,False,3,0.07,False,False,0,0.08,False,False,0
394,1RB0LE_1LC0RE_0RA0LD_1LA1LF_0LC0RA_0LB---,Shift-overflow counter,0.43,False,False,False,0,42,0.33,False,False,False,112,0.32,False,False,False,0,0.07,False,False,6,0.07,False,False,0,0.07,False,False,0,0.08,False,False,0
395,1RB0LB_0RC0LD_1LD1RE_0LA0RB_0RD0RF_0RA---,Shift-overflow counter,0.57,False,False,False,0,81,0.16,False,False,False,456,0.33,False,False,False,198,0.07,False,False,1,0.08,False,False,3,0.07,False,False,0,0.08,False,False,0
396,1RB1LD_1RC0RB_1LA0LE_1LC0LA_0LF1RB_1LC---,Shift-overflow counter,0.37,False,False,False,0,39,0.33,False,False,False,2,0.32,False,False,False,0,0.07,False,False,2,0.06,False,False,2,0.08,False,False,0,0.07,False,False,0
397,1RB0RF_1LC1RE_0LD0LC_1RD0RB_1RA0RB_0LC---,Shift-overflow counter,0.38,False,False,False,0,37,0.34,False,False,False,2,0.34,False,False,False,0,0.08,False,False,1,0.08,False,False,1,0.07,False,False,0,0.07,False,False,0
399,1RB0LC_1LC0LD_1LE1LA_---1RA_1RF1LB_1RD0RF,Shift-overflow counter,0.37,False,False,False,0,50,0.33,False,False,False,1,0.34,False,False,False,0,0.08,False,False,2,0.07,False,False,2,0.07,False,False,0,0.07,False,False,0
398,1RB0LB_0RC0LD_1LD1RE_0LA0RB_0RD0RF_1RA---,Shift-overflow counter,0.54,False,False,False,0,46,0.39,False,False,False,812,0.33,False,False,False,1,0.08,False,False,2,0.07,False,False,4,0.07,False,False,0,0.07,False,False,0
402,1RB0RF_1LC1RE_0LD0LC_1RD0RB_1RA0RB_1RC---,Shift-overflow counter,0.38,False,False,False,0,45,0.34,False,False,False,4,0.34,False,False,False,1,0.07,False,False,2,0.07,False,False,4,0.07,False,False,0,0.07,False,False,0
401,1RB0RA_1LC1RE_1RD0LC_0LE0RF_1RA1LD_---1RD,Shift-overflow counter,0.46,False,False,False,0,60,0.33,False,False,False,22,0.34,False,False,False,1,0.07,False,False,6,0.07,False,False,3,0.08,False,False,0,0.07,False,False,0
400,1RB0RA_1LC0RE_1LD0LC_1RA1LE_1LC0LF_0RA---,Shift-overflow counter,0.52,False,False,False,0,65,0.34,False,False,False,7,0.33,False,False,False,0,0.07,False,False,5,0.07,False,False,5,0.07,False,False,0,0.07,False,False,0
403,1RB1LD_1RC0RB_1LA1LE_1LC0LA_1LF0RD_0LB---,Shift-overflow counter,0.4,False,False,False,0,33,0.33,False,False,False,1,0.34,False,False,False,0,0.07,False,False,3,0.07,False,False,4,0.08,False,False,0,0.07,False,False,0
404,1RB1RE_1RC1LB_1RD1RA_1LB---_1LF0RC_1RD0LF,Shift-overflow counter,0.34,False,False,False,0,58,0.33,False,False,False,9,0.33,False,False,False,1,0.07,False,False,1,0.07,False,False,3,0.07,False,False,0,0.07,False,False,0
405,1RB1LA_1LB1RC_0RD0RB_1LE0RF_0LE1LA_0RC---,Shift-overflow counter,0.37,False,False,False,0,30,0.33,False,False,False,3,0.32,False,False,False,1,0.07,False,False,2,0.07,False,False,3,0.07,False,False,0,0.07,False,False,0
406,1RB1LC_1RC0LF_0LD0RC_1RA1LE_---1LA_0LC1LF,Shift-overflow counter,0.31,False,False,False,0,44,0.33,False,False,False,17,0.34,False,False,False,0,0.07,False,False,2,0.07,False,False,2,0.07,False,False,0,0.08,False,False,0
408,1RB1RE_1LC1RD_1LA0LC_1RA0RB_1RF0LD_1LD---,Shift-overflow counter,0.38,False,False,False,0,49,0.33,False,False,False,5,0.34,False,False,False,1,0.07,False,False,2,0.07,False,False,4,0.07,False,False,0,0.07,False,False,0
409,1RB1LD_1RC0RB_1LA0LE_1LF0LA_0LD1RB_1LC---,Shift-overflow counter,0.39,False,False,False,0,32,0.33,False,False,False,11,0.33,False,False,False,0,0.07,False,False,2,0.07,False,False,4,0.07,False,False,0,0.06,False,False,0
407,1RB0RF_1LC0LF_1LD0LC_0LE0LA_1LF---_1RA1RF,Shift-overflow counter,0.59,False,False,False,0,87,0.33,False,False,False,126,0.33,False,False,False,1,0.07,False,False,1,0.07,False,False,1,0.07,False,False,0,0.07,False,False,0
410,1RB0LC_1LC0RB_0LE1LD_1LB1LA_0RA1LF_0LA---,Shift-overflow counter,0.45,False,False,False,0,27,0.32,False,False,False,104,0.33,False,False,False,0,0.07,False,False,4,0.07,False,False,3,0.07,False,False,0,0.07,False,False,0
411,1RB1LD_1RC0RB_1LA1LE_1LC0LA_0LF0RD_0RA---,Shift-overflow counter,0.37,False,False,False,0,30,0.33,False,False,False,0,0.32,False,False,False,0,0.07,False,False,3,0.07,False,False,4,0.07,False,False,0,0.07,False,False,0
413,1RB---_1RC1LF_1LD1RE_1LB0LD_1RA0RC_1RC0LE,Shift-overflow counter,0.37,False,False,False,1,51,0.33,False,False,False,20,0.33,False,False,False,1,0.07,False,False,1,0.07,False,False,3,0.07,False,False,0,0.07,False,False,0
412,1RB0RE_1LC1RD_1LA0LC_1RA0RB_1RF1LC_1RC---,Shift-overflow counter,0.39,False,False,False,0,30,0.33,False,False,False,3,0.33,False,False,False,1,0.07,False,False,3,0.07,False,False,5,0.08,False,False,0,0.07,False,False,0
414,1RB1LA_1LC1RE_0RD0LC_1LE1RF_1RA0RB_1RD---,Shift-overflow counter,0.4,False,False,False,0,45,0.32,False,False,False,7,0.32,False,False,False,1,0.07,False,False,2,0.07,False,False,2,0.08,False,False,0,0.07,False,False,0
415,1RB1RA_1RC0RA_1LD0LA_1LE0LD_1LF0LB_1RE---,Shift-overflow counter,0.4,False,False,False,0,58,0.32,False,False,False,12,0.32,False,False,False,1,0.07,False,False,3,0.08,False,False,4,0.08,False,False,0,0.07,False,False,0
416,1RB1LF_1RC0RB_1RD0RF_1RE---_1LF1LE_1LA0LE,Shift-overflow counter,0.41,False,False,False,0,93,0.35,False,False,False,758,0.33,False,False,False,0,0.07,False,False,1,0.07,False,False,0,0.07,False,False,0,0.07,False,False,0
417,1RB---_1LC0LB_1RF1RD_1RA0LE_1RC0RF_1LB1RE,Shift-overflow counter,0.37,False,False,False,0,40,0.32,False,False,False,2,0.33,False,False,False,1,0.07,False,False,2,0.07,False,False,4,0.07,False,False,0,0.07,False,False,0
419,1RB---_1LC1RF_0LE0RD_0RB0LC_1RD0LD_0RC0RA,Shift-overflow counter,0.45,False,False,False,0,59,0.22,False,False,False,193,0.33,False,False,False,1,0.07,False,False,5,0.07,False,False,3,0.07,False,False,0,0.07,False,False,0
418,1RB---_1RC0RF_1LD1RB_1LE0LD_1RB0LB_1RB1RA,Shift-overflow counter,0.4,False,False,False,0,61,0.33,False,False,False,12,0.32,False,False,False,1,0.07,False,False,6,0.07,False,False,4,0.07,False,False,0,0.07,False,False,0
421,1RB0LB_0RC0LD_1LD1RE_0LA0RF_0RD1RF_0RC---,Shift-overflow counter,0.46,False,False,False,0,40,0.16,False,False,False,181,0.32,False,False,False,1,0.07,False,False,3,0.07,False,False,3,0.07,False,False,0,0.07,False,False,0
420,1RB0LF_1LC1RC_0RA0LD_0LE1RE_0RF0LC_1RC---,Shift-overflow counter,0.51,False,False,False,0,54,0.32,False,False,False,312,0.32,False,False,False,1,0.07,False,False,5,0.07,False,False,3,0.07,False,False,0,0.07,False,False,0
424,1RB0RE_1LC1RA_1LD0LC_1RA0LA_1RA1RF_1RE---,Shift-overflow counter,0.41,False,False,False,0,96,0.34,False,False,False,171,0.33,False,False,False,1,0.07,False,False,8,0.07,False,False,6,0.07,False,False,0,0.07,False,False,0
422,1RB0RC_1LC1LF_1LD0LB_1RE1LC_1RA0RE_0LC---,Shift-overflow counter,0.51,False,False,False,0,75,0.33,False,False,False,101,0.33,False,False,False,0,0.07,False,False,1,0.07,False,False,1,0.07,False,False,0,0.07,False,False,0
425,1RB1LD_1RC0RB_1LD1RC_1LF1LE_0LB0LD_1LA---,Shift-overflow counter,0.37,False,False,False,0,28,0.33,False,False,False,4,0.33,False,False,False,0,0.08,False,False,2,0.07,False,False,0,0.07,False,False,0,0.07,False,False,0
426,1RB1LF_1LC0LD_1LD1RC_1RE1LB_0LA0RE_1LA---,Shift-overflow counter,0.38,False,False,False,0,29,0.32,False,False,False,1,0.33,False,False,False,0,0.07,False,False,0,0.07,False,False,2,0.07,False,False,0,0.07,False,False,0
423,1RB0RE_1LC1RA_1LD0LC_1RA0LA_1RA1RF_0LB---,Shift-overflow counter,0.45,False,False,False,0,81,0.33,False,False,False,311,0.33,False,False,False,1,0.07,False,False,8,0.08,False,False,6,0.07,False,False,0,0.07,False,False,0
427,1RB1LD_1RC0RB_1LA1RC_1LE0LE_1LF1LD_1LC---,Shift-overflow counter,0.38,False,False,False,0,52,0.33,False,False,False,43,0.32,False,False,False,0,0.07,False,False,2,0.07,False,False,2,0.07,False,False,0,0.07,False,False,0
428,1RB1RB_1RC1LB_1LD1RE_1LA0LD_1RF0RC_1RA---,Shift-overflow counter,0.38,False,False,False,0,33,0.32,False,False,False,49,0.32,False,False,False,1,0.07,False,False,1,0.07,False,False,2,0.07,False,False,0,0.07,False,False,0
429,1RB1RA_1RC---_1RD1LC_1LE1RF_1LC0LE_1LA0RD,Shift-overflow counter,0.37,False,False,False,0,51,0.32,False,False,False,9,0.32,False,False,False,1,0.07,False,False,1,0.07,False,False,1,0.07,False,False,0,0.07,False,False,0
430,1RB0RA_0RC0RE_0LD---_1LE1LD_1LF0LD_1RA0RD,Shift-overflow counter,0.41,False,False,False,0,64,0.33,False,False,False,136,0.32,False,False,False,0,0.07,False,False,1,0.07,False,False,2,0.08,False,False,0,0.07,False,False,0
431,1RB0LB_0RC---_1RD0RC_1LE1RD_0LA1LF_1LD0LE,Shift-overflow counter,0.35,False,False,False,0,52,0.33,False,False,False,20,0.33,False,False,False,0,0.07,False,False,4,0.08,False,False,4,0.07,False,False,0,0.07,False,False,0
432,1RB1RF_1RC0RA_1LD1RB_1LE0LD_1LB0LB_0RB---,Shift-overflow counter,0.43,False,False,False,0,85,0.32,False,False,False,32,0.33,False,False,False,1,0.07,False,False,2,0.07,False,False,2,0.07,False,False,0,0.07,False,False,0
437,1RB1LC_1LA0LF_1LD0LA_1RE0LB_1LB0RE_---1RA,Shift-overflow counter,0.38,False,False,False,0,47,0.32,False,False,False,25,0.34,False,False,False,0,0.08,False,False,3,0.07,False,False,3,0.07,False,False,0,0.07,False,False,0
434,1RB0RA_1LC0RC_1LE0LD_1LC1LF_1RA1LC_1LB---,Shift-overflow counter,0.39,False,False,False,0,58,0.33,False,False,False,31,0.33,False,False,False,0,0.08,False,False,1,0.07,False,False,5,0.08,False,False,0,0.08,False,False,0
435,1RB1LD_1RC0RB_1LA1LE_1LC0LA_0LF0RD_0LA---,Shift-overflow counter,0.4,False,False,False,0,49,0.32,False,False,False,1,0.33,False,False,False,0,0.07,False,False,3,0.07,False,False,4,0.07,False,False,0,0.08,False,False,0
436,1RB0RF_1RC1LB_1LD1RE_1LB0LD_1RF0RC_1RA---,Shift-overflow counter,0.39,False,False,False,0,27,0.32,False,False,False,72,0.33,False,False,False,1,0.08,False,False,2,0.07,False,False,1,0.08,False,False,0,0.08,False,False,0
433,1RB0LC_0LC---_1LA0RD_1LE1RD_1LF1RC_1RD0LA,Shift-overflow counter,0.44,False,False,False,0,100,0.33,False,False,False,137,0.34,False,False,False,0,0.08,False,False,0,0.07,False,False,2,0.08,False,False,0,0.08,False,False,0
438,1RB1LE_0RC0RB_1LD0LA_1LC---_1LF0LA_1LA0LE,Shift-overflow counter,0.36,False,False,False,0,42,0.33,False,False,False,1,0.34,False,False,False,0,0.08,False,False,5,0.07,False,False,3,0.08,False,False,0,0.07,False,False,0
439,1RB1LD_1LC0RE_1LA1RC_0LC0LA_0RF0RC_---0RB,Shift-overflow counter,0.48,False,False,False,0,63,0.33,False,False,False,5,0.33,False,False,False,0,0.08,False,False,4,0.08,False,False,1,0.09,False,False,0,0.08,False,False,0
440,1RB1RF_1LC1RE_0LD0LC_1RD0RB_1RA0RB_1RE---,Shift-overflow counter,0.38,False,False,False,0,35,0.34,False,False,False,2,0.35,False,False,False,0,0.08,False,False,6,0.07,False,False,3,0.07,False,False,0,0.06,False,False,0
441,1RB0RE_1LC0RA_0RA0LD_1LE---_1RF0LF_0LC0RA,Shift-overflow counter,0.47,False,False,False,0,39,0.34,False,False,False,187,0.33,False,False,False,0,0.07,False,False,1,0.07,False,False,2,0.07,False,False,0,0.07,False,False,0
442,1RB---_1RC1RF_1LD1RE_1LB1LD_0RB0RC_1RA0LF,Shift-overflow counter,0.4,False,False,False,0,104,0.34,False,False,False,161,0.35,False,False,False,2,0.07,False,False,2,0.07,False,False,6,0.07,False,False,0,0.07,False,False,0
443,1RB1RF_1RC0RA_1LD1RB_1LE0LD_1LA0LB_0RB---,Shift-overflow counter,0.51,False,False,False,0,74,0.33,False,False,False,117,0.33,False,False,False,1,0.07,False,False,0,0.07,False,False,2,0.07,False,False,0,0.07,False,False,0
445,1RB1RE_1RC0LA_0RD0RC_1LE0LB_1LF---_1RC1LD,Shift-overflow counter,0.36,False,False,False,0,49,0.34,False,False,False,7,0.32,False,False,False,0,0.06,False,False,1,0.07,False,False,1,0.07,False,False,0,0.07,False,False,0
448,1RB0RA_1LC0RC_1LE0LD_1LC1LF_1RA1LC_1LD---,Shift-overflow counter,0.4,False,False,False,0,58,0.33,False,False,False,31,0.33,False,False,False,0,0.07,False,False,1,0.07,False,False,5,0.07,False,False,0,0.07,False,False,0
447,1RB1LA_1LA1RC_1RD0RB_1LE1LD_---1LF_1RA0LF,Shift-overflow counter,0.46,False,False,False,0,42,0.33,False,False,False,19,0.33,False,False,False,1,0.07,False,False,3,0.07,False,False,2,0.08,False,False,0,0.07,False,False,0
446,1RB0LE_1LC0RE_0RA0LD_1LA1LF_0LC0RA_1LB---,Shift-overflow counter,0.51,False,False,False,0,41,0.32,False,False,False,3,0.33,False,False,False,0,0.07,False,False,5,0.07,False,False,2,0.08,False,False,0,0.07,False,False,0
444,1RB---_1LC1LB_1LD0LB_1RE1LC_1RF0RE_1RA0RC,Shift-overflow counter,0.63,False,False,False,0,87,0.33,False,False,False,529,0.32,False,False,False,0,0.08,False,False,3,0.07,False,False,1,0.07,False,False,0,0.07,False,False,0
450,1RB1LD_0RC0RB_0LD1RE_0LA1LC_0RB0RF_1LC---,Shift-overflow counter,0.5,False,False,False,0,82,0.32,False,False,False,160,0.33,False,False,False,12,0.07,False,False,1,0.07,False,False,9,0.07,False,False,0,0.07,False,False,0
449,1RB0RF_1LC1RA_1LD0LC_1LE0LA_1LF---_1RA1RB,Shift-overflow counter,0.44,False,False,False,0,94,0.75,False,False,False,470,0.33,False,False,False,1,0.07,False,False,1,0.07,False,False,2,0.07,False,False,0,0.07,False,False,0
451,1RB1LD_1RC0RB_1LA1LE_1LC0LA_0LF0RD_1RC---,Shift-overflow counter,0.4,False,False,False,0,49,0.32,False,False,False,1,0.33,False,False,False,0,0.07,False,False,3,0.07,False,False,4,0.07,False,False,0,0.07,False,False,0
453,1RB0RA_1LC1RB_1LF1LD_1RE0LC_---1RD_1RA1LC,Shift-overflow counter,0.31,False,False,False,0,38,0.32,False,False,False,0,0.33,False,False,False,0,0.08,False,False,9,0.07,False,False,4,0.07,False,False,0,0.07,False,False,0
454,1RB1LB_1RC1LE_1RD0LF_0LA0RD_---1LD_0LD1LF,Shift-overflow counter,0.27,False,False,False,0,49,0.33,False,False,False,14,0.32,False,False,False,0,0.07,False,False,1,0.07,False,False,5,0.07,False,False,0,0.07,False,False,0
452,1RB0RA_1RC0RE_1RD---_1LE1LD_1LF0LD_1RA1LE,Shift-overflow counter,0.49,False,False,False,0,112,0.33,False,False,False,330,0.32,False,False,False,0,0.07,False,False,2,0.07,False,False,4,0.07,False,False,0,0.07,False,False,0
455,1RB0LB_0RC0LF_1LD1RE_0LA0RB_0RD0RF_0LA---,Shift-overflow counter,0.44,False,False,False,0,40,0.23,False,False,False,747,0.32,False,False,False,1,0.07,False,False,2,0.07,False,False,2,0.07,False,False,0,0.07,False,False,0
456,1RB1LD_1RC0RB_1LA0RE_1LC1LE_1LF0LA_0RE---,Shift-overflow counter,0.36,False,False,False,0,81,0.32,False,False,False,197,0.32,False,False,False,0,0.07,False,False,3,0.07,False,False,3,0.07,False,False,0,0.07,False,False,0
458,1RB1RF_0LC1LF_---1LD_1LE0LD_1RA0RC_1RE0RA,Shift-overflow counter,0.37,False,False,False,0,31,0.32,False,False,False,2,0.33,False,False,False,0,0.08,False,False,1,0.07,False,False,1,0.07,False,False,0,0.07,False,False,0
457,1RB---_1LC0LF_1RD1LB_1RE0RD_1LB0RB_1LB0LA,Shift-overflow counter,0.54,False,False,False,0,65,0.34,False,False,False,230,0.32,False,False,False,0,0.07,False,False,6,0.07,False,False,3,0.07,False,False,0,0.07,False,False,0
459,1RB0RE_1LC1RA_1LD0LC_0RE0LA_1RA1RF_0RA---,Shift-overflow counter,0.46,False,False,False,0,60,0.33,False,False,False,81,0.33,False,False,False,1,0.07,False,False,4,0.07,False,False,1,0.07,False,False,0,0.07,False,False,0
460,1RB1LA_1LC1RD_1LA0LC_1RE0RB_1RB0RF_1RC---,Shift-overflow counter,0.37,False,False,False,0,31,0.32,False,False,False,2,0.33,False,False,False,0,0.07,False,False,1,0.07,False,False,5,0.07,False,False,0,0.07,False,False,0
461,1RB0RF_1LC1RE_0LD0LC_1RD0RB_1RA0RB_0RB---,Shift-overflow counter,0.37,False,False,False,0,45,0.32,False,False,False,4,0.33,False,False,False,1,0.07,False,False,2,0.07,False,False,4,0.07,False,False,0,0.07,False,False,0
462,1RB---_1LC1LD_1LD0LB_1RE1LC_1RF0RE_1RA0RC,Shift-overflow counter,0.46,False,False,False,0,81,0.32,False,False,False,117,0.33,False,False,False,2,0.07,False,False,1,0.07,False,False,1,0.07,False,False,0,0.07,False,False,0
464,1RB1LF_1LC1RB_1RE1LD_1LB0LC_1LA0RE_1LD---,Shift-overflow counter,0.37,False,False,False,0,40,0.32,False,False,False,1,0.33,False,False,False,0,0.07,False,False,2,0.07,False,False,0,0.07,False,False,0,0.07,False,False,0
465,1RB---_1LC1LB_1LD0LB_1RE1LC_1RF0RE_0RA0RC,Shift-overflow counter,0.43,False,False,False,0,76,0.33,False,False,False,217,0.33,False,False,False,0,0.07,False,False,1,0.07,False,False,1,0.07,False,False,0,0.07,False,False,0
463,1RB1LE_0RC1RA_0LD0RB_1LA1LF_0LC1RF_---0LA,Shift-overflow counter,0.6,False,False,False,0,199,0.34,False,False,False,2015,0.33,False,False,False,79,0.07,False,False,4,0.07,False,False,5,0.07,False,False,0,0.07,False,False,0
466,1RB0RE_1LC1RA_1LD0LC_1RA0LA_1RA1RF_1RD---,Shift-overflow counter,0.39,False,False,False,0,96,0.33,False,False,False,171,0.32,False,False,False,1,0.08,False,False,8,0.08,False,False,6,0.07,False,False,0,0.07,False,False,0
467,1RB1RA_1RC0RA_1LD1RB_1LE0LD_1LF0LB_1LA---,Shift-overflow counter,0.39,False,False,False,0,74,0.32,False,False,False,70,0.33,False,False,False,1,0.07,False,False,1,0.07,False,False,1,0.07,False,False,0,0.07,False,False,0
468,1RB0RD_1RC---_1LD1LC_1LE0LC_1RF0RC_1RA0RF,Shift-overflow counter,0.39,False,False,False,0,71,0.34,False,False,False,384,0.32,False,False,False,0,0.07,False,False,2,0.07,False,False,4,0.08,False,False,0,0.08,False,False,0
469,1RB0LA_1RC0RD_1LB1RE_---1LC_1RF0RC_1LA0RB,Shift-overflow counter,0.38,False,False,False,0,66,0.33,False,False,False,21,0.33,False,False,False,1,0.07,False,False,2,0.07,False,False,3,0.07,False,False,0,0.07,False,False,0
470,1RB0LD_0LC0RE_1LA0RD_0RB0LD_1RC1RF_1RA---,Shift-overflow counter,0.43,False,False,False,0,36,0.32,False,False,False,8,0.33,False,False,False,0,0.07,False,False,6,0.07,False,False,4,0.07,False,False,0,0.07,False,False,0
471,1RB0LC_1LC1RD_1LA1LC_1LF0RE_0RF1RB_---1RE,Shift-overflow counter,0.54,False,False,False,0,86,0.33,False,False,False,265,0.33,False,False,False,1,0.08,False,False,2,0.07,False,False,2,0.08,False,False,0,0.07,False,False,0
473,1RB0LB_0RC1RF_1LD1RE_0LA0RB_0RD0LD_0LE---,Shift-overflow counter,0.48,False,False,False,0,34,0.33,False,False,False,29,0.33,False,False,False,1,0.07,False,False,6,0.08,False,False,7,0.08,False,False,0,0.07,False,False,0
474,1RB---_1RC1RA_1RD0RB_1LE1RC_1LF0LE_1RC0LC,Shift-overflow counter,0.4,False,False,False,0,64,0.33,False,False,False,30,0.32,False,False,False,1,0.07,False,False,7,0.08,False,False,6,0.07,False,False,0,0.08,False,False,0
472,1RB0RE_1LC0RA_1RE1LD_0LB0LF_1RA1RA_0LD---,Shift-overflow counter,0.7,False,False,False,0,59,0.32,False,False,False,13,0.33,False,False,False,1,0.07,False,False,1,0.08,False,False,0,0.07,False,False,0,0.07,False,False,0
475,1RB1LC_1LA1RB_1LD0LA_1RE1RD_---1RF_1LB0RF,Shift-overflow counter,0.43,False,False,False,0,47,0.32,False,False,False,26,0.33,False,False,False,0,0.08,False,False,3,0.08,False,False,3,0.07,False,False,0,0.07,False,False,0
476,1RB0RD_1LC1RE_1LD0LC_0LE0LC_0RA0RF_1RA---,Shift-overflow counter,0.5,False,False,False,0,59,0.33,False,False,False,202,0.33,False,False,False,1,0.08,False,False,1,0.07,False,False,2,0.08,False,False,0,0.07,False,False,0
477,1RB0LD_1LC1RE_1LF0RA_1LA1LD_1RC0RE_---1LC,Shift-overflow counter,0.52,False,False,False,0,82,0.33,False,False,False,106,0.33,False,False,False,0,0.07,False,False,3,0.08,False,False,2,0.09,False,False,0,0.08,False,False,0
478,1RB1RC_1RC0RA_1LD1RB_1LE0LD_1LF0LB_1LA---,Shift-overflow counter,0.48,False,False,False,0,106,0.33,False,False,False,43,0.33,False,False,False,1,0.08,False,False,0,0.07,False,False,3,0.09,False,False,0,0.08,False,False,0
480,1RB0LB_0RC0LD_1LD1RE_0LA0RF_0RD0LC_0RC---,Shift-overflow counter,0.45,False,False,False,0,40,0.16,False,False,False,181,0.33,False,False,False,1,0.08,False,False,2,0.08,False,False,4,0.09,False,False,0,0.07,False,False,0
479,1RB1LD_1RC0RB_1LA1LE_1LC0LA_1LF0RD_0LA---,Shift-overflow counter,0.39,False,False,False,0,40,0.33,False,False,False,1,0.34,False,False,False,0,0.08,False,False,3,0.08,False,False,4,0.08,False,False,0,0.08,False,False,0
481,1RB---_0LC0RB_1RA1LD_1LE1LF_1LB0LF_0RC0LA,Shift-overflow counter,0.61,False,False,False,0,104,0.33,False,False,False,151,0.34,False,False,False,0,0.08,False,False,2,0.07,False,False,3,0.07,False,False,0,0.07,False,False,0
482,1RB1LD_1RC0RB_1LA0LE_1LC0LA_1LF1RB_1LD---,Shift-overflow counter,0.37,False,False,False,0,56,0.33,False,False,False,1,0.33,False,False,False,0,0.07,False,False,2,0.07,False,False,2,0.07,False,False,0,0.07,False,False,0
483,1RB1LD_1RC0RB_1LA1LE_1LC0LA_0LF0RD_0RC---,Shift-overflow counter,0.4,False,False,False,0,39,0.34,False,False,False,1,0.32,False,False,False,0,0.07,False,False,3,0.07,False,False,4,0.07,False,False,0,0.07,False,False,0
485,1RB0RA_1RC0RC_1LD0LE_1RA1LC_1LC0LF_0LC---,Shift-overflow counter,0.39,False,False,False,0,72,0.34,False,False,False,61,0.33,False,False,False,0,0.07,False,False,5,0.07,False,False,6,0.07,False,False,0,0.07,False,False,0
484,1RB0RF_1LC1RA_1LD0LC_0LE0LA_0RF---_1RA1RF,Shift-overflow counter,0.45,False,False,False,0,94,0.35,False,False,False,641,0.33,False,False,False,1,0.07,False,False,0,0.07,False,False,1,0.08,False,False,0,0.07,False,False,0
486,1RB---_0LC0RB_1RA1LD_0RD1LE_1LF0LA_1LB0LE,Shift-overflow counter,0.62,False,False,False,0,104,0.33,False,False,False,146,0.33,False,False,False,0,0.07,False,False,2,0.06,False,False,1,0.07,False,False,0,0.07,False,False,0
487,1RB0RA_1RC0RC_1LD0LE_1RA1LC_1LC1LF_0LC---,Shift-overflow counter,0.48,False,False,False,0,68,0.33,False,False,False,39,0.33,False,False,False,0,0.07,False,False,0,0.07,False,False,1,0.07,False,False,0,0.08,False,False,0
490,1RB---_1LC0LE_0LA1LD_1LE1RD_1RF1LB_1RD0RF,Shift-overflow counter,0.4,False,False,False,0,53,0.33,False,False,False,45,0.32,False,False,False,0,0.07,False,False,2,0.08,False,False,2,0.08,False,False,0,0.07,False,False,0
491,1RB---_1LC1RE_0LD0LC_1RD0RB_1RF0RB_0LF1RA,Shift-overflow counter,0.39,False,False,False,0,29,0.33,False,False,False,2,0.33,False,False,False,0,0.07,False,False,1,0.07,False,False,3,0.07,False,False,0,0.07,False,False,0
488,1RB0RE_1LC1RA_1LD0LC_1RA0LA_1RA1RF_0RA---,Shift-overflow counter,0.52,False,False,False,0,91,0.33,False,False,False,174,0.33,False,False,False,1,0.07,False,False,6,0.08,False,False,4,0.08,False,False,0,0.07,False,False,0
489,1RB0RA_0LC0RE_1LE1LD_0LE---_1LF0LC_1RA1LE,Shift-overflow counter,0.51,False,False,False,0,86,0.33,False,False,False,109,0.33,False,False,False,0,0.08,False,False,2,0.08,False,False,3,0.07,False,False,0,0.07,False,False,0
492,1RB0LB_0RC0LD_1LD1RE_0LA0RB_0RD1RF_1LA---,Shift-overflow counter,0.52,False,False,False,0,61,0.33,False,False,False,707,0.32,False,False,False,1,0.07,False,False,5,0.07,False,False,4,0.07,False,False,0,0.07,False,False,0
493,1RB0LC_1RC0RA_1LD1LA_1RE1LD_---1RF_0RD1RA,Shift-overflow counter,0.38,False,False,False,0,103,0.33,False,False,False,261,0.33,False,False,False,1,0.07,False,False,5,0.07,False,False,3,0.07,False,False,0,0.07,False,False,0
495,1RB1LD_1RC0RB_1LD1RC_1LF1LE_0LA0LD_1LA---,Shift-overflow counter,0.37,False,False,False,0,37,0.33,False,False,False,6,0.32,False,False,False,0,0.07,False,False,1,0.07,False,False,1,0.07,False,False,0,0.07,False,False,0
494,1RB0RC_1LC1LD_1RD0LB_0LF1RE_1RA0RE_---1RB,Shift-overflow counter,0.51,False,False,False,0,74,0.34,False,False,False,1210,0.32,False,False,False,2,0.07,False,False,2,0.07,False,False,3,0.07,False,False,0,0.08,False,False,0
496,1RB---_1RC0LE_1RD1LC_1LB1RF_1LC0LE_1RA0RD,Shift-overflow counter,0.37,False,False,False,0,51,0.32,False,False,False,9,0.33,False,False,False,1,0.07,False,False,0,0.07,False,False,3,0.07,False,False,0,0.07,False,False,0
497,1RB0LC_0RC---_1RD0RE_1RE1RA_1LF1RC_1LD0LF,Shift-overflow counter,0.37,False,False,False,0,41,0.32,False,False,False,2,0.33,False,False,False,1,0.07,False,False,2,0.07,False,False,5,0.07,False,False,0,0.07,False,False,0
498,1RB1RE_1LC1RD_1LA0LC_1RA0RB_1RF0LD_1RC---,Shift-overflow counter,0.37,False,False,False,0,31,0.32,False,False,False,2,0.33,False,False,False,0,0.07,False,False,2,0.07,False,False,3,0.07,False,False,0,0.07,False,False,0
501,1RB1LC_1LA1RB_1RD1LF_1LE0RD_1LB---_0LE0LA,Shift-overflow counter,0.38,False,False,False,0,102,0.33,False,False,False,153,0.32,False,False,False,1,0.07,False,False,4,0.07,False,False,3,0.07,False,False,0,0.07,False,False,0
502,1RB0RA_1LC1RB_1LF1LD_0LE0LC_1RA1LC_1LE---,Shift-overflow counter,0.38,False,False,False,0,34,0.33,False,False,False,1,0.33,False,False,False,0,0.07,False,False,2,0.07,False,False,1,0.07,False,False,0,0.07,False,False,0
500,1RB0RA_0RC0RE_1LD---_1LE1LD_1RF0LD_1LB1RA,Shift-overflow counter,0.49,False,False,False,0,81,0.33,False,False,False,24,0.33,False,False,False,0,0.08,False,False,3,0.07,False,False,1,0.07,False,False,0,0.07,False,False,0
499,1RB0RA_1LC0RC_1LE0LD_1LC1LF_1RA1LC_0LC---,Shift-overflow counter,0.49,False,False,False,0,70,0.34,False,False,False,85,0.33,False,False,False,0,0.08,False,False,6,0.07,False,False,1,0.07,False,False,0,0.06,False,False,0
504,1RB---_1RC0RD_1RD1RA_1LE1RB_0LF0LE_1RF0RD,Shift-overflow counter,0.38,False,False,False,0,40,0.32,False,False,False,2,0.33,False,False,False,0,0.07,False,False,2,0.07,False,False,3,0.07,False,False,0,0.07,False,False,0
503,1RB---_1RC0LE_0LD0RF_1LB0RE_0RC0LE_1RD1RA,Shift-overflow counter,0.44,False,False,False,0,33,0.32,False,False,False,10,0.33,False,False,False,0,0.07,False,False,7,0.07,False,False,0,0.07,False,False,0,0.07,False,False,0
506,1RB1LD_1RC0RB_1LA1LE_1LC0LA_1LF0RD_0LD---,Shift-overflow counter,0.38,False,False,False,0,48,0.33,False,False,False,1,0.33,False,False,False,0,0.07,False,False,3,0.07,False,False,4,0.07,False,False,0,0.07,False,False,0
507,1RB0RF_1LC1RA_1LD0LC_1LE0LA_1LF---_1RA1RF,Shift-overflow counter,0.42,False,False,False,0,69,0.32,False,False,False,23,0.33,False,False,False,1,0.07,False,False,1,0.07,False,False,4,0.07,False,False,0,0.07,False,False,0
505,1RB0LD_0LC0RE_1LA0RD_0RB0LC_1RC1RF_0LD---,Shift-overflow counter,0.55,False,False,False,0,59,0.32,False,False,False,801,0.33,False,False,False,1,0.08,False,False,2,0.07,False,False,2,0.07,False,False,0,0.07,False,False,0
509,1RB1LE_0LC0RB_1RE1LD_1LC---_1LF0LA_1LA1RF,Shift-overflow counter,0.39,False,False,False,0,51,0.32,False,False,False,9,0.32,False,False,False,0,0.07,False,False,2,0.07,False,False,1,0.07,False,False,0,0.07,False,False,0
508,1RB---_1RC0LC_1RD0RF_1LE1RC_1LB0LE_1RC1RA,Shift-overflow counter,0.39,False,False,False,0,64,0.32,False,False,False,30,0.33,False,False,False,1,0.07,False,False,7,0.07,False,False,6,0.07,False,False,0,0.07,False,False,0
512,1RB---_1LC1RE_0LE0LD_1LB0LC_1RA0RF_1LC1RB,Shift-overflow counter,0.29,False,False,False,15,70,0.32,False,False,False,5,0.33,False,False,False,1,0.07,False,False,0,0.07,False,False,1,0.07,False,False,0,0.08,False,False,0
511,1RB0LD_0LC0RE_1LA0RD_0RB0LC_1RC0RF_0LE---,Shift-overflow counter,0.42,False,False,False,0,35,0.33,False,False,False,24,0.33,False,False,False,1,0.07,False,False,5,0.07,False,False,2,0.08,False,False,0,0.07,False,False,0
513,1RB0RC_1LC0RE_0LD0LB_1RA1LE_1LB1RF_---0RD,Shift-overflow counter,0.37,False,False,False,0,56,0.33,False,False,False,3,0.33,False,False,False,0,0.07,False,False,6,0.08,False,False,6,0.08,False,False,0,0.08,False,False,0
67,1RB1LB_1LC0LF_1LD0RC_1RE0LA_1RE1RC_---0LE,Unknown,42.95,False,False,False,0,3577,0.08,False,False,False,223,0.36,False,False,False,2161,0.08,False,False,4,0.06,False,False,3,0.07,False,False,0,0.07,False,False,0
514,1RB1LD_1RC0RB_1LA1LE_1LC0LA_1LF0RD_1RE---,Shift-overflow counter,0.4,False,False,False,0,39,0.33,False,False,False,1,0.33,False,False,False,0,0.07,False,False,3,0.07,False,False,4,0.07,False,False,0,0.07,False,False,0
515,1RB1LC_1LA1RD_1LA0LA_1LD0RE_0RF1RB_---0RC,Shift-overflow counter,0.49,False,False,False,0,130,0.32,False,False,False,163,0.33,False,False,False,3,0.07,False,False,1,0.07,False,False,2,0.07,False,False,0,0.07,False,False,0
517,1RB1RD_1LC0RD_1RE0LD_0RE0LF_0LB0RA_0LC---,Shift-overflow counter,0.44,False,False,False,0,32,0.33,False,False,False,18,0.33,False,False,False,0,0.07,False,False,4,0.08,False,False,3,0.08,False,False,0,0.07,False,False,0
518,1RB1LD_1RC0RB_1LA1LE_1LC0LA_0LF0RD_1RA---,Shift-overflow counter,0.38,False,False,False,0,41,0.33,False,False,False,1,0.33,False,False,False,0,0.07,False,False,3,0.08,False,False,4,0.07,False,False,0,0.08,False,False,0
516,1RB0RA_1LC1RE_1LD0LC_1RA0LE_1RA0RF_0LC---,Shift-overflow counter,0.51,False,False,False,0,71,0.33,False,False,False,21,0.33,False,False,False,1,0.07,False,False,7,0.08,False,False,5,0.07,False,False,0,0.08,False,False,0
519,1RB1LA_1LC1RD_1LA0LC_1RE0RB_1RF0LE_1RA---,Shift-overflow counter,0.36,False,False,False,0,56,0.33,False,False,False,35,0.33,False,False,False,1,0.08,False,False,3,0.07,False,False,0,0.08,False,False,0,0.07,False,False,0
520,1RB1RF_1LC1RE_0LD0LC_1RD0RB_1RA0RB_1RC---,Shift-overflow counter,0.39,False,False,False,0,46,0.34,False,False,False,4,0.33,False,False,False,1,0.07,False,False,2,0.08,False,False,3,0.07,False,False,0,0.07,False,False,0
521,1RB1LD_1RC0RB_1LA0LE_1LC0LA_1LF1RB_0LA---,Shift-overflow counter,0.37,False,False,False,0,38,0.34,False,False,False,1,0.34,False,False,False,0,0.07,False,False,2,0.07,False,False,2,0.07,False,False,0,0.07,False,False,0
523,1RB1RE_1LC0LF_1LD0LC_1RA0RB_1RD---_0RA1RE,Shift-overflow counter,0.33,False,False,False,0,43,0.33,False,False,False,4,0.34,False,False,False,0,0.07,False,False,1,0.07,False,False,2,0.07,False,False,0,0.07,False,False,0
522,1RB1LD_1RC0RB_1LA1RE_1LF0LA_1LA0RD_1LC---,Shift-overflow counter,0.42,False,False,False,0,42,0.32,False,False,False,7,0.33,False,False,False,0,0.07,False,False,1,0.07,False,False,3,0.07,False,False,0,0.07,False,False,0
524,1RB0RB_1LC0LE_1RD1LB_1RA0RD_1LB0LF_0LB---,Shift-overflow counter,0.43,False,False,False,0,72,0.33,False,False,False,32,0.32,False,False,False,0,0.08,False,False,7,0.07,False,False,6,0.07,False,False,0,0.06,False,False,0
510,1RB---_1RC1LB_1LB1RD_1LF1RE_0RA0RC_1RA0LF,Shift-overflow counter,2.32,False,False,False,0,69,0.19,False,False,False,95,0.32,False,False,False,2,0.07,False,False,2,0.07,False,False,3,0.07,False,False,0,0.07,False,False,0
525,1RB0LB_0RC0LD_1LD1RE_0LA0RB_0RD0RF_0LB---,Shift-overflow counter,0.5,False,False,False,0,41,0.32,False,False,False,64,0.33,False,False,False,1,0.07,False,False,5,0.07,False,False,5,0.07,False,False,0,0.07,False,False,0
526,1RB1RE_1LC1RD_1LA0LC_1RA0RB_0RF0LD_0RB---,Shift-overflow counter,0.41,False,False,False,0,51,0.32,False,False,False,4,0.33,False,False,False,1,0.07,False,False,6,0.07,False,False,2,0.07,False,False,0,0.07,False,False,0
528,1RB1RC_1LC1RE_---1LD_0LE0LD_1RA0RF_1LD1RB,Shift-overflow counter,0.38,False,False,False,0,58,0.33,False,False,False,2,0.34,False,False,False,0,0.07,False,False,2,0.07,False,False,2,0.07,False,False,0,0.07,False,False,0
529,1RB1LF_1LC0LD_1LD1RC_1RE1LB_0LA0RE_0LA---,Shift-overflow counter,0.39,False,False,False,0,37,0.33,False,False,False,2,0.33,False,False,False,0,0.07,False,False,1,0.07,False,False,2,0.07,False,False,0,0.07,False,False,0
527,1RB1LE_1RC0RD_1LD0RE_0LA0LC_1LC1RF_---0RA,Shift-overflow counter,0.42,False,False,False,0,55,0.33,False,False,False,3,0.33,False,False,False,0,0.07,False,False,4,0.07,False,False,5,0.07,False,False,0,0.08,False,False,0
530,1RB1LE_1RC0RB_1LD1RC_1LA1LE_1LF0LA_1LC---,Shift-overflow counter,0.38,False,False,False,0,51,0.32,False,False,False,25,0.33,False,False,False,0,0.07,False,False,0,0.07,False,False,0,0.07,False,False,0,0.07,False,False,0
531,1RB0RF_1LC0RD_1RD0LC_1LE---_1RF1LE_1LB1RA,Shift-overflow counter,0.37,False,False,False,0,40,0.32,False,False,False,2,0.32,False,False,False,0,0.07,False,False,3,0.07,False,False,1,0.07,False,False,0,0.07,False,False,0
533,1RB1LA_1LC1RD_1LA0LC_1RE0RB_1RF1RC_1RA---,Shift-overflow counter,0.36,False,False,False,0,36,0.32,False,False,False,24,0.32,False,False,False,1,0.07,False,False,1,0.07,False,False,0,0.07,False,False,0,0.07,False,False,0
532,1RB1RF_1RC0RF_0RD0LC_1LE1RA_1LC---_0LD0RE,Shift-overflow counter,0.43,False,False,False,0,94,0.32,False,False,False,276,0.32,False,False,False,2,0.07,False,False,2,0.07,False,False,3,0.07,False,False,0,0.07,False,False,0
534,1RB1LD_1RC0RB_1LA1LE_1LC0LA_0LF0RD_0LD---,Shift-overflow counter,0.41,False,False,False,0,54,0.32,False,False,False,1,0.32,False,False,False,0,0.07,False,False,3,0.07,False,False,4,0.07,False,False,0,0.07,False,False,0
535,1RB1LA_1LC1RE_1LD0LC_1RA1RA_1RF0RB_1RD---,Shift-overflow counter,0.35,False,False,False,0,35,0.32,False,False,False,22,0.33,False,False,False,1,0.08,False,False,1,0.07,False,False,3,0.07,False,False,0,0.07,False,False,0
536,1RB1LD_1LC0RF_1LA1RC_1LE0LA_1LB---_1RC0RF,Shift-overflow counter,0.38,False,False,False,0,43,0.33,False,False,False,32,0.33,False,False,False,0,0.07,False,False,0,0.07,False,False,2,0.07,False,False,0,0.07,False,False,0
538,1RB---_1LC1RA_1RE0RD_1LF1RC_1RD1LE_0RB0LF,Shift-overflow counter,0.38,False,False,False,0,50,0.33,False,False,False,3,0.33,False,False,False,1,0.07,False,False,2,0.07,False,False,6,0.07,False,False,0,0.07,False,False,0
537,1RB0RE_1LC1RD_1LA0LC_1RA0RB_1RF1LC_1LE---,Shift-overflow counter,0.41,False,False,False,0,53,0.33,False,False,False,6,0.34,False,False,False,1,0.07,False,False,2,0.07,False,False,4,0.07,False,False,0,0.07,False,False,0
540,1RB---_1LC1RF_0LF0LD_0RE0LC_1LC1RB_1RA0RE,Shift-overflow counter,0.29,False,False,False,15,49,0.33,False,False,False,2,0.33,False,False,False,1,0.07,False,False,2,0.07,False,False,1,0.07,False,False,0,0.07,False,False,0
543,1RB1RE_1LC1RF_1LD0LC_1RA1LD_1RD0RA_0LA---,Shift-overflow counter,0.35,False,False,False,0,53,0.34,False,False,False,3,0.33,False,False,False,1,0.07,False,False,1,0.07,False,False,3,0.07,False,False,0,0.07,False,False,0
541,1RB---_1RC0LE_0LD0RF_1LB0RE_0RC0LD_1RD1RA,Shift-overflow counter,0.51,False,False,False,0,38,0.32,False,False,False,6,0.32,False,False,False,1,0.07,False,False,3,0.07,False,False,2,0.07,False,False,0,0.07,False,False,0
539,1RB1LF_1RC0RB_1RD0RF_1RE---_1LF1LA_1LA0LE,Shift-overflow counter,0.57,False,False,False,0,102,0.32,False,False,False,126,0.33,False,False,False,2,0.07,False,False,1,0.07,False,False,5,0.07,False,False,0,0.07,False,False,0
545,1RB1LD_0RC0LF_1LD1RE_0LA0RB_0RD1RB_0LD---,Shift-overflow counter,0.46,False,False,False,0,40,0.22,False,False,False,743,0.32,False,False,False,1,0.07,False,False,2,0.07,False,False,3,0.07,False,False,0,0.07,False,False,0
544,1RB1LC_1LA1RB_1LD0LA_1RE0LF_1LF0RE_1LA---,Shift-overflow counter,0.37,False,False,False,0,47,0.34,False,False,False,25,0.33,False,False,False,0,0.07,False,False,3,0.07,False,False,2,0.07,False,False,0,0.07,False,False,0
546,1RB1LF_1RC0RB_1LD1RC_1LA1LE_0RA0LD_1LC---,Shift-overflow counter,0.42,False,False,False,0,31,0.32,False,False,False,13,0.32,False,False,False,0,0.07,False,False,4,0.07,False,False,5,0.07,False,False,0,0.07,False,False,0
547,1RB1LC_1RC0RB_1LD0LF_1LA1LE_1RF0LD_---1RB,Shift-overflow counter,0.36,False,False,False,0,40,0.33,False,False,False,4,0.32,False,False,False,0,0.07,False,False,3,0.07,False,False,3,0.07,False,False,0,0.07,False,False,0
542,1RB1LA_1LA1RC_1LF1RD_0RE0RB_1RA---_1RE0LF,Shift-overflow counter,1.18,False,False,False,0,103,0.15,False,False,False,25,0.33,False,False,False,2,0.07,False,False,4,0.07,False,False,3,0.07,False,False,0,0.07,False,False,0
548,1RB0RE_1LC1RD_1LA0LC_1RA0RB_1RF1LC_0RB---,Shift-overflow counter,0.37,False,False,False,0,30,0.32,False,False,False,3,0.32,False,False,False,1,0.07,False,False,2,0.06,False,False,6,0.07,False,False,0,0.07,False,False,0
549,1RB0LA_1RC---_1LD1RE_1RC1LD_1RF0RC_1LA0RB,Shift-overflow counter,0.39,False,False,False,0,66,0.33,False,False,False,27,0.33,False,False,False,1,0.07,False,False,4,0.07,False,False,1,0.07,False,False,0,0.07,False,False,0
550,1RB0RE_1LC1RD_1LA0LC_1RA0RB_0RF1LF_1LA---,Shift-overflow counter,0.38,False,False,False,0,45,0.33,False,False,False,4,0.33,False,False,False,1,0.08,False,False,1,0.07,False,False,2,0.07,False,False,0,0.07,False,False,0
551,1RB1LD_1RC0RB_1LA0LE_1LC0LA_0LF1RB_0RD---,Shift-overflow counter,0.39,False,False,False,0,39,0.33,False,False,False,1,0.32,False,False,False,0,0.07,False,False,2,0.07,False,False,2,0.07,False,False,0,0.07,False,False,0
559,1RB1LC_1LA1RB_1LD0LA_1RE0RF_---1RD_0RE1RB,Shift-overflow bouncer counter,0.27,False,False,False,0,202,0.34,False,False,False,1151,0.32,False,False,False,10,0.07,False,False,1,0.07,False,False,2,0.07,False,False,0,0.08,False,False,0
552,1RB0RA_1RC0LC_0LD1RF_1RA1LE_1LD0LB_0RE---,Shift-overflow counter,0.39,False,False,False,0,61,0.32,False,False,False,55,0.33,False,False,False,0,0.07,False,False,8,0.07,False,False,8,0.08,False,False,0,0.07,False,False,0
560,1RB1LA_1LA1RC_1RD0RB_1LE0LF_---1LD_0LE1LA,Shift-overflow bouncer counter,0.29,False,False,False,0,215,0.32,False,False,False,905,0.32,False,False,False,85,0.07,False,False,3,0.07,False,False,1,0.07,False,False,0,0.07,False,False,0
562,1RB0LE_0RC0RA_1LD0LC_1LA0LB_1RA1LF_---0LC,Shift-overflow bouncer counter,0.42,False,False,False,0,12666,0.5,False,False,False,754,0.35,False,False,False,545,0.07,False,False,5,0.07,False,False,6,0.08,False,False,0,0.07,False,False,0
566,1RB0LD_1LC1RB_0LA0LD_1LE0RB_1RF0RE_---0RD,Shift-overflow bouncer counter,0.37,False,False,False,0,7273,0.34,False,False,False,1050,0.33,False,False,False,310,0.07,False,False,4,0.07,False,False,4,0.07,False,False,0,0.07,False,False,0
564,1RB0LE_1RC---_0RD0RB_1RE0LA_1RF0LF_1LD1RF,Shift-overflow bouncer counter,0.57,False,False,False,0,3988,0.38,False,False,False,4454,0.33,False,False,False,841,0.07,False,False,0,0.07,False,False,0,0.07,False,False,0,0.07,False,False,0
561,1RB1RD_1LC1RA_---1LD_1LE0RA_1LF0LE_0RB0LB,Shift-overflow bouncer counter,1.06,False,False,False,0,381,0.36,False,False,False,2496,0.32,False,False,False,294,0.07,False,False,3,0.07,False,False,3,0.07,False,False,0,0.07,False,False,0
571,1RB---_1LC1RE_1LA0LD_0RE1LC_1LC1RF_1RB0RD,Shift-overflow bouncer counter,0.28,False,False,False,0,19949,0.53,False,False,False,2336,0.45,False,False,False,276,0.07,False,False,1,0.06,False,False,0,0.07,False,False,0,0.07,False,False,0
573,1RB0RE_1LC0RA_1LD0LC_0LE0LB_1RA1RF_0LC---,Shift-overflow bouncer counter,0.51,False,False,False,0,13728,0.15,False,False,False,969,0.33,False,False,False,537,0.07,False,False,1,0.07,False,False,1,0.07,False,False,0,0.06,False,False,0
575,1RB1RC_1LC0RE_1LD0LB_1RA1LC_1RA0RF_---1RE,Shift-overflow bouncer counter,0.6,False,False,False,0,1891,0.34,False,False,False,1582,0.35,False,False,False,567,0.08,False,False,3,0.08,False,False,1,0.08,False,False,0,0.08,False,False,0
577,1RB0RD_1LC0RA_1LF1LD_0RE0LC_---1LB_1RB1RC,Shift-overflow bouncer counter,0.73,False,False,False,0,3849,0.38,False,False,False,1352,0.32,False,False,False,359,0.06,False,False,1,0.06,False,False,1,0.06,False,False,0,0.08,False,False,0
578,1RB0RB_0LC1RA_1RD1LC_1LA1LE_1LF0LD_---0LA,Shift-overflow bouncer counter,1.09,False,False,False,0,1963,0.17,False,False,False,796,1.17,False,False,False,530,0.06,False,False,6,0.06,False,False,5,0.07,False,False,0,0.07,False,False,0
580,1RB0RA_1RC0RC_1LD1RF_---1LE_1RF0LF_1RA0LE,Shift-overflow bouncer counter,0.38,False,False,False,0,10124,0.39,False,False,False,2666,0.34,False,False,False,886,0.07,False,False,2,0.06,False,False,2,0.06,False,False,0,0.06,False,False,0
581,1RB0RA_0RC0RE_1LD1LF_1LE0LC_1RA0LD_0RA---,Shift-overflow bouncer counter,0.51,False,False,False,0,7611,0.22,False,False,False,3196,0.33,False,False,False,632,0.07,False,False,1,0.07,False,False,0,0.07,False,False,0,0.09,False,False,0
582,1RB0LD_1RC0LC_1LA1RC_1RE0LB_1RF---_0RA0RE,Shift-overflow bouncer counter,0.26,False,False,False,0,6778,0.39,False,False,False,4213,0.33,False,False,False,519,0.07,False,False,2,0.07,False,False,3,0.09,False,False,0,0.08,False,False,0
583,1RB0LD_0RC1RB_1RD1RF_0LE1LD_1LA1LE_---0RB,Shift-overflow bouncer counter,0.33,False,False,False,0,5539,0.08,False,False,False,463,0.64,False,False,False,299,0.07,False,False,3,0.06,False,False,2,0.06,False,False,0,0.06,False,False,0
570,1RB0RB_1RC1RA_0LD1LC_0RA1LE_1LF0LC_---1LA,Shift-overflow bouncer counter,0.45,False,False,False,0,11668,1.58,False,False,False,1717,5.17,False,False,False,743,0.07,False,False,3,0.07,False,False,6,0.07,False,False,0,0.07,False,False,0
569,1RB0LE_1RC0LD_1RD1RA_1RE0RB_0LA0RF_1LE---,Shift-overflow bouncer counter,0.37,False,False,False,0,7896,0.39,False,False,False,3197,7.94,False,False,False,744,0.07,False,False,4,0.07,False,False,2,0.07,False,False,0,0.07,False,False,0
586,1RB1LC_1RC1RE_1LD1LF_---0LE_1RB0RB_0LF1LA,Shift-overflow bouncer counter,0.34,False,False,False,0,10745,0.79,False,False,False,4857,3.59,False,False,False,1080,0.07,False,False,1,0.06,False,False,1,0.07,False,False,0,0.06,False,False,0
588,1RB1RE_1LC1LA_1RA0LD_1LC0LE_0LF0RA_---1RC,Shift-overflow bouncer counter,0.44,False,False,False,0,3831,0.36,False,False,False,1366,0.33,False,False,False,253,0.06,False,False,2,0.06,False,False,1,0.07,False,False,0,0.06,False,False,0
589,1RB1RC_1LC0RE_1LD0LB_1RA1LC_1RA1RF_---1RD,Shift-overflow bouncer counter,0.56,False,False,False,0,905,0.33,False,False,False,2347,0.32,False,False,False,619,0.06,False,False,1,0.06,False,False,1,0.07,False,False,0,0.06,False,False,0
568,1RB---_0RC0LA_1LD0RB_1LE0RF_1LF1LC_1LB0LD,Shift-overflow bouncer counter,0.33,False,False,False,0,16186,0.44,False,False,False,3026,15.51,False,False,False,638,0.07,False,False,8,0.07,False,False,5,0.07,False,False,0,0.07,False,False,0
591,1RB0LF_1RC---_1LD0RF_1RA0LE_0LD1LD_0RD0RB,Shift-overflow bouncer counter,0.27,False,False,False,0,15612,0.41,False,False,False,965,1.13,False,False,False,651,0.07,False,False,4,0.06,False,False,3,0.07,False,False,0,0.06,False,False,0
592,1RB0RF_0RC1RD_0LD---_1LE1RA_1LA0LF_0RD0RC,Shift-overflow bouncer counter,0.27,False,False,False,0,10052,0.4,False,False,False,1382,0.43,False,False,False,268,0.06,False,False,0,0.06,False,False,0,0.06,False,False,0,0.06,False,False,0
593,1RB1LC_0LA0RD_1LA0LA_0RF1RE_1LA1RB_---0RB,Shift-overflow bouncer counter,0.48,False,False,False,0,16190,0.44,False,False,False,1735,0.32,False,False,False,254,0.07,False,False,3,0.07,False,False,3,0.07,False,False,0,0.06,False,False,0
594,1RB0RB_1LC1RA_0LE1LD_0RE1LF_---1LA_1LD0LC,Shift-overflow bouncer counter,0.47,False,False,False,0,6229,0.6,False,False,False,4431,1.4,False,False,False,2060,0.07,False,False,1,0.07,False,False,3,0.06,False,False,0,0.06,False,False,0
563,1RB1RF_1LC0RA_---0LD_0LE0LB_1RF1RB_1RE1LF,Shift-overflow bouncer counter,0.27,False,False,False,0,9123,0.07,False,False,False,31,27.91,False,False,False,330,0.07,False,False,4,0.07,False,False,0,0.07,False,False,0,0.06,False,False,0
595,1RB0RB_1LC1RA_0LF0LD_1LE1RB_1RA1LC_---1LA,Shift-overflow bouncer counter,0.44,False,False,False,0,11755,2.39,False,False,False,2125,0.95,False,False,False,388,0.07,False,False,3,0.06,False,False,3,0.07,False,False,0,0.06,False,False,0
597,1RB0RD_1LC1RE_1LA0LD_0RE0RF_1LC1RA_0LE---,Shift-overflow bouncer counter,0.28,False,False,False,0,19949,0.44,False,False,False,1453,0.43,False,False,False,268,0.07,False,False,1,0.06,False,False,0,0.07,False,False,0,0.06,False,False,0
579,1RB1LB_1RC0LA_1LD1RF_1RB0LE_---1LA_1RD0RD,Shift-overflow bouncer counter,0.4,False,False,False,0,10132,0.44,False,False,False,3187,26.97,False,False,False,1002,0.07,False,False,0,0.06,False,False,1,0.07,False,False,0,0.07,False,False,0
598,1RB1RC_1LC0RE_1LD0LB_1RA1LC_1RA0RF_---0RC,Shift-overflow bouncer counter,0.61,False,False,False,0,1310,0.35,False,False,False,1890,0.34,False,False,False,392,0.07,False,False,2,0.07,False,False,3,0.08,False,False,0,0.08,False,False,0
602,1RB---_1LC0LC_1RD1LB_1LE1RD_0LA1LF_1LD0RF,Shift-overflow structural counter,1.22,False,False,False,0,2514,0.37,False,False,False,4282,0.37,False,False,False,1746,0.07,False,False,3,0.07,False,False,5,0.06,False,False,0,0.07,False,False,0
603,1RB1LE_0LC1RE_---1LD_0RD1LA_0RF1RF_1RA0LB,Shift-overflow structural counter,1.59,False,False,False,0,534,0.35,False,False,False,2618,0.33,False,False,False,678,0.07,False,False,2,0.07,False,False,3,0.07,False,False,0,0.07,False,False,0
604,1RB0RC_1LC0RD_1RA1LD_0LB1LE_1LB0LF_---0LB,Shift-overflow structural counter,1.99,False,False,False,5,8531,0.22,False,False,False,1346,0.17,False,False,False,228,0.07,False,False,3,0.08,False,False,3,0.07,False,False,0,0.07,False,False,0
605,1RB0RC_1RC0LD_1LD1RA_1LF0LE_---0RD_1LB0LA,Shift-overflow structural counter,2.17,False,False,False,4,4572,0.07,False,False,False,31,0.09,False,False,False,36,0.07,False,False,2,0.07,False,False,3,0.07,False,False,0,0.07,False,False,0
606,1RB0LE_0RC0RE_1LD1RA_0LA0RF_0RC0RD_1RB---,Shift-overflow structural counter,0.4,False,False,False,0,8164,0.35,False,False,False,2339,0.33,False,False,False,978,0.07,False,False,3,0.07,False,False,2,0.07,False,False,0,0.07,False,False,0
607,1RB1LF_1LC1RB_1LF1LD_1LE0RD_1LB---_1LA0LA,Shift-overflow structural counter,1.08,False,False,False,0,7313,0.34,False,False,False,3292,0.32,False,False,False,671,0.07,False,False,6,0.07,False,False,1,0.07,False,False,0,0.06,False,False,0
609,1RB1LF_1LC1RB_1LE1LD_1LB0RD_1LF---_1LA0LA,Shift-overflow structural counter,0.88,False,False,False,0,6849,0.34,False,False,False,3289,0.32,False,False,False,643,0.07,False,False,2,0.07,False,False,3,0.07,False,False,0,0.07,False,False,0
610,1RB0LC_1LA0LF_1LD---_1RE0RA_1RF0RE_1LB0RD,Shift-overflow structural counter,0.52,False,False,False,0,6484,0.35,False,False,False,3895,0.33,False,False,False,626,0.07,False,False,1,0.07,False,False,1,0.07,False,False,0,0.07,False,False,0
611,1RB1LA_1RC1RE_1RD0RD_1LA1RC_1RF0LE_1RA---,Shift-overflow structural counter,0.76,False,False,False,0,7506,0.17,False,False,False,1299,0.33,False,False,False,740,0.07,False,False,5,0.06,False,False,2,0.07,False,False,0,0.07,False,False,0
608,1RB1RA_1RC1RC_1LD1RE_1RA0LC_0RB0RF_---0RC,Shift-overflow structural counter,5.35,False,False,False,0,8188,0.47,False,False,False,4274,0.33,False,False,False,919,0.07,False,False,2,0.06,False,False,0,0.07,False,False,0,0.07,False,False,0
613,1RB0LF_1LC0RE_0LA1RD_---1RE_1RC1RA_0RB1RF,Shift-overflow structural counter,0.53,False,False,False,0,7171,0.37,False,False,False,3891,0.33,False,False,False,2323,0.07,False,False,3,0.07,False,False,3,0.07,False,False,0,0.07,False,False,0
612,1RB0RE_1LC0RA_0LD1LB_1LA1LF_0LB0RD_0LB---,Shift-overflow structural counter,0.94,False,False,False,0,427,0.34,False,False,False,3543,0.32,False,False,False,913,0.07,False,False,3,0.06,False,False,2,0.07,False,False,0,0.07,False,False,0
614,1RB---_0RC1RA_1RD1RF_1LE0LF_1RB0LD_0RE0LC,Shift-overflow structural counter,1.02,False,False,False,0,336,0.37,False,False,False,5464,0.32,False,False,False,729,0.07,False,False,5,0.07,False,False,4,0.08,False,False,0,0.07,False,False,0
615,1RB1RF_1LC0LF_1RD0LB_0RA1RE_1RD---_0RC0LA,Shift-overflow structural counter,1.02,False,False,False,0,415,0.36,False,False,False,3884,0.32,False,False,False,907,0.07,False,False,7,0.07,False,False,3,0.07,False,False,0,0.07,False,False,0
617,1RB1LC_0RC0LF_1LD0RE_0LA0LE_0LA0LB_1LD---,Shift-overflow structural counter,0.44,False,False,False,0,7638,0.36,False,False,False,5421,0.33,False,False,False,1220,0.07,False,False,3,0.07,False,False,2,0.07,False,False,0,0.07,False,False,0
616,1RB0RE_1RC1LC_1LD1RE_1LB0LC_0RF0RA_---1RC,Shift-overflow structural counter,0.61,False,False,False,0,8305,0.39,False,False,False,6063,0.34,False,False,False,1870,0.07,False,False,5,0.07,False,False,4,0.07,False,False,0,0.06,False,False,0
618,1RB1RF_1RC---_1RD0RD_1LE1RC_1RA1LE_1RE0LF,Shift-overflow structural counter,1.02,False,False,False,0,592,0.34,False,False,False,3939,0.34,False,False,False,2035,0.07,False,False,3,0.07,False,False,2,0.07,False,False,0,0.07,False,False,0
619,1RB0LD_0RC1RA_1RD1RF_1LA0LE_0RA0LC_0RA---,Shift-overflow structural counter,1.01,False,False,False,0,336,0.37,False,False,False,5510,0.33,False,False,False,730,0.07,False,False,3,0.07,False,False,2,0.07,False,False,0,0.07,False,False,0
620,1RB0RD_1RC1RF_0LA1RA_0RE0RC_1LE1LB_---0LE,Shift-overflow structural counter,0.49,False,False,False,0,15805,0.36,False,False,False,5029,0.34,False,False,False,644,0.07,False,False,5,0.07,False,False,4,0.07,False,False,0,0.07,False,False,0
621,1RB1LE_0RC1RC_0RD0RB_1RE0RF_1LA0LE_---1RB,Chaotic Fractal Type 1,7.33,False,False,False,155,2992334,0.08,False,False,False,262,0.12,False,False,False,475,0.07,False,False,6,0.07,False,False,3,0.07,False,False,0,0.07,False,False,0
622,1RB0LF_1LC0RB_0LD1LA_0RA1LE_0LA0RA_1LA---,Chaotic Fractal Type 1,8.12,False,False,False,0,7609,0.1,False,False,False,875,0.27,False,False,False,526,0.07,False,False,3,0.07,False,False,2,0.07,False,False,0,0.07,False,False,0
624,1RB0RE_0RC0RA_1LD1RF_1LA0LD_1RA0LC_1RE---,Chaotic Fractal Type 1,0.77,False,False,False,46,19256,0.41,False,False,False,12084,0.37,False,False,False,2627,0.07,False,False,5,0.07,False,False,4,0.07,False,False,0,0.07,False,False,0
625,1RB0LD_1RC0RA_0RD0RB_1LE1RF_1LB0LE_1RA---,Chaotic Fractal Type 1,0.76,False,False,False,52,12639,0.42,False,False,False,11106,0.37,False,False,False,2492,0.07,False,False,3,0.07,False,False,5,0.07,False,False,0,0.07,False,False,0
623,1RB0LA_0RC1RD_0LD1RE_1LA0RF_0RD0LD_1RD---,Chaotic Fractal Type 1,6.07,False,False,False,0,7725,0.1,False,False,False,616,0.34,False,False,False,1544,0.07,False,False,3,0.06,False,False,0,0.06,False,False,0,0.07,False,False,0
626,1RB---_1LC0RA_1LD0LC_1RE0RF_0RB0RD_1RD0LB,Chaotic Fractal Type 1,0.94,False,False,False,333,629057706,0.09,False,False,False,706,0.37,False,False,False,2808,0.07,False,False,6,0.07,False,False,5,0.07,False,False,0,0.07,False,False,0
627,1RB0LF_1RC0RB_1LD0LE_0LA0LC_1LC0RA_1LA---,Chaotic Fractal Type 1,1.1,False,False,False,377,3383053677,0.14,False,False,False,1994,0.32,False,False,False,732,0.07,False,False,5,0.07,False,False,4,0.07,False,False,0,0.07,False,False,0
628,1RB0RA_1LC0LE_0LD0LB_1RA0LF_1LB0RD_1LD---,Chaotic Fractal Type 1,1.49,False,False,False,494,-2,0.17,False,False,False,3106,0.34,False,False,False,2190,0.07,False,False,6,0.07,False,False,5,0.07,False,False,0,0.07,False,False,0
629,1RB0RA_1LC0LE_0LD0LB_1RA1LE_1LB0RF_1RA---,Chaotic Fractal Type 1,0.92,False,False,False,271,286366889,0.41,False,False,False,17639,0.33,False,False,False,1279,0.07,False,False,3,0.07,False,False,4,0.07,False,False,0,0.07,False,False,0
630,1RB1LF_1RC0RB_1LD0LE_0LA0LC_1LC0RA_1LE---,Chaotic Fractal Type 1,0.73,False,False,False,55,15142,0.39,False,False,False,9121,0.34,False,False,False,1512,0.07,False,False,5,0.07,False,False,5,0.07,False,False,0,0.07,False,False,0
631,1RB0RE_0RC0RA_1LD0RF_1LA0LD_1RA0LC_1RC---,Chaotic Fractal Type 1,1.52,False,False,False,493,-2,0.16,False,False,False,2959,0.36,False,False,False,1838,0.07,False,False,5,0.07,False,False,6,0.08,False,False,0,0.07,False,False,0
632,1RB1LE_1RC0RB_1LD0LE_0LA0LC_1LC0RF_1RB---,Chaotic Fractal Type 1,0.78,False,False,False,239,452550217,0.47,False,False,False,24740,0.4,False,False,False,7632,0.07,False,False,3,0.07,False,False,3,0.07,False,False,0,0.07,False,False,0
634,1RB0RE_0RC0RA_1LD0RF_1LA0LD_1RA0LC_0RD---,Chaotic Fractal Type 1,0.32,False,False,False,38,23694,0.11,False,False,False,1195,0.33,False,False,False,1572,0.07,False,False,5,0.07,False,False,3,0.07,False,False,0,0.07,False,False,0
633,1RB0RA_1LC0LE_0LD0LB_1RA0LF_1LB0RD_0RC---,Chaotic Fractal Type 1,0.7,False,False,False,239,6327134,0.4,False,False,False,9493,0.41,False,False,False,3996,0.07,False,False,3,0.07,False,False,5,0.06,False,False,0,0.07,False,False,0
576,1RB0RB_1LC1RA_1LF0LD_0LE1LD_1RA1LC_---1LA,Shift-overflow bouncer counter,0.41,False,False,False,0,9010,0.4,False,False,False,8687,72.01,False,False,False,1852,0.07,False,False,3,0.07,False,False,0,0.07,False,False,0,0.07,False,False,0
635,1RB---_1RC0LE_1RD0RB_0RE0RC_1LF1RA_1LC0LF,Chaotic Fractal Type 1,0.75,False,False,False,56,15146,0.42,False,False,False,12846,0.35,False,False,False,3187,0.07,False,False,7,0.07,False,False,4,0.07,False,False,0,0.07,False,False,0
636,1RB0LF_1RC0RA_0RD0RB_1LE1RA_1LB0LE_1LE---,Chaotic Fractal Type 1,0.83,False,False,False,246,72760703,0.43,False,False,False,21729,0.38,False,False,False,3077,0.07,False,False,4,0.07,False,False,5,0.07,False,False,0,0.07,False,False,0
637,1RB0RE_0RC0RA_1LD1RE_1LA0LD_1RA0LF_1LD---,Chaotic Fractal Type 1,1.23,False,False,False,340,-2,0.48,False,False,False,18932,0.35,False,False,False,2647,0.07,False,False,9,0.07,False,False,12,0.07,False,False,0,0.07,False,False,0
639,1RB0LF_1RC0RB_1LD0LE_0LA0LC_1LC0RA_0RD---,Chaotic Fractal Type 1,0.97,False,False,False,235,3147479,0.4,False,False,False,8080,0.38,False,False,False,3399,0.07,False,False,6,0.07,False,False,4,0.07,False,False,0,0.07,False,False,0
641,1RB0RF_0LC0RA_1LE1RD_0RC---_1LA0LE_1RA0LC,Chaotic Fractal Type 1,0.5,False,False,False,37,352640,0.12,False,False,False,1387,0.34,False,False,False,2048,0.07,False,False,5,0.07,False,False,3,0.07,False,False,0,0.07,False,False,0
640,1RB0LF_1RC0RA_0RD0RB_1LE0RF_1LB0LE_1LE---,Chaotic Fractal Type 1,1.27,False,False,False,395,-2,0.36,False,False,False,6245,0.4,False,False,False,2730,0.07,False,False,2,0.07,False,False,2,0.07,False,False,0,0.06,False,False,0
642,1RB0RA_1LC0LE_0LD0LB_1RA1LF_1LB0RD_1LE---,Chaotic Fractal Type 1,0.75,False,False,False,49,19505,0.42,False,False,False,14919,0.36,False,False,False,2514,0.07,False,False,8,0.07,False,False,3,0.07,False,False,0,0.07,False,False,0
643,1RB0RE_1RC---_0LD1LE_0RE1LD_1RF0LC_0RA1RE,Chaotic Fractal Others,0.62,False,False,False,0,8158,0.08,False,False,False,411,0.18,False,False,False,412,0.07,False,False,2,0.07,False,False,3,0.07,False,False,0,0.07,False,False,0
644,1RB0RE_0RC---_1LD0LE_1RA0LD_1LC1RF_1RD1LA,Chaotic Fractal Others,0.49,False,False,False,0,384,0.09,False,False,False,108,0.34,False,False,False,615,0.07,False,False,1,0.09,False,False,1,0.08,False,False,0,0.08,False,False,0
638,1RB0RA_1LC1RA_0LD1LD_0LE0LC_1LA0LF_---1LC,Chaotic Fractal Type 1,6.43,False,False,False,159,6640061,0.08,False,False,False,84,0.08,False,False,False,42,0.08,False,False,5,0.07,False,False,4,0.07,False,False,0,0.06,False,False,0
645,1RB0RF_0LC---_1LE1LD_1RE0LA_1RA0RD_1LB1RD,Chaotic Fractal Others,0.5,False,False,False,189,7878,0.38,False,False,False,8355,0.37,False,False,False,1209,0.07,False,False,2,0.07,False,False,2,0.07,False,False,0,0.06,False,False,0
646,1RB1LF_1RC1RB_1RD0RB_0LE0LF_---1LD_0LE1LA,Chaotic Fractal Others,0.25,False,False,False,0,1402,0.33,False,False,False,11680,0.39,False,False,False,3432,0.07,False,False,3,0.07,False,False,3,0.07,False,False,0,0.08,False,False,0
647,1RB0LC_1RC0RA_1RD0RF_0LE---_1LB1LA_1LD1RA,Chaotic Fractal Others,0.49,False,False,False,191,7368,0.39,False,False,False,8896,0.33,False,False,False,1126,0.07,False,False,2,0.07,False,False,3,0.07,False,False,0,0.07,False,False,0
648,1RB1LF_0RC---_1RD1RF_1LE0LF_1LB0LA_1LD0RE,Chaotic Fractal Others,0.47,False,False,False,174,8410,0.37,False,False,False,7877,0.35,False,False,False,2240,0.07,False,False,1,0.07,False,False,2,0.06,False,False,0,0.07,False,False,0
649,1RB1LC_1RC0LB_1RD0RF_0RE---_1LB0LF_1LE1RA,Chaotic Fractal Others,0.49,False,False,False,0,281,0.34,False,False,False,2774,0.34,False,False,False,711,0.07,False,False,1,0.07,False,False,2,0.07,False,False,0,0.07,False,False,0
651,1RB---_0LC1LD_0RD1LC_1RE0LB_0RF1RD_1RA0RD,Chaotic Fractal Others,0.62,False,False,False,0,8369,0.07,False,False,False,190,0.18,False,False,False,371,0.06,False,False,1,0.07,False,False,0,0.07,False,False,0,0.06,False,False,0
650,1RB0LA_1RC0RE_0RD---_1LA0LD_1LD1RF_1RA1LB,Chaotic Fractal Others,0.49,False,False,False,0,251,0.34,False,False,False,3374,0.33,False,False,False,622,0.07,False,False,0,0.07,False,False,1,0.07,False,False,0,0.07,False,False,0
652,1RB0LA_1RC0RE_0RD---_1LA1LF_1LD1RF_1RA1LB,Chaotic Fractal Others,0.48,False,False,False,0,295,0.29,False,False,False,2491,0.34,False,False,False,754,0.07,False,False,2,0.07,False,False,0,0.07,False,False,0,0.08,False,False,0
659,1RB0RD_0LC1LD_1RA1LA_1RE1LB_---0RF_1RA1RF,Spaghetti,0.65,False,False,False,14,527,0.35,False,False,False,4391,0.35,False,False,False,758,0.08,False,False,3,0.07,False,False,1,0.08,False,False,0,0.08,False,False,0
658,1RB0RE_1RC0RE_1LD1RB_1LA0LA_1RF0LC_---0RC,Spaghetti,1.54,False,False,False,0,857,0.36,False,False,False,3961,0.36,False,False,False,948,0.08,False,False,3,0.07,False,False,2,0.07,False,False,0,0.07,False,False,0
661,1RB0LC_0LA1RD_1LA0RE_1RE0RF_1LF---_1LB1RF,Spaghetti,1.47,False,False,False,0,356,0.17,False,False,False,1156,0.33,False,False,False,789,0.07,False,False,3,0.07,False,False,2,0.07,False,False,0,0.07,False,False,0
660,1RB1RA_1LC0LF_1RA1LD_1LB1LE_1LC0LC_---0RA,Spaghetti,2.29,False,False,False,0,1918,0.34,False,False,False,4071,0.32,False,False,False,442,0.07,False,False,1,0.07,False,False,1,0.07,False,False,0,0.07,False,False,0
662,1RB0LA_0RC1LF_0RD0LA_1LD0LE_1RB1LF_---1LA,Spaghetti,0.54,False,False,False,0,308,0.34,False,False,False,3829,0.7,False,False,False,800,0.07,False,False,0,0.07,False,False,1,0.07,False,False,0,0.07,False,False,0
664,1RB0RF_1LC1RD_1LA1LC_1RA1RE_0RB0LD_---0LC,Spaghetti,0.6,False,False,False,0,474,0.33,False,False,False,2856,0.33,False,False,False,374,0.08,False,False,1,0.07,False,False,2,0.07,False,False,0,0.07,False,False,0
663,1RB0LE_0LC0RF_1LD1LC_1RA0RD_0LA1LA_1RD---,Spaghetti,0.88,False,False,False,0,458,0.37,False,False,False,4107,0.88,False,False,False,823,0.07,False,False,3,0.08,False,False,4,0.08,False,False,0,0.08,False,False,0
665,1RB0RA_1LC0RD_---0LD_1LE1LF_1RA1LB_1RC0LD,Spaghetti,1.49,False,False,False,0,1342,0.37,False,False,False,2275,0.34,False,False,False,332,0.08,False,False,1,0.08,False,False,0,0.09,False,False,0,0.08,False,False,0
666,1RB0RC_1LC0RB_1RE1LD_0LB0LF_---0RA_1LB0RC,Spaghetti,1.6,False,False,False,0,356,0.15,False,False,False,1388,0.33,False,False,False,933,0.07,False,False,2,0.07,False,False,2,0.07,False,False,0,0.07,False,False,0
667,1RB1LA_1RC1RD_0LA0LD_1RE1LC_0RF0LF_---0RA,Spaghetti,0.72,False,False,False,0,305,0.33,False,False,False,1302,0.32,False,False,False,468,0.07,False,False,1,0.07,False,False,2,0.07,False,False,0,0.07,False,False,0
668,1RB1LE_0RC0RA_0RD1RF_1LD1LA_0LA0LE_0LB---,Spaghetti,0.85,False,False,False,0,424,0.33,False,False,False,3055,0.33,False,False,False,397,0.07,False,False,3,0.06,False,False,0,0.07,False,False,0,0.07,False,False,0
669,1RB0RF_1LC1RD_1LA1LC_1RA1RE_1RB0RB_---0LC,Spaghetti,0.56,False,False,False,0,480,0.33,False,False,False,2609,0.33,False,False,False,387,0.07,False,False,1,0.07,False,False,1,0.07,False,False,0,0.07,False,False,0
670,1RB0RC_1LC0RB_1RE1LD_0LB0LF_---0RA_1LB1LD,Spaghetti,1.6,False,False,False,0,318,0.15,False,False,False,1400,0.33,False,False,False,935,0.07,False,False,2,0.07,False,False,1,0.07,False,False,0,0.07,False,False,0
672,1RB0RF_1RC1RE_0LD---_1LE1LD_1RF0RF_0RA0LB,Spaghetti,1.07,False,False,False,0,778,0.42,False,False,False,2410,0.33,False,False,False,443,0.09,False,False,10,0.08,False,False,5,0.07,False,False,0,0.08,False,False,0
671,1RB1RA_1LC0LF_1RA1LD_1LB1LE_0LC0RD_---0RA,Spaghetti,2.2,False,False,False,0,1927,0.34,False,False,False,3520,0.4,False,False,False,479,0.08,False,False,1,0.07,False,False,1,0.09,False,False,0,0.07,False,False,0
673,1RB0LD_1LC0RE_---1LD_1LE1LA_1RA0LF_1LC1RE,Spaghetti,1.23,False,False,False,0,312,0.37,False,False,False,1810,0.33,False,False,False,274,0.07,False,False,4,0.07,False,False,4,0.07,False,False,0,0.07,False,False,0
675,1RB1RE_1RC0RF_1LD1RA_1LB1LD_1RC0RC_---0LD,Spaghetti,0.51,False,False,False,0,377,0.33,False,False,False,2493,0.32,False,False,False,466,0.07,False,False,1,0.07,False,False,1,0.07,False,False,0,0.07,False,False,0
674,1RB0LB_1RC1LE_1LD0RF_---1LB_0LA0LC_1LB1RA,Spaghetti,0.89,False,False,False,61,403,0.34,False,False,False,2746,0.33,False,False,False,679,0.07,False,False,1,0.07,False,False,2,0.07,False,False,0,0.07,False,False,0
681,1RB0RB_1RC0LE_1LD1LA_---0LC_1RF1LE_1RA0RA,Cubic Mess,0.55,False,False,False,163,772,0.15,False,False,False,328,0.32,False,False,False,141,0.07,False,False,3,0.07,False,False,2,0.06,False,False,0,0.06,False,False,0
682,1RB1RA_1LC0RC_---0LD_0LE0RF_1RE0RA_0LF1LB,Cubic Mess,0.44,False,False,False,281,1570,0.32,False,False,False,407,0.32,False,False,False,52,0.07,False,False,5,0.07,False,False,5,0.06,False,False,0,0.06,False,False,0
684,1RB1LA_1RC0RF_1RD---_0LE1RB_---0LA_1LD1RF,Cubic Mess,0.37,False,False,False,98,2750,0.09,False,False,False,82,0.32,False,False,False,164,0.07,False,False,5,0.07,False,False,3,0.07,False,False,0,0.07,False,False,0
567,1RB1LF_1LC1RE_1LD1RD_1LA0LB_0RC---_1RC0LD,Shift-overflow bouncer counter,0.43,False,False,False,0,11014,5.13,False,False,False,654,94.24,False,False,False,1681,0.06,False,False,5,0.06,False,False,3,0.06,False,False,0,0.06,False,False,0
685,1RB0LE_1LC1RA_1RA1LD_0LC0LA_0RE1RF_0RC---,Cubic Mess,0.3,False,False,False,4,4135,0.32,False,False,False,1062,0.32,False,False,False,220,0.06,False,False,5,0.06,False,False,5,0.06,False,False,0,0.07,False,False,0
686,1RB---_0RC0RD_1LD1RB_0LE0LC_1RA0LF_1LD1LE,Cubic Mess,0.29,False,False,False,4,5507,0.32,False,False,False,655,0.32,False,False,False,113,0.07,False,False,4,0.07,False,False,5,0.07,False,False,0,0.07,False,False,0
688,1RB1LC_1LC1RD_1LA0LB_0RB1RE_1RF0RA_---0RC,Cubic Mess,1.9,False,False,False,4,6296,0.17,False,False,False,572,0.32,False,False,False,152,0.07,False,False,3,0.06,False,False,0,0.07,False,False,0,0.07,False,False,0
687,1RB1RF_1LC1LF_0RE1LD_0LB1LD_---1RC_1RA0RD,Cubic Mess,2.7,False,False,False,0,1931,0.34,False,False,False,1431,0.32,False,False,False,136,0.06,False,False,5,0.06,False,False,7,0.06,False,False,0,0.07,False,False,0
689,1RB1RD_0LC1RA_0RA1LC_1RA1LE_1RF0LD_---0RE,Cubic Mess,2.67,False,False,False,0,4511,0.33,False,False,False,1642,0.33,False,False,False,341,0.07,False,False,6,0.07,False,False,10,0.07,False,False,0,0.06,False,False,0
692,1RB0LD_0RC1RB_0RD0RA_1LE0RD_1LF---_0LA1LA,Cubic Mess,0.32,False,False,False,9,799,0.1,False,False,False,267,0.14,False,False,False,24,0.07,False,False,2,0.07,False,False,1,0.07,False,False,0,0.06,False,False,0
691,1RB1LA_1LC0RE_1LF1LD_0RB0LA_1RC1RE_---0LD,Cubic Mess,0.77,False,False,False,1,-2,0.33,False,False,False,296,0.32,False,False,False,65,0.07,False,False,5,0.07,False,False,3,0.09,False,False,0,0.08,False,False,0
683,1RB0LE_0RC0RD_1LC0RB_0RE1RD_1LF1LE_0LA---,Cubic Mess,6.71,False,False,False,0,341,0.27,False,False,False,1888,0.32,False,False,False,127,0.09,False,False,0,0.07,False,False,0,0.07,False,False,0,0.07,False,False,0
693,1RB0RC_1LC1RE_1RA1LD_0LC0LA_1RF1RD_---0RD,Cubic Mess,0.35,False,False,False,24,5206,0.08,False,False,False,55,0.35,False,False,False,353,0.08,False,False,3,0.07,False,False,5,0.07,False,False,0,0.08,False,False,0
690,1RB1RF_0LC0RF_1RD1LC_---0LE_0RC1LF_1RA0LE,Cubic Mess,2.49,False,False,False,0,3330,0.35,False,False,False,1570,0.34,False,False,False,544,0.07,False,False,5,0.08,False,False,4,0.08,False,False,0,0.08,False,False,0
694,1RB1LA_0RC1RD_1LC0LA_1LE1RE_0RB0LF_---0LD,Cubic Mess,0.35,False,False,False,7,3081,0.09,False,False,False,73,0.36,False,False,False,89,0.08,False,False,3,0.08,False,False,4,0.08,False,False,0,0.07,False,False,0
695,1RB---_0RC0LD_1LB1RC_0LE0LF_1RD1LE_1RF1RA,Cubic Mess,0.35,False,False,False,47,1607,0.16,False,False,False,191,0.33,False,False,False,154,0.08,False,False,2,0.07,False,False,3,0.07,False,False,0,0.07,False,False,0
572,1RB1LE_0RC1RF_1LD1RD_1LA0LB_1RC0LD_0RC---,Shift-overflow bouncer counter,0.42,False,False,False,0,11014,5.14,False,False,False,656,100.78,False,False,False,1736,0.07,False,False,4,0.07,False,False,3,0.07,False,False,0,0.07,False,False,0
696,1RB0LE_0RC1RB_1LC1RD_1RF0LA_0RD1LE_1RB---,Cubic Mess,0.36,False,False,False,26,2229,0.33,False,False,False,1814,0.32,False,False,False,185,0.07,False,False,0,0.08,False,False,3,0.08,False,False,0,0.07,False,False,0
697,1RB0RF_1LC0RD_0LD0LC_1RE0RF_0RB---_1LB1RA,Cubic Mess,0.58,False,False,False,805,994,0.33,False,False,False,2260,0.34,False,False,False,219,0.07,False,False,1,0.07,False,False,5,0.07,False,False,0,0.07,False,False,0
700,1RB0LA_0RC---_0RD0RF_1LD0LE_0LA1LE_1RA0RE,Cubic Mess,0.36,False,False,False,138,4873,0.34,False,False,False,4664,0.32,False,False,False,603,0.07,False,False,7,0.08,False,False,7,0.07,False,False,0,0.07,False,False,0
701,1RB1LB_1RC---_1LD1LF_1LE0LD_0LA1RF_1LC0RE,Cubic Mess,0.33,False,False,False,34,8340,0.1,False,False,False,695,0.34,False,False,False,703,0.07,False,False,6,0.08,False,False,5,0.07,False,False,0,0.07,False,False,0
702,1RB0RE_1RC0LD_1LD0RF_0LB0LA_1LC1RE_---0RE,Cubic Mess,0.34,False,False,False,68,2890,0.34,False,False,False,1242,0.32,False,False,False,122,0.06,False,False,2,0.07,False,False,5,0.07,False,False,0,0.07,False,False,0
704,1RB0RE_0RC---_1LD0RA_0LA0LD_1LC1RF_1RC0RE,Cubic Mess,0.6,False,False,False,879,1782,0.33,False,False,False,1572,0.32,False,False,False,208,0.07,False,False,5,0.08,False,False,5,0.07,False,False,0,0.07,False,False,0
698,1RB1LF_1RC1RF_0LD1RE_---1LC_0RB1RE_1LA0LE,Cubic Mess,2.82,False,False,False,0,2089,0.22,False,False,False,701,0.33,False,False,False,101,0.07,False,False,5,0.07,False,False,6,0.06,False,False,0,0.07,False,False,0
705,1RB1LA_1LC0RA_0LF0LD_1RE1LD_1RE0RB_---0LC,Cubic Mess,0.41,False,False,False,106,2494,0.17,False,False,False,239,0.32,False,False,False,95,0.07,False,False,4,0.07,False,False,5,0.07,False,False,0,0.08,False,False,0
706,1RB1RC_1LC0LE_1RD1RC_1LB0RA_---0LF_1RD1LF,Cubic Mess,0.36,False,False,False,35,3124,0.36,False,False,False,1339,0.35,False,False,False,216,0.07,False,False,3,0.08,False,False,3,0.08,False,False,0,0.07,False,False,0
707,1RB1RA_1RC---_1RD0LD_1LE1RF_0RA1LD_0RC0LC,Cubic Mess,0.69,False,False,False,0,178,0.37,False,False,False,3283,0.34,False,False,False,560,0.07,False,False,3,0.07,False,False,3,0.07,False,False,0,0.07,False,False,0
703,1RB1RD_0LC1RA_1LA1LC_1RA1LE_1RF0LD_---0RE,Cubic Mess,2.96,False,False,False,0,4255,0.14,False,False,False,665,0.33,False,False,False,401,0.07,False,False,6,0.08,False,False,6,0.07,False,False,0,0.07,False,False,0
709,1RB1LA_1LC0RE_---0LD_1LA0LF_1RA1RE_1LA0LB,Cubic Mess,0.4,False,False,False,71,1979,0.3,False,False,False,1991,0.32,False,False,False,401,0.07,False,False,4,0.07,False,False,5,0.07,False,False,0,0.07,False,False,0
596,1RB1LB_1RC0RD_0LA1RE_0RF1LC_1LA0RB_---1LC,Shift-overflow bouncer counter,0.37,False,False,False,0,11767,52.76,False,False,False,756,31.46,False,False,False,1019,0.07,False,False,4,0.07,False,False,5,0.07,False,False,0,0.06,False,False,0
699,1RB0LD_1LC1RA_1RA1LC_1LE1LA_0RF1LD_---1RE,Cubic Mess,5.64,False,False,False,1,7357,0.09,False,False,False,170,0.24,False,False,False,262,0.07,False,False,7,0.07,False,False,4,0.06,False,False,0,0.07,False,False,0
711,1RB1LD_0RC0RF_1LC0LA_0LE1LD_1LA---_0RB0LF,Cubic Mess,0.3,False,False,False,37,4102,0.33,False,False,False,1386,0.32,False,False,False,315,0.07,False,False,1,0.07,False,False,5,0.06,False,False,0,0.07,False,False,0
710,1RB0LD_1RC1RF_0RD1RA_1LE1RC_0LA0LD_0RC---,Cubic Mess,0.96,False,False,False,0,513,0.34,False,False,False,2146,0.32,False,False,False,237,0.07,False,False,2,0.07,False,False,2,0.07,False,False,0,0.06,False,False,0
714,1RB1RA_1LC1LD_1LD0LB_1RE0RF_---1RD_1RA1RB,Cubic Mess,0.36,False,False,False,117,3343,0.33,False,False,False,737,0.32,False,False,False,124,0.07,False,False,4,0.06,False,False,4,0.07,False,False,0,0.06,False,False,0
715,1RB0LA_0RC0RF_0RD0RA_1LD0LE_0LA1LE_---1LB,Cubic Mess,0.34,False,False,False,83,4016,0.33,False,False,False,4326,0.32,False,False,False,427,0.07,False,False,6,0.07,False,False,7,0.07,False,False,0,0.06,False,False,0
712,1RB---_1RC0LD_0LB0RE_1LB1LC_1RD1RF_1RD1RA,Cubic Mess,0.92,False,False,False,0,413,0.34,False,False,False,1229,0.32,False,False,False,162,0.07,False,False,0,0.07,False,False,2,0.07,False,False,0,0.07,False,False,0
716,1RB1LA_1LA0RC_1RD1RC_1LE0RC_---0LF_1LE0LA,Cubic Mess,0.55,False,False,False,530,1192,0.11,False,False,False,351,0.32,False,False,False,151,0.07,False,False,4,0.07,False,False,3,0.07,False,False,0,0.09,False,False,0
713,1RB1RD_0LC1RA_1RA1LC_0RB1LE_1RF0LD_---0RE,Cubic Mess,1.29,False,False,False,2,3999,0.34,False,False,False,1826,0.32,False,False,False,347,0.07,False,False,9,0.08,False,False,11,0.08,False,False,0,0.07,False,False,0
708,1RB1RA_0LC0RE_1LF1LD_1LA0LA_1LC1RB_---1LC,Cubic Mess,3.95,False,False,False,0,1888,0.34,False,False,False,1072,0.33,False,False,False,274,0.07,False,False,4,0.07,False,False,4,0.07,False,False,0,0.09,False,False,0
718,1RB0LA_0RC---_0RD0RF_1LD0LE_0LA1LE_0RA0LA,Cubic Mess,0.34,False,False,False,102,4830,0.35,False,False,False,2391,0.38,False,False,False,398,0.07,False,False,3,0.08,False,False,6,0.07,False,False,0,0.08,False,False,0
719,1RB0RB_1RC0RD_1LD1RC_1RF0LE_1LC1LE_---0RA,Cubic Mess,0.42,False,False,False,78,1999,0.34,False,False,False,2647,0.33,False,False,False,204,0.07,False,False,3,0.07,False,False,7,0.08,False,False,0,0.08,False,False,0
717,1RB0LF_1RC1RA_0RD0RB_1LE---_0LA1LE_1RD1LA,Cubic Mess,1.59,False,False,False,0,2016,0.08,False,False,False,37,0.11,False,False,False,59,0.08,False,False,3,0.07,False,False,6,0.1,False,False,0,0.08,False,False,0
720,1RB0LC_1LC0RE_1LD1LC_1LA1RD_---0RF_0LB0RD,Cubic Mess,0.55,False,False,False,79,2849,0.13,False,False,False,267,0.34,False,False,False,580,0.08,False,False,5,0.09,False,False,3,0.1,False,False,0,0.09,False,False,0
721,1RB0LC_1RC0RF_1LA0LD_0LE0RA_0RB1LD_0LA---,Cubic Mess,0.36,False,False,False,36,3245,0.34,False,False,False,1072,0.33,False,False,False,145,0.1,False,False,8,0.09,False,False,5,0.1,False,False,0,0.08,False,False,0
722,1RB1RD_1LC0LE_1RA0LB_1RB---_0LF0RC_0RA1LE,Cubic Mess,0.37,False,False,False,36,2438,0.34,False,False,False,1254,0.37,False,False,False,521,0.09,False,False,6,0.09,False,False,3,0.08,False,False,0,0.08,False,False,0
723,1RB0LC_1LC0RE_1LD1LC_1LA1RD_1RF1RB_---0RB,Cubic Mess,0.32,False,False,False,30,3855,0.1,False,False,False,50,0.23,False,False,False,105,0.09,False,False,4,0.08,False,False,5,0.09,False,False,0,0.09,False,False,0
724,1RB0LE_0RC0RB_1LD0LD_1RA1LC_---1LF_1LA0LC,Cubic Mess,0.4,False,False,False,63,3336,0.11,False,False,False,190,0.26,False,False,False,100,0.1,False,False,4,0.09,False,False,0,0.07,False,False,0,0.06,False,False,0
725,1RB0RE_1LC0RA_1LA1LD_1LA---_0RF0LB_0LD1RE,Cubic Mess,0.41,False,False,False,37,2465,0.37,False,False,False,851,0.32,False,False,False,211,0.06,False,False,4,0.06,False,False,6,0.06,False,False,0,0.07,False,False,0
727,1RB1RF_1RC0RB_0RD1LF_1LE1RE_1LA---_1RA0LC,Cubic Mess,0.36,False,False,False,37,8270,0.37,False,False,False,9644,0.32,False,False,False,641,0.07,False,False,3,0.07,False,False,6,0.06,False,False,0,0.06,False,False,0
730,1RB1LA_1LC0RE_---0LD_1RE0LF_1RA1RE_1LA0LB,Cubic Mess,0.33,False,False,False,48,2075,0.29,False,False,False,1767,0.29,False,False,False,183,0.07,False,False,3,0.07,False,False,6,0.08,False,False,0,0.08,False,False,0
726,1RB1RF_0RC1RE_1LD1RB_0LE0LC_1RA0LC_0RB---,Cubic Mess,1.0,False,False,False,0,491,0.33,False,False,False,2261,0.32,False,False,False,208,0.07,False,False,2,0.08,False,False,1,0.08,False,False,0,0.07,False,False,0
731,1RB1RA_1LC0RC_1RE0LD_0RE0LF_1RA---_1RB1LF,Cubic Mess,0.36,False,False,False,35,3124,0.35,False,False,False,1658,0.32,False,False,False,219,0.07,False,False,2,0.06,False,False,1,0.07,False,False,0,0.07,False,False,0
732,1RB0LD_1LC1RD_0LE1LA_0RB1RD_---0LF_1RA1LF,Cubic Mess,0.37,False,False,False,26,2582,0.18,False,False,False,863,0.32,False,False,False,201,0.07,False,False,3,0.07,False,False,5,0.07,False,False,0,0.07,False,False,0
733,1RB1RA_1RC1LB_1LD0RA_---0LE_1LC0LF_1RE0LB,Cubic Mess,0.45,False,False,False,40,2915,0.18,False,False,False,666,0.32,False,False,False,229,0.07,False,False,4,0.07,False,False,3,0.07,False,False,0,0.07,False,False,0
734,1RB1RD_0RC0RD_0LD1LE_1LC0RB_1LF---_1LA0LE,Cubic Mess,0.33,False,False,False,56,1331,0.33,False,False,False,746,0.33,False,False,False,27,0.07,False,False,4,0.07,False,False,6,0.07,False,False,0,0.07,False,False,0
736,1RB1RA_1RC1LB_1LD0RA_1LB0LE_1LF1LD_---0LD,Cubic Mess,0.29,False,False,False,30,2928,0.08,False,False,False,51,0.14,False,False,False,28,0.07,False,False,4,0.07,False,False,2,0.07,False,False,0,0.06,False,False,0
735,1RB1LA_0RC0RD_1LC1LA_1RE1RD_1LF0LA_---0LE,Cubic Mess,0.32,False,False,False,8,2910,0.33,False,False,False,707,0.32,False,False,False,123,0.06,False,False,3,0.07,False,False,7,0.07,False,False,0,0.06,False,False,0
738,1RB0LC_1LA1RB_0LD1LC_1RE1LF_0RE0RB_---0LE,Cubic Mess,0.31,False,False,False,44,1613,0.16,False,False,False,736,0.32,False,False,False,120,0.07,False,False,2,0.07,False,False,2,0.08,False,False,0,0.07,False,False,0
737,1RB1RA_1RC1LB_1LD0RA_1LA0LE_---0LF_0RC0LB,Cubic Mess,0.33,False,False,False,49,2661,0.32,False,False,False,1047,0.32,False,False,False,242,0.07,False,False,4,0.08,False,False,4,0.07,False,False,0,0.07,False,False,0
728,1RB1LE_1RC1RA_0LD1RB_1LE1LD_1RF0LA_---0RE,Cubic Mess,3.27,False,False,False,0,3582,0.33,False,False,False,1408,0.34,False,False,False,368,0.07,False,False,5,0.07,False,False,6,0.08,False,False,0,0.07,False,False,0
747,1RB1RE_1LC0RA_0RD1LB_---1RC_1LF1RE_0LB0LE,Quadratic Mess,0.27,False,False,False,1,-2,0.28,False,False,False,2334,0.34,False,False,False,1093,0.07,False,False,4,0.07,False,False,5,0.07,False,False,0,0.07,False,False,0
751,1RB1LE_1LB1LC_1RD0LE_---0RB_1RF1LA_0RA0RD,Quadratic Mess,0.3,False,False,False,14,-2,0.08,False,False,False,18,0.08,False,False,False,11,0.07,False,False,4,0.07,False,False,5,0.06,False,False,0,0.07,False,False,0
752,1RB0RF_1RC1RF_1LD0LE_---1LC_1RA1LE_1LC1RB,Quadratic Mess,0.31,False,False,False,6,-2,0.34,False,False,False,791,0.33,False,False,False,276,0.07,False,False,4,0.06,False,False,4,0.06,False,False,0,0.07,False,False,0
574,1RB0RB_1LC1RA_1LF0LD_0LE1LD_1LA1LC_---1LA,Shift-overflow bouncer counter,0.42,False,False,False,0,9468,0.39,False,False,False,9608,120,True,,,,0.07,False,False,4,0.07,False,False,4,0.07,False,False,0,0.07,False,False,0
753,1RB1LD_1RC0RA_1LA1RE_0LA0LB_0RB1RF_---1RD,Quadratic Mess,0.33,False,False,False,8,-2,0.11,False,False,False,333,0.33,False,False,False,471,0.07,False,False,7,0.07,False,False,4,0.07,False,False,0,0.06,False,False,0
729,1RB1RA_1LC1LB_1RE0LD_1RA0LB_---0RF_1RC0RA,Cubic Mess,5.05,False,False,False,0,339,0.24,False,False,False,705,0.32,False,False,False,207,0.07,False,False,3,0.07,False,False,5,0.07,False,False,0,0.07,False,False,0
754,1RB0RB_1LB0LC_1RD1LC_1RE0RA_0RF1RA_---1LB,Quadratic Mess,0.28,False,False,False,12,-2,0.07,False,False,False,21,0.17,False,False,False,83,0.07,False,False,3,0.06,False,False,4,0.06,False,False,0,0.06,False,False,0
757,1RB1LD_1LC1RE_1RA0LB_1LF1LA_0RB0RC_---0RE,Quadratic Mess,0.31,False,False,False,36,-2,0.09,False,False,False,282,0.35,False,False,False,633,0.07,False,False,5,0.06,False,False,2,0.07,False,False,0,0.07,False,False,0
758,1RB1RE_0RC---_1RD0RD_1LE0LF_1RA0LD_1LC1RB,Quadratic Mess,0.41,False,False,False,94,32275874,0.32,False,False,False,2006,0.37,False,False,False,408,0.07,False,False,12,0.07,False,False,8,0.06,False,False,0,0.06,False,False,0
759,1RB0RF_1LC0RA_1LD1LB_0LE---_1LA0LA_1RE1LD,Quadratic Mess,0.41,False,False,False,104,16782760,0.12,False,False,False,455,0.33,False,False,False,561,0.07,False,False,6,0.07,False,False,9,0.06,False,False,0,0.07,False,False,0
748,1RB0LD_1LC0RA_1RA1LB_1LA1LE_1RF0LC_---0RE,Quadratic Mess,3.89,False,False,False,0,-2,0.25,False,False,False,2526,0.32,False,False,False,431,0.07,False,False,11,0.07,False,False,4,0.06,False,False,0,0.07,False,False,0
749,1RB---_1RC1LE_0RD0RF_0RE0LA_1LF0LB_1LA1LD,Quadratic Mess,4.43,False,False,False,1,-2,0.11,False,False,False,261,0.34,False,False,False,366,0.07,False,False,7,0.07,False,False,2,0.06,False,False,0,0.07,False,False,0
761,1RB0LC_0LC1RF_1LE1RD_0RC1RC_0LA1LA_---1RA,Quadratic Mess,0.34,False,False,False,33,-2,0.39,False,False,False,6572,0.34,False,False,False,1170,0.08,False,False,4,0.07,False,False,8,0.07,False,False,0,0.07,False,False,0
760,1RB1RF_1LC0LA_---0LD_1LE1RB_0RA0LB_1RE0RE,Quadratic Mess,1.16,False,False,False,871,-2,0.36,False,False,False,6487,0.34,False,False,False,670,0.07,False,False,1,0.08,False,False,2,0.07,False,False,0,0.07,False,False,0
755,1RB1RE_1LC0RA_1RD0LB_1LB1RC_1LF0RD_---0LE,Quadratic Mess,3.57,False,False,False,0,-2,0.15,False,False,False,565,0.35,False,False,False,748,0.08,False,False,10,0.07,False,False,6,0.07,False,False,0,0.07,False,False,0
584,1RB0LC_1RC1RE_1RD0RA_0LE0RF_1RA0LD_1LD---,Shift-overflow bouncer counter,0.33,False,False,False,0,5436,0.59,False,False,False,10592,120,True,,,,0.07,False,False,5,0.07,False,False,6,0.07,False,False,0,0.07,False,False,0
764,1RB0RC_1RC---_1LD1RE_1LE0LD_1RA0LF_0RC0RB,Quadratic Mess,0.56,False,False,False,309,-2,0.24,False,False,False,1252,0.21,False,False,False,962,0.07,False,False,6,0.06,False,False,1,0.07,False,False,0,0.07,False,False,0
756,1RB1LC_1RC0LD_1LA0RB_1LB1LE_1RF0LA_---0RE,Quadratic Mess,4.24,False,False,False,0,-2,0.19,False,False,False,3001,0.35,False,False,False,1146,0.07,False,False,4,0.07,False,False,12,0.06,False,False,0,0.07,False,False,0
765,1RB1RF_1LC1LF_---1LD_1LE0RA_1RE1LB_1RD0LD,Quadratic Mess,1.22,False,False,False,642,578143275,0.08,False,False,False,134,0.32,False,False,False,312,0.07,False,False,2,0.07,False,False,2,0.07,False,False,0,0.07,False,False,0
585,1RB1LD_1RC0RC_1LD1RB_1LF0LE_0LA1LE_---1LB,Shift-overflow bouncer counter,0.4,False,False,False,0,7696,0.44,False,False,False,3549,120,True,,,,0.07,False,False,2,0.07,False,False,6,0.07,False,False,0,0.07,False,False,0
769,1RB0RE_1LC0LE_---1LD_1LE1LB_1RA0LF_0RD1LA,Quadratic Mess,0.36,False,False,False,0,449,0.34,False,False,False,2724,0.33,False,False,False,324,0.07,False,False,3,0.07,False,False,2,0.07,False,False,0,0.07,False,False,0
768,1RB1LF_0RC1RD_1LA1LD_1LE0RA_---1LC_0LA1LA,Quadratic Mess,1.77,False,False,False,0,-2,0.35,False,False,False,4485,0.33,False,False,False,554,0.07,False,False,4,0.07,False,False,4,0.07,False,False,0,0.07,False,False,0
587,1RB1RC_1LC0RA_1RA0LD_0RE0LF_0LB---_0RF0RE,Shift-overflow bouncer counter,0.36,False,False,False,0,3912,0.63,False,False,False,5412,120,True,,,,0.07,False,False,4,0.07,False,False,4,0.08,False,False,0,0.07,False,False,0
771,1RB0LD_1RC1RE_1LA0RA_1LE1LC_1RF1RC_---1RA,Quadratic Mess,1.22,False,False,False,651,922305522,0.09,False,False,False,159,0.36,False,False,False,367,0.07,False,False,2,0.08,False,False,1,0.07,False,False,0,0.07,False,False,0
762,1RB0LF_1LC0LD_1RD1LB_---1RE_0RA1RE_1LA0LE,Quadratic Mess,4.86,False,False,False,0,-2,0.35,False,False,False,1110,0.33,False,False,False,369,0.07,False,False,10,0.08,False,False,6,0.07,False,False,0,0.07,False,False,0
767,1RB1RF_0RC1LE_0RD---_1LE0RE_1LF0RA_1RE0LB,Quadratic Mess,2.37,False,False,False,0,14284,0.23,False,False,False,966,0.68,False,False,False,3771,0.07,False,False,2,0.08,False,False,2,0.08,False,False,0,0.08,False,False,0
770,1RB1RE_0LC0LF_0LA0LD_1LE1LC_1RA0LB_---0RE,Quadratic Mess,1.67,False,False,False,0,865,0.38,False,False,False,6546,0.36,False,False,False,1150,0.08,False,False,6,0.07,False,False,2,0.08,False,False,0,0.07,False,False,0
772,1RB1RE_0LC1RF_---1LD_1LE0LD_1LA1LB_1RE0RA,Quadratic Mess,1.52,False,False,False,0,1684,0.41,False,False,False,12286,0.37,False,False,False,2316,0.09,False,False,4,0.07,False,False,3,0.07,False,False,0,0.08,False,False,0
776,1RB1LC_1LC0RD_0LE1LA_0RF1RA_1RD0LA_---0RB,Quadratic Mess,0.33,False,False,False,40,-2,0.38,False,False,False,1411,0.35,False,False,False,736,0.15,False,False,4,0.14,False,False,5,0.09,False,False,0,0.08,False,False,0
773,1RB1RE_1LC0RA_1LA0LD_1LB0LF_0RB0LE_0LA---,Quadratic Mess,0.97,False,False,False,118,-2,0.39,False,False,False,3199,0.43,False,False,False,768,0.12,False,False,5,0.1,False,False,3,0.1,False,False,0,0.1,False,False,0
777,1RB0RE_1LC1LF_1RA0LD_1LB1LA_1RB1RC_---0LA,Quadratic Mess,1.04,False,False,False,627,23374,0.13,False,False,False,367,0.38,False,False,False,154,0.09,False,False,1,0.08,False,False,3,0.08,False,False,0,0.08,False,False,0
779,1RB1RD_1LC0RF_1LD0LB_1RE0RB_---1RA_0LA1RC,Quadratic Mess,0.42,False,False,False,0,463,0.36,False,False,False,3314,0.4,False,False,False,523,0.09,False,False,5,0.09,False,False,3,0.09,False,False,0,0.07,False,False,0
780,1RB0RB_1LC0LF_1RD0LB_1RE1RC_0RA---_1LA1RE,Quadratic Mess,0.47,False,False,False,110,983668,0.12,False,False,False,403,0.35,False,False,False,348,0.09,False,False,2,0.09,False,False,4,0.08,False,False,0,0.09,False,False,0
774,1RB0RA_1RC1RD_1LD1LB_0RF1LE_1LE0LC_---1RA,Quadratic Mess,1.88,False,False,False,0,1657,0.46,False,False,False,6547,0.39,False,False,False,1696,0.1,False,False,4,0.08,False,False,1,0.08,False,False,0,0.08,False,False,0
781,1RB1LC_1LC0RD_0LE1LA_---1RA_1RF0LA_0RF0RB,Quadratic Mess,0.37,False,False,False,40,-2,0.36,False,False,False,1411,0.35,False,False,False,736,0.08,False,False,4,0.08,False,False,5,0.09,False,False,0,0.08,False,False,0
782,1RB0LE_1RC---_0RD0RE_1LE0RB_0LA0LF_0RC0LD,Quadratic Mess,0.45,False,False,False,28,-2,0.12,False,False,False,388,0.14,False,False,False,230,0.09,False,False,6,0.08,False,False,1,0.08,False,False,0,0.08,False,False,0
783,1RB0LE_0RC1RC_0RD1LA_1LD0LA_1LF1LC_---1LC,Quadratic Mess,0.44,False,False,False,122,103604053,0.11,False,False,False,200,0.15,False,False,False,249,0.09,False,False,3,0.08,False,False,4,0.09,False,False,0,0.08,False,False,0
778,1RB0LC_1RC1RA_0LD0LF_0LB0LE_1LA1LD_---0RA,Quadratic Mess,2.72,False,False,False,0,959,0.37,False,False,False,4915,0.37,False,False,False,1372,0.07,False,False,10,0.08,False,False,6,0.08,False,False,0,0.08,False,False,0
786,1RB0LE_0RC1RC_0RD1LA_1LD0LA_1LF1LC_---0LA,Quadratic Mess,0.4,False,False,False,122,103604053,0.11,False,False,False,200,0.15,False,False,False,249,0.08,False,False,2,0.08,False,False,5,0.09,False,False,0,0.07,False,False,0
787,1RB1LC_1LC0RD_0LE1LA_0RF1RA_1LA0LA_---0RB,Quadratic Mess,0.32,False,False,False,35,-2,0.37,False,False,False,2038,0.35,False,False,False,469,0.07,False,False,2,0.08,False,False,3,0.07,False,False,0,0.08,False,False,0
775,1RB0LF_1LC1RA_0RD1LB_0LA0RE_1RC1RB_---0LD,Quadratic Mess,3.7,False,False,False,0,665,0.38,False,False,False,4326,0.38,False,False,False,1117,0.08,False,False,1,0.07,False,False,0,0.07,False,False,0,0.09,False,False,0
789,1RB0LE_1LB1RC_0RF0RD_1RE0LA_1LA1RE_---0RB,Quadratic Mess,0.59,False,False,False,24,-2,0.15,False,False,False,107,0.36,False,False,False,109,0.08,False,False,7,0.09,False,False,9,0.08,False,False,0,0.09,False,False,0
590,1RB1RD_1LC0LC_1RD1LB_1RF0RE_0RA1RE_---1RB,Shift-overflow bouncer counter,0.4,False,False,False,0,7697,0.38,False,False,False,9224,120,True,,,,0.09,False,False,6,0.08,False,False,7,0.08,False,False,0,0.08,False,False,0
790,1RB1RC_1LC1LC_1RE0LD_1LB1RF_---1RA_0RD1RD,Quadratic Mess,1.45,False,False,False,0,-2,0.14,False,False,False,950,0.44,False,False,False,172,0.09,False,False,1,0.1,False,False,6,0.11,False,False,0,0.09,False,False,0
793,1RB0LD_0RC0RF_1LD0RB_1LE---_0LA0LB_0LE0RA,Quadratic Mess,0.44,False,False,False,28,-2,0.12,False,False,False,216,0.19,False,False,False,244,0.09,False,False,0,0.09,False,False,2,0.1,False,False,0,0.09,False,False,0
792,1RB1RB_1LC0RE_---1LD_0RA1LB_1RA1LF_0LE1LE,Quadratic Mess,1.26,False,False,False,0,-2,0.39,False,False,False,6658,0.46,False,False,False,1379,0.09,False,False,2,0.1,False,False,5,0.09,False,False,0,0.09,False,False,0
791,1RB1RE_0LC1RF_---1LD_1LE0LD_1LA1LB_1RF0RA,Quadratic Mess,1.55,False,False,False,0,1684,0.47,False,False,False,12506,0.43,False,False,False,2330,0.09,False,False,2,0.09,False,False,2,0.08,False,False,0,0.07,False,False,0
794,1RB1LD_0RC1LE_1RD0LA_1RE0RC_1LF0LC_---1LB,Quadratic Mess,0.38,False,False,False,0,402,0.39,False,False,False,3206,0.39,False,False,False,519,0.09,False,False,2,0.08,False,False,1,0.09,False,False,0,0.1,False,False,0
750,1RB1LE_1LC0RA_0RF0LD_1LE1LA_1RC0LB_---1RC,Quadratic Mess,17.25,False,False,False,0,115958,0.08,False,False,False,11,0.1,False,False,False,17,0.1,False,False,5,0.13,False,False,3,0.09,False,False,0,0.09,False,False,0
796,1RB0LC_1RC0LE_1LA1RD_0RC0RA_1LF1RE_---1LB,Quadratic Mess,0.36,False,False,False,4,-2,0.18,False,False,False,458,0.37,False,False,False,414,0.1,False,False,1,0.1,False,False,1,0.11,False,False,0,0.1,False,False,0
797,1RB1LD_1LC0RC_0RF1RA_0LE1LA_1RC0LA_---0RB,Quadratic Mess,0.41,False,False,False,121,-2,0.44,False,False,False,1251,0.26,False,False,False,406,0.09,False,False,4,0.1,False,False,3,0.11,False,False,0,0.11,False,False,0
785,1RB1RF_1LC---_1LE1RD_1RA0RC_0LF0LA_0LD0RB,Quadratic Mess,4.91,False,False,False,2,-2,0.18,False,False,False,286,0.42,False,False,False,114,0.1,False,False,4,0.08,False,False,5,0.1,False,False,0,0.07,False,False,0
799,1RB1LD_0RC1LE_1RD0LA_1RE0RF_1LF0LC_---1LB,Quadratic Mess,0.42,False,False,False,0,395,0.35,False,False,False,2875,0.39,False,False,False,460,0.09,False,False,0,0.09,False,False,0,0.09,False,False,0,0.08,False,False,0
798,1RB0RF_1RC0LD_1RD0RA_1LB1LE_0LB0RE_0RD---,Quadratic Mess,0.67,False,False,False,122,-2,0.35,False,False,False,2818,0.36,False,False,False,891,0.08,False,False,4,0.08,False,False,2,0.09,False,False,0,0.08,False,False,0
784,1RB0RE_1LC0RA_1RF0RD_---1LE_0LB1LE_1LE1RC,Quadratic Mess,5.58,False,False,False,0,-2,0.13,False,False,False,410,0.39,False,False,False,472,0.08,False,False,5,0.08,False,False,14,0.08,False,False,0,0.07,False,False,0
800,1RB0LE_1LC1LB_0RD0LC_1RA0RE_1RF1RD_0RA---,Counter Class 1,0.45,False,False,False,0,12,0.36,False,False,False,1,0.35,False,False,False,0,0.08,False,False,6,0.09,False,False,6,0.1,False,False,0,0.08,False,False,0
801,1RB---_0LC0RB_1LE0LD_1LA1LC_1LF0RD_1RB1RF,Counter Class 1,0.33,False,False,False,0,12,0.34,False,False,False,0,0.36,False,False,False,0,0.08,False,False,2,0.09,False,False,3,0.08,False,False,0,0.09,False,False,0
802,1RB0RE_1RC0LE_1LD1LC_0RA0LD_1RF1RA_1LB---,Counter Class 1,0.32,False,False,False,0,12,0.37,False,False,False,1,0.38,False,False,False,0,0.09,False,False,6,0.08,False,False,10,0.08,False,False,0,0.09,False,False,0
803,1RB1RA_0LC0RB_1LF0LD_1LE1LC_0LF---_1LA1LF,Counter Class 1,0.34,False,False,False,0,15,0.35,False,False,False,0,0.34,False,False,False,0,0.1,False,False,3,0.07,False,False,6,0.08,False,False,0,0.09,False,False,0
804,1RB1RA_0LC0RB_1LF0LD_1LE1LC_1LB---_1LA1LF,Counter Class 1,0.31,False,False,False,0,12,0.37,False,False,False,0,0.38,False,False,False,0,0.08,False,False,6,0.09,False,False,3,0.09,False,False,0,0.09,False,False,0
805,1RB0LE_1LC1LB_0RD0LC_1RA0RE_1RF1RD_0LA---,Counter Class 1,0.3,False,False,False,0,11,0.36,False,False,False,1,0.39,False,False,False,0,0.12,False,False,5,0.1,False,False,7,0.09,False,False,0,0.09,False,False,0
806,1RB1RA_0LC0RB_1LF0LD_1LE1LC_0RB---_1LA1LF,Counter Class 1,0.29,False,False,False,0,17,0.38,False,False,False,0,0.34,False,False,False,0,0.09,False,False,4,0.1,False,False,3,0.09,False,False,0,0.09,False,False,0
808,1RB0RE_1RC1RB_1LD1LC_0RA0LD_1RF1RA_0RA---,Counter Class 1,0.28,False,False,False,0,15,0.35,False,False,False,1,0.38,False,False,False,0,0.09,False,False,3,0.09,False,False,4,0.08,False,False,0,0.08,False,False,0
807,1RB0RE_1RC1RB_1LD1LC_0RA0LD_1RF1RA_0LC---,Counter Class 1,0.31,False,False,False,0,14,0.35,False,False,False,1,0.34,False,False,False,0,0.09,False,False,6,0.1,False,False,3,0.1,False,False,0,0.1,False,False,0
809,1RB0RE_1RC1RB_1LD1LC_0RA0LD_1RF1RA_1RA---,Counter Class 1,0.3,False,False,False,0,16,0.37,False,False,False,1,0.35,False,False,False,0,0.1,False,False,1,0.09,False,False,4,0.09,False,False,0,0.08,False,False,0
810,1RB1RA_0LC0RB_1LF0LD_1LE1LC_1LC---_1LA0RD,Counter Class 1,0.37,False,False,False,0,11,0.36,False,False,False,0,0.35,False,False,False,0,0.09,False,False,3,0.08,False,False,7,0.09,False,False,0,0.08,False,False,0
795,1RB0LF_1LC1RA_0RE0RD_---1LE_1LF1RC_1LC1LA,Quadratic Mess,4.38,False,False,False,2,-2,0.1,False,False,False,99,0.38,False,False,False,753,0.09,False,False,8,0.08,False,False,6,0.09,False,False,0,0.09,False,False,0
811,1RB1RA_1LC1LB_0RD0LC_1RA0RE_1RF1RD_0LB---,Counter Class 1,0.31,False,False,False,0,9,0.36,False,False,False,1,0.37,False,False,False,0,0.1,False,False,7,0.09,False,False,7,0.09,False,False,0,0.08,False,False,0
812,1RB1RC_0RC---_1RD0RA_1RE1RD_1LF1LE_0RC0LF,Counter Class 1,0.32,False,False,False,0,16,0.37,False,False,False,1,0.37,False,False,False,0,0.09,False,False,3,0.08,False,False,3,0.08,False,False,0,0.08,False,False,0
813,1RB1RA_1LC1LB_0LD0LC_0RE0RF_0RF---_1RA1RD,Counter Class 1,0.36,False,False,False,0,12,0.35,False,False,False,1,0.4,False,False,False,0,0.09,False,False,4,0.09,False,False,6,0.1,False,False,0,0.08,False,False,0
814,1RB0LE_1LC1LB_0RD0LC_1RA0RE_0RF1RD_0LD---,Counter Class 1,0.33,False,False,False,0,21,0.36,False,False,False,1,0.35,False,False,False,0,0.09,False,False,3,0.09,False,False,3,0.08,False,False,0,0.09,False,False,0
815,1RB1RA_0RC0RB_0LD0LE_0LE---_1LF1LC_1LA1LF,Counter Class 1,0.35,False,False,False,0,16,0.35,False,False,False,0,0.38,False,False,False,0,0.1,False,False,3,0.09,False,False,5,0.1,False,False,0,0.09,False,False,0
817,1RB1RD_1LC---_1LE0LD_0RE1LC_1RA1RF_1RE0LF,Counter Class 2,0.27,False,False,False,0,35,0.38,False,False,False,589,0.36,False,False,False,1,0.09,False,False,0,0.08,False,False,1,0.09,False,False,0,0.08,False,False,0
816,1RB1RC_1LA---_0RE1LD_0LF0LC_1RA1RF_1RE0LF,Counter Class 2,0.31,False,False,False,0,35,0.41,False,False,False,552,0.35,False,False,False,1,0.09,False,False,2,0.08,False,False,2,0.07,False,False,0,0.07,False,False,0
818,1RB0LF_1RC0LB_1RD1RB_1RE1RF_1LA---_0RC1LA,Counter Class 2,0.41,False,False,False,0,63,0.37,False,False,False,1132,0.41,False,False,False,18,0.08,False,False,2,0.09,False,False,1,0.09,False,False,0,0.08,False,False,0
820,1RB---_0RC0RF_1LD0RC_1LE1LC_1LA1LF_0LD1RB,Counter Class 2,0.26,False,False,False,0,43,0.39,False,False,False,242,0.44,False,False,False,0,0.09,False,False,1,0.08,False,False,1,0.09,False,False,0,0.09,False,False,0
821,1RB1RF_1RC1RE_1LD---_0LF0LE_0RA1LD_1RA0LF,Counter Class 2,0.27,False,False,False,0,47,0.44,False,False,False,1879,0.37,False,False,False,1,0.09,False,False,1,0.09,False,False,1,0.12,False,False,0,0.11,False,False,0
819,1RB0LA_1RC1RA_1RD1RE_1LC---_0RB1LF_1RA0LE,Counter Class 2,0.56,False,False,False,0,57,0.46,False,False,False,930,0.35,False,False,False,20,0.1,False,False,0,0.13,False,False,1,0.15,False,False,0,0.1,False,False,0
822,1RB1RD_1LC---_1RF0LD_0RE1LC_1RA1RF_1RE0LF,Counter Class 2,0.48,False,False,False,0,84,0.32,False,False,False,1225,0.34,False,False,False,33,0.09,False,False,2,0.11,False,False,1,0.12,False,False,0,0.13,False,False,0
823,1RB1RA_1RC1LB_0LD0RA_1RF1LE_---1LF_1LC0LF,Counter Class 3,0.36,False,False,False,1,56,0.43,False,False,False,2,0.34,False,False,False,0,0.1,False,False,2,0.11,False,False,7,0.16,False,False,0,0.1,False,False,0
824,1RB0RA_0RC0LD_1LA1RF_1LE1LD_1LB1RE_---1RA,Counter Class 3,0.34,False,False,False,0,32,0.37,False,False,False,0,0.4,False,False,False,0,0.14,False,False,2,0.12,False,False,4,0.09,False,False,0,0.1,False,False,0
825,1RB0RA_0RC0LE_1LD1RF_1LB1RD_1LD1LE_---1RA,Counter Class 3,0.29,False,False,False,1,43,0.41,False,False,False,0,0.41,False,False,False,0,0.12,False,False,4,0.12,False,False,5,0.1,False,False,0,0.1,False,False,0
827,1RB1RA_1RC1LE_1RD1LC_0LB0RA_---1LF_1LD0LF,Counter Class 3,0.41,False,False,False,0,57,0.4,False,False,False,2,0.54,False,False,False,0,0.08,False,False,2,0.08,False,False,6,0.09,False,False,0,0.08,False,False,0
826,1RB0LC_0LC1RE_1LD1LC_1LA1RD_---1RF_0RA0RF,Counter Class 3,0.43,False,False,False,0,43,0.42,False,False,False,0,0.57,False,False,False,0,0.09,False,False,5,0.08,False,False,4,0.08,False,False,0,0.08,False,False,0
828,1RB0RA_0RC0LE_1LD1RF_1LB1RD_1LC1LE_---1RA,Counter Class 3,0.36,False,False,False,0,38,0.4,False,False,False,0,0.64,False,False,False,0,0.08,False,False,2,0.09,False,False,4,0.09,False,False,0,0.08,False,False,0
829,1RB1RA_1RC1LB_0LD0RA_1RA1LE_---1LF_1LC0LF,Counter Class 3,0.33,False,False,False,1,44,0.5,False,False,False,1,0.59,False,False,False,0,0.09,False,False,4,0.08,False,False,7,0.09,False,False,0,0.09,False,False,0
830,1RB1LC_1RC1LB_1LD0RB_0LE1RD_---0LF_0LA1LF,Counter Class 4,0.43,False,False,False,0,44,0.56,False,False,False,0,0.58,False,False,False,0,0.08,False,False,5,0.08,False,False,6,0.09,False,False,0,0.08,False,False,0
831,1RB1LA_1LC0RA_0LD1RC_---0LE_0LF1LE_1RF1LB,Counter Class 4,0.46,False,False,False,0,43,0.41,False,False,False,0,0.7,False,False,False,0,0.09,False,False,3,0.09,False,False,1,0.08,False,False,0,0.08,False,False,0
833,1RB0LA_1RC---_0LD1RD_1RA0RE_0RF1RC_1LF0LA,Translated Counter,0.74,False,False,False,0,4324,0.6,False,False,False,359,0.55,False,False,False,133,0.07,False,False,5,0.08,False,False,1,0.07,False,False,0,0.08,False,False,0
832,1RB0LA_1RC---_0LD1RD_0RA0RE_0RF1RC_1LF0LA,Translated Counter,0.81,False,False,False,0,4461,0.62,False,False,False,357,0.54,False,False,False,133,0.08,False,False,2,0.08,False,False,3,0.07,False,False,0,0.08,False,False,0
834,1RB0RD_1RC---_0LA1RA_0RE1RC_1LE0LF_0RC0LF,Translated Counter,0.81,False,False,False,0,4326,0.57,False,False,False,301,0.51,False,False,False,112,0.08,False,False,1,0.08,False,False,4,0.08,False,False,0,0.08,False,False,0
836,1RB0LA_1RC---_0LD1RD_0RB0RE_0RF0LD_1LF0LA,Translated Counter,0.68,False,False,False,0,6645,0.56,False,False,False,353,0.55,False,False,False,132,0.09,False,False,2,0.08,False,False,0,0.09,False,False,0,0.08,False,False,0
835,1RB---_0RC1LF_1LC1LD_1RE0RA_0RD1RF_0LD0LF,Translated Counter,0.91,False,False,False,0,1641,0.59,False,False,False,2044,0.61,False,False,False,17,0.07,False,False,3,0.08,False,False,4,0.09,False,False,0,0.08,False,False,0
839,1RB0LC_1LA0RE_0RD0LA_1RE1RA_0LD1RF_0RB---,Structural counter + counter,0.73,False,False,False,0,225,0.54,False,False,False,1146,0.46,False,False,False,227,0.09,False,False,0,0.08,False,False,0,0.08,False,False,0,0.08,False,False,0
838,1RB0RA_0LC0LA_1RF1LD_1LE0LD_1LC1LF_---1RA,Structural counter + counter,0.76,False,False,False,0,566,0.59,False,False,False,2475,0.5,False,False,False,428,0.07,False,False,2,0.08,False,False,2,0.08,False,False,0,0.08,False,False,0
840,1RB---_1LC1RE_1LD0LC_1LE1LC_1RF0RE_1RA0RB,Structural counter + counter,0.55,False,False,False,0,110,0.49,False,False,False,4388,0.33,False,False,False,556,0.09,False,False,3,0.08,False,False,1,0.1,False,False,0,0.08,False,False,0
841,1RB1RC_0LA1RF_1RD0LE_1LC0RB_0RA0LC_0RD---,Structural counter + counter,0.66,False,False,False,0,224,0.38,False,False,False,779,0.39,False,False,False,216,0.08,False,False,1,0.09,False,False,2,0.09,False,False,0,0.09,False,False,0
842,1RB0LC_1LA0RE_0RD1LF_1LC1LB_0LD0RB_0LA---,Structural counter + counter,0.48,False,False,False,0,226,0.35,False,False,False,1071,0.33,False,False,False,219,0.09,False,False,1,0.08,False,False,2,0.08,False,False,0,0.1,False,False,0
837,1RB1RF_0RC1RD_1LC1LA_0LE1RE_1RA0RB_---0LC,Translated Counter,2.95,False,False,False,0,1290,0.35,False,False,False,1209,0.39,False,False,False,282,0.08,False,False,7,0.09,False,False,4,0.09,False,False,0,0.08,False,False,0
851,1RB1LD_1LC---_1RE0LD_1LC1LD_1RF0RE_1RA0RC,Structural counter + chaotic edge,1.3,False,False,False,0,757,0.39,False,False,False,5073,0.4,False,False,False,1344,0.2,False,False,1,0.08,False,False,4,0.08,False,False,0,0.11,False,False,0
855,1RB0RA_1LC0RC_1LF0RD_1RA1LE_0LC---_1LD0LA,Structural counter + chaotic edge,0.51,False,False,False,0,3116,0.42,False,False,False,12369,0.43,False,False,False,2107,0.09,False,False,3,0.1,False,False,3,0.09,False,False,0,0.08,False,False,0
850,1RB0LA_1RC1RD_1LB1RA_1RE0RE_1LF0RC_1LA---,Structural counter + chaotic edge,0.4,False,False,False,0,161,1.48,False,False,False,1778,0.58,False,False,False,434,0.1,False,False,2,0.09,False,False,2,0.08,False,False,0,0.07,False,False,0
854,1RB1RA_1LC0RA_1LD0LC_0LE0LB_1LF1RF_1LA---,Structural counter + chaotic edge,2.21,False,False,False,1649,357,0.19,False,False,False,5425,0.39,False,False,False,1541,0.11,False,False,7,0.12,False,False,2,0.08,False,False,0,0.11,False,False,0
858,1RB0LF_1RC0RB_0RD0RA_1RE0LD_1LF---_1LA1LF,Structural counter + chaotic edge,0.78,False,False,False,0,791,0.42,False,False,False,10608,0.41,False,False,False,1700,0.11,False,False,7,0.11,False,False,4,0.08,False,False,0,0.09,False,False,0
856,1RB0RA_1RC0RF_0RD1LE_0LE---_1LF1LE_1RA0LC,Structural counter + chaotic edge,2.24,False,False,False,2071,441,0.44,False,False,False,4299,0.43,False,False,False,918,0.09,False,False,7,0.09,False,False,2,0.09,False,False,0,0.09,False,False,0
859,1RB1LE_1RC0RB_1LD0RA_0LA0LC_0LD1LF_0LB---,Structural counter + chaotic edge,0.88,False,False,False,0,962,0.53,False,False,False,31352,0.49,False,False,False,3699,0.08,False,False,4,0.09,False,False,4,0.09,False,False,0,0.08,False,False,0
860,1RB1LC_1RC---_1LD1LC_1RE0LC_1RF0RE_1RA0RD,Structural counter + chaotic edge,1.22,False,False,False,0,859,0.57,False,False,False,35225,0.38,False,False,False,1989,0.09,False,False,2,0.11,False,False,4,0.11,False,False,0,0.08,False,False,0
857,1RB0RE_0RC1RF_1LD1LE_0LC1RE_1RA0LE_1RD---,Structural counter + chaotic edge,0.68,False,False,False,0,53143,0.59,False,False,False,1474,1.82,False,False,False,899,0.1,False,False,1,0.09,False,False,0,0.09,False,False,0,0.08,False,False,0
861,1RB0RA_1RC0RF_1RD1LE_1RE---_1LF1LE_1RA0LE,Structural counter + chaotic edge,1.21,False,False,False,0,832,0.39,False,False,False,11228,0.36,False,False,False,2030,0.09,False,False,1,0.09,False,False,2,0.08,False,False,0,0.08,False,False,0
862,1RB0LF_1RC0RB_0RD0RA_1RE1LE_1RF---_1LA1LF,Structural counter + chaotic edge,0.9,False,False,False,0,814,0.4,False,False,False,5350,0.35,False,False,False,1374,0.09,False,False,3,0.09,False,False,2,0.09,False,False,0,0.08,False,False,0
863,1RB0RA_1LC0RD_0LD0LB_1RA0LE_1LF---_0RD1LB,Structural counter + chaotic edge,0.72,False,False,False,0,950,0.45,False,False,False,8158,0.37,False,False,False,2905,0.09,False,False,2,0.08,False,False,2,0.09,False,False,0,0.08,False,False,0
864,1RB---_1RC1RB_1LD0RB_1LE0LD_0LF0LC_1LA1RA,Structural counter + chaotic edge,0.71,False,False,False,0,784,0.46,False,False,False,18144,0.36,False,False,False,2355,0.09,False,False,8,0.1,False,False,5,0.09,False,False,0,0.08,False,False,0
865,1RB0RA_1LC0RD_0LD0LB_1RA1LE_0LC1LF_0LA---,Structural counter + chaotic edge,0.8,False,False,False,0,1011,0.51,False,False,False,30642,0.41,False,False,False,3492,0.09,False,False,1,0.09,False,False,3,0.09,False,False,0,0.1,False,False,0
866,1RB0RD_1RC1LE_1LD---_1RF0LE_1LD1LE_1RA0RF,Structural counter + chaotic edge,1.1,False,False,False,0,787,0.17,False,False,False,1713,0.34,False,False,False,1401,0.09,False,False,2,0.08,False,False,2,0.11,False,False,0,0.08,False,False,0
871,1RB1LF_1RC0RE_1LD0RB_1LE0LD_0LA1RB_---1LB,Bouncer + Complex Counter,0.39,False,False,False,12,6400,0.12,False,False,False,111,0.11,False,False,False,58,0.09,False,False,5,0.09,False,False,3,0.1,False,False,0,0.09,False,False,0
870,1RB0LD_1RC1LE_0RD1RA_1LE0RB_0LA0RF_---1RE,Bouncer + Complex Counter,0.53,False,False,False,0,259,0.25,False,False,False,2543,0.35,False,False,False,344,0.08,False,False,3,0.08,False,False,5,0.09,False,False,0,0.12,False,False,0
872,1RB0LD_0RC0LC_1LD0RA_1LE0LF_0LA1LC_0RA---,Bouncer + Complex Counter,0.65,False,False,False,0,248,0.16,False,False,False,1145,0.36,False,False,False,708,0.08,False,False,3,0.08,False,False,4,0.08,False,False,0,0.08,False,False,0
873,1RB1LD_0RC1RE_1LD0RA_0LE0RF_1RA0LC_---1RD,Bouncer + Complex Counter,0.61,False,False,False,0,230,0.4,False,False,False,8160,0.34,False,False,False,728,0.08,False,False,3,0.08,False,False,5,0.07,False,False,0,0.09,False,False,0
874,1RB0LD_1RC1RF_0RD1RA_1LE0RB_0LA0RA_1LE---,Bouncer + Complex Counter,0.56,False,False,False,0,361,0.25,False,False,False,2543,0.35,False,False,False,464,0.08,False,False,3,0.08,False,False,4,0.09,False,False,0,0.08,False,False,0
869,1RB0RA_1RC0LE_1LD0RA_---1LE_0RE0LF_1LB1LC,Bouncer + Translated Counter,0.4,False,False,False,0,1972,1.05,False,False,False,5607,1.1,False,False,False,2003,0.08,False,False,2,0.07,False,False,1,0.08,False,False,0,0.08,False,False,0
875,1RB0LD_0RC0LF_1LD0RA_1LE1RB_0LA1LC_---1LB,Bouncer + Complex Counter,0.61,False,False,False,0,315,0.4,False,False,False,4366,0.34,False,False,False,690,0.08,False,False,2,0.08,False,False,2,0.08,False,False,0,0.08,False,False,0
877,1RB0LE_1RC0RB_0RD1LE_1LE1RF_1LA0LC_---1RE,Bouncer + Complex Counter,0.4,False,False,False,12,5740,0.15,False,False,False,571,0.16,False,False,False,168,0.07,False,False,6,0.08,False,False,6,0.08,False,False,0,0.08,False,False,0
763,1RB0LC_1RC1RF_1LD0RA_1LE0LD_1RC0LA_0LA---,Quadratic Mess,31.76,False,False,False,0,-2,0.22,False,False,False,1794,0.34,False,False,False,409,0.07,False,False,3,0.08,False,False,2,0.08,False,False,0,0.08,False,False,0
868,1RB1RC_1LC0RF_1RE0LD_1LB0LD_---1RF_0LF0RA,Bouncer + Translated Counter,0.41,False,False,False,0,1979,2.39,False,False,False,4755,0.98,False,False,False,1728,0.08,False,False,1,0.08,False,False,1,0.08,False,False,0,0.08,False,False,0
876,1RB1RF_0RC1RE_1LD0RA_0LE0RE_1RA0LC_1LD---,Bouncer + Complex Counter,0.57,False,False,False,0,252,0.33,False,False,False,7057,0.35,False,False,False,827,0.09,False,False,2,0.09,False,False,1,0.09,False,False,0,0.08,False,False,0
886,1RB0LC_1LC0RB_0LE0LD_1LC---_0RA1LF_1LA1LF,Bouncer + Chaotic Edge,0.56,False,False,False,0,3436,0.42,False,False,False,6429,0.5,False,False,False,2034,0.08,False,False,4,0.08,False,False,2,0.09,False,False,0,0.08,False,False,0
889,1RB0LA_1RC0LA_1RD---_1LE1RF_1LF1LE_1LA0RF,Bouncer + Chaotic Edge,0.41,False,False,False,0,374,0.38,False,False,False,3036,0.35,False,False,False,610,0.08,False,False,4,0.07,False,False,3,0.08,False,False,0,0.08,False,False,0
887,1RB1LD_0RC1RC_1LA1RE_---1LE_1RF0RC_0RB0LF,Bouncer + Chaotic Edge,0.56,False,False,False,1,1358,0.99,False,False,False,4067,0.34,False,False,False,576,0.09,False,False,3,0.08,False,False,4,0.09,False,False,0,0.08,False,False,0
885,1RB0RC_1RC1RA_1LD0RA_0LE1RA_---1LF_1RB0LF,Bouncer + Chaotic Edge,1.06,False,False,False,0,254,0.52,False,False,False,6100,1.13,False,False,False,2295,0.08,False,False,1,0.09,False,False,0,0.08,False,False,0,0.08,False,False,0
892,1RB0RF_0RC---_0LD1RA_1RE1LF_1RC0RE_1LD0LF,Bouncer + Chaotic Edge,0.58,False,False,False,0,197,0.4,False,False,False,3947,0.54,False,False,False,1795,0.08,False,False,3,0.08,False,False,3,0.07,False,False,0,0.08,False,False,0
891,1RB0LD_1RC0RD_1LA0RC_1RE1LB_1LF0LA_---0LE,Bouncer + Chaotic Edge,0.68,False,False,False,0,612,0.4,False,False,False,4090,0.88,False,False,False,1318,0.07,False,False,1,0.08,False,False,3,0.07,False,False,0,0.08,False,False,0
893,1RB1RD_1LC0RD_0LE1RD_1RA0RB_---1LF_1RA0LF,Bouncer + Chaotic Edge,0.66,False,False,False,0,191,0.47,False,False,False,6728,0.71,False,False,False,1839,0.09,False,False,1,0.09,False,False,2,0.09,False,False,0,0.08,False,False,0
895,1RB1LA_0LA0LC_---1LD_1LE1LB_1RF0RE_0LD0RE,Bouncer + Chaotic Edge,0.71,False,False,False,0,1200,0.36,False,False,False,3442,0.36,False,False,False,889,0.08,False,False,1,0.07,False,False,1,0.07,False,False,0,0.09,False,False,0
896,1RB1RA_0LC0RF_1LD1LC_1RE1LB_---0RA_1RF0RD,Bouncer + Chaotic Edge,1.01,False,False,False,0,491,0.4,False,False,False,3497,0.38,False,False,False,1277,0.08,False,False,2,0.09,False,False,4,0.09,False,False,0,0.08,False,False,0
899,1RB---_1LC1RD_1LD1LC_1LE0RD_1RF0LE_1RA0LE,Bouncer + Chaotic Edge,0.38,False,False,False,0,356,0.39,False,False,False,3469,0.34,False,False,False,701,0.08,False,False,2,0.07,False,False,3,0.07,False,False,0,0.08,False,False,0
898,1RB1RA_1LC1RE_---0LD_1LE1LD_0RA0LF_1LF0LB,Bouncer + Chaotic Edge,0.97,False,False,False,0,488,0.38,False,False,False,3606,0.34,False,False,False,977,0.07,False,False,3,0.08,False,False,4,0.08,False,False,0,0.07,False,False,0
766,1RB0LD_1LC0RD_1LA0LC_1RE0LB_1RB1RF_0LD---,Quadratic Mess,38.89,False,False,False,0,-2,0.07,False,False,False,21,0.33,False,False,False,503,0.08,False,False,4,0.07,False,False,4,0.08,False,False,0,0.08,False,False,0
897,1RB0RF_1RC0RD_0LD0LC_1RF1RE_1LC---_0RA1RD,Bouncer + Chaotic Edge,0.5,False,False,False,0,6281,2.11,False,False,False,3288,1.36,False,False,False,501,0.07,False,False,0,0.07,False,False,4,0.07,False,False,0,0.07,False,False,0
900,1RB1LE_1LC1RD_0LA1LA_---1RE_1LF0LA_0LC0RF,Bouncer + Chaotic Edge,0.63,False,False,False,1,2540,0.49,False,False,False,5453,0.32,False,False,False,587,0.07,False,False,3,0.07,False,False,2,0.07,False,False,0,0.07,False,False,0
901,1RB0LE_1LC1RD_1LA0RB_1RC1RB_1LF0LC_---0RC,Bouncer + Chaotic Edge,0.97,False,False,False,0,340,0.42,False,False,False,1639,0.32,False,False,False,361,0.07,False,False,3,0.07,False,False,2,0.07,False,False,0,0.07,False,False,0
902,1RB1LD_1RC0LA_1LA0RE_1LB1LA_1RF0RB_---0LB,Bouncer + Chaotic Edge,0.91,False,False,False,0,375,0.41,False,False,False,1691,0.33,False,False,False,354,0.07,False,False,1,0.07,False,False,2,0.07,False,False,0,0.07,False,False,0
788,1RB1RF_1LC0RA_---0LD_1RE1LD_0LF0LB_1RA1LE,Quadratic Mess,34.06,False,False,False,0,378525,0.07,False,False,False,9,0.09,False,False,False,6,0.07,False,False,4,0.07,False,False,6,0.07,False,False,0,0.07,False,False,0
904,1RB0LF_1LC0LA_---1RD_1RF1RE_1LF1RD_1LB0RE,Bouncer + Chaotic Edge,1.01,False,False,False,0,371,0.44,False,False,False,1885,0.33,False,False,False,374,0.07,False,False,1,0.07,False,False,4,0.07,False,False,0,0.07,False,False,0
903,1RB1LD_1RC0RC_1LD0RE_0LB0LA_0RF1LA_---1RC,Bouncer + Chaotic Edge,1.53,False,False,False,0,348,0.42,False,False,False,3228,0.65,False,False,False,773,0.07,False,False,2,0.07,False,False,2,0.07,False,False,0,0.07,False,False,0
905,1RB0LD_0RC1RA_1LD1RC_1LE0RF_---1LA_1LF0LA,Bouncer + Chaotic Edge,0.48,False,False,False,0,295,0.87,False,False,False,2791,0.74,False,False,False,664,0.07,False,False,2,0.07,False,False,2,0.07,False,False,0,0.07,False,False,0
906,1RB1RF_1LC0RF_1LE0LD_1RC0LB_---1RA_1LB1RA,Bouncer + Chaotic Edge,0.98,False,False,False,0,369,0.41,False,False,False,1942,0.33,False,False,False,428,0.07,False,False,3,0.07,False,False,2,0.07,False,False,0,0.06,False,False,0
907,1RB0RD_0RC0LB_0RD1RD_1LE1RA_1RC1LF_---1LA,Bouncer + Chaotic Edge,0.4,False,False,False,0,1154,0.65,False,False,False,3651,0.33,False,False,False,907,0.07,False,False,3,0.07,False,False,4,0.07,False,False,0,0.08,False,False,0
913,1RB---_0LC1RF_1LE0RD_0RB1RC_1RD0LE_0RC1RA,Sync bouncer counter,0.38,False,False,False,0,3422,0.35,False,False,False,1767,0.37,False,False,False,1033,0.08,False,False,5,0.07,False,False,3,0.08,False,False,0,0.07,False,False,0
884,1RB1LD_1LC0RF_0RD0LB_1LB0LE_1LA---_0RA0RF,Bouncer + Chaotic Edge,0.48,False,False,False,0,95,1.1,False,False,False,6033,12.25,False,False,False,991,0.08,False,False,5,0.07,False,False,4,0.07,False,False,0,0.07,False,False,0
909,1RB1RE_1RC0LD_1LB---_1RA1LD_1RA0RF_1RE0LC,Bouncer + Chaotic Edge,0.8,False,False,False,0,335,0.37,False,False,False,3167,0.35,False,False,False,400,0.07,False,False,3,0.07,False,False,3,0.07,False,False,0,0.07,False,False,0
910,1RB0RC_1LC0RB_1LD0LD_1RA1LE_---0LF_1LB1LF,Bouncer + Chaotic Edge,0.55,False,False,False,0,322,0.41,False,False,False,9805,0.64,False,False,False,2395,0.07,False,False,2,0.07,False,False,1,0.07,False,False,0,0.07,False,False,0
908,1RB0LC_1LC0RE_1RA1LD_1LA1LC_1RF0RA_---0LA,Bouncer + Chaotic Edge,1.67,False,False,False,0,321,0.38,False,False,False,1965,0.36,False,False,False,367,0.07,False,False,1,0.07,False,False,2,0.07,False,False,0,0.07,False,False,0
914,1RB0LA_0RC1RD_0LD1RE_1LA0RB_0RD0RF_0RA---,Sync bouncer counter,0.89,False,False,False,0,1802,0.39,False,False,False,2693,0.49,False,False,False,990,0.07,False,False,4,0.07,False,False,4,0.07,False,False,0,0.08,False,False,0
917,1RB0LF_1RC1RB_0RD0RC_1LE1LF_1LD---_0LB1LA,Sync bouncer counter,0.34,False,False,False,0,5028,0.09,False,False,False,362,0.35,False,False,False,1444,0.07,False,False,2,0.07,False,False,0,0.08,False,False,0,0.07,False,False,0
919,1RB0LA_0RC1RD_0LD1RE_1LA0RB_0RD1RF_1RC---,Sync bouncer counter,0.38,False,False,False,0,3679,0.35,False,False,False,1975,0.32,False,False,False,422,0.07,False,False,5,0.07,False,False,5,0.07,False,False,0,0.07,False,False,0
916,1RB0LF_0RC---_1RD0RA_1LE0RC_0LA0LE_1LE1LB,Sync bouncer counter,0.97,False,False,False,0,1089,0.36,False,False,False,4629,0.39,False,False,False,1357,0.07,False,False,1,0.07,False,False,1,0.07,False,False,0,0.07,False,False,0
918,1RB0LA_0RC1RD_0LD1RE_1LA0RB_0RD0RF_0LA---,Sync bouncer counter,1.02,False,False,False,0,880,0.36,False,False,False,2376,0.39,False,False,False,888,0.07,False,False,5,0.07,False,False,4,0.08,False,False,0,0.09,False,False,0
920,1RB0LF_1LC0RB_0LD1LA_0RA1LE_0LA1LF_0LD---,Sync bouncer counter,0.81,False,False,False,0,757,0.48,False,False,False,3156,0.35,False,False,False,603,0.08,False,False,2,0.08,False,False,2,0.07,False,False,0,0.08,False,False,0
915,1RB0LA_0RC1RD_0LD1RE_1LA0RB_0RD1RF_1RB---,Sync bouncer counter,1.49,False,False,False,0,241,0.65,False,False,False,7957,0.72,False,False,False,819,0.09,False,False,5,0.07,False,False,4,0.07,False,False,0,0.07,False,False,0
921,1RB0LC_1LC0RB_0LD1LA_0RA1LE_0LA1LF_1LC---,Sync bouncer counter,1.41,False,False,False,0,176,0.38,False,False,False,3400,0.38,False,False,False,1144,0.07,False,False,5,0.07,False,False,3,0.07,False,False,0,0.07,False,False,0
922,1RB0LF_1LC0RB_0LD1LA_0RA1LE_0LA1LC_0LD---,Sync bouncer counter,0.84,False,False,False,0,757,0.48,False,False,False,3151,0.34,False,False,False,603,0.07,False,False,2,0.07,False,False,2,0.07,False,False,0,0.07,False,False,0
923,1RB0LC_1LC0RB_0LD1LA_0RA1LE_0LA0LF_0LB---,Sync bouncer counter,0.85,False,False,False,0,1553,0.35,False,False,False,2593,0.33,False,False,False,513,0.07,False,False,3,0.08,False,False,2,0.07,False,False,0,0.07,False,False,0
929,1RB1RA_1LC1RE_0LD0LD_0LE1LF_1LA0RA_---1LC,Fractal in Bouncer,1.03,False,False,False,0,1281,0.08,False,False,False,115,0.1,False,False,False,279,0.07,False,False,2,0.08,False,False,0,0.07,False,False,0,0.08,False,False,0
924,1RB0LC_1LC0RB_0LD1LA_0RA1LE_0LA1LF_0LD---,Sync bouncer counter,0.84,False,False,False,0,757,0.46,False,False,False,3164,0.35,False,False,False,616,0.08,False,False,5,0.08,False,False,4,0.08,False,False,0,0.08,False,False,0
932,1RB1LE_0LB1RC_0RD1RA_1RE1RF_1LC0LE_0RC---,Fractal in Bouncer,0.73,False,False,False,0,2212,0.11,False,False,False,995,0.1,False,False,False,41,0.08,False,False,3,0.08,False,False,1,0.08,False,False,0,0.07,False,False,0
933,1RB1LD_0RC0LE_1RD1RF_1LE0LD_0RC1RA_0RE---,Fractal in Bouncer,0.73,False,False,False,0,2212,0.13,False,False,False,926,0.1,False,False,False,41,0.08,False,False,3,0.07,False,False,3,0.07,False,False,0,0.07,False,False,0
931,1RB0LB_1LC1LB_1RD1LA_0RE0RE_0RA1RF_---1RD,Fractal in Bouncer,0.98,False,False,False,0,1229,0.13,False,False,False,1393,0.16,False,False,False,658,0.08,False,False,2,0.07,False,False,1,0.07,False,False,0,0.07,False,False,0
938,1RB0RA_1RC0RE_0RD1RE_0LE---_1LF0LC_1RA0LC,Structural counter + bouncer,0.3,False,False,False,0,445,0.39,False,False,False,1598,0.34,False,False,False,232,0.08,False,False,2,0.07,False,False,5,0.07,False,False,0,0.07,False,False,0
941,1RB1RE_1RC0RF_0LD---_1LE1LD_1RA0LB_0RE0RF,Chaotic Bell Class 1,1.45,False,False,False,0,486,0.37,False,False,False,6579,0.34,False,False,False,1691,0.07,False,False,5,0.07,False,False,4,0.07,False,False,0,0.07,False,False,0
943,1RB0LE_1RC1RA_1LD0RE_1LA1LD_1LD0RF_0RA---,Chaotic Bell Class 1,1.22,False,False,False,0,1006,0.36,False,False,False,7130,0.34,False,False,False,2100,0.07,False,False,3,0.07,False,False,4,0.07,False,False,0,0.07,False,False,0
939,1RB0RF_0LC---_1LD1LC_1RE0LA_1RA1RD_0RD0RB,Chaotic Bell Class 1,2.53,False,False,False,0,566,0.35,False,False,False,5540,0.37,False,False,False,1261,0.07,False,False,1,0.07,False,False,4,0.07,False,False,0,0.07,False,False,0
930,1RB0LE_1RC1RE_0RD1RC_1LA0LB_1LF0RB_---1LD,Fractal in Bouncer,4.59,False,False,False,0,5510,0.08,False,False,False,356,0.38,False,False,False,1884,0.07,False,False,2,0.07,False,False,12,0.07,False,False,0,0.07,False,False,0
944,1RB0LE_1RC1RB_1LD0RA_1LA1LC_0LC0LF_0RB---,Chaotic Bell Class 1,1.24,False,False,False,0,914,0.38,False,False,False,6138,0.41,False,False,False,1458,0.08,False,False,3,0.08,False,False,4,0.08,False,False,0,0.07,False,False,0
945,1RB0LC_1RC1RA_1LD0RE_1LA1LD_0RA1RF_0LC---,Chaotic Bell Class 1,1.25,False,False,False,0,1006,0.37,False,False,False,7259,0.37,False,False,False,2109,0.07,False,False,3,0.07,False,False,3,0.07,False,False,0,0.07,False,False,0
946,1RB1RA_1LC0RD_1LD1LB_1RA0LE_0LB1LF_1RC---,Chaotic Bell Class 1,1.31,False,False,False,0,424,0.38,False,False,False,6079,0.35,False,False,False,2232,0.07,False,False,5,0.07,False,False,3,0.07,False,False,0,0.07,False,False,0
947,1RB1RA_1LC0RE_1LD1LB_1RA0LE_1RA0LF_0LB---,Chaotic Bell Class 1,1.32,False,False,False,0,424,0.38,False,False,False,6252,0.35,False,False,False,2228,0.07,False,False,2,0.07,False,False,3,0.07,False,False,0,0.07,False,False,0
940,1RB0RF_0LC1LB_1RD1LA_1RE0LC_0RA1RD_---0RC,Chaotic Bell Class 1,4.89,False,False,False,0,706,0.34,False,False,False,4093,0.34,False,False,False,2046,0.07,False,False,3,0.07,False,False,3,0.07,False,False,0,0.07,False,False,0
942,1RB1RA_1LC0RD_1LD1LB_1RA0LE_0LB0LF_0RA---,Chaotic Bell Class 1,5.56,False,False,False,0,516,0.38,False,False,False,8438,0.34,False,False,False,1747,0.07,False,False,2,0.07,False,False,5,0.07,False,False,0,0.07,False,False,0
949,1RB1RE_1RC0RF_0LD---_1LE1LD_1RA0LB_0RE0RC,Chaotic Bell Class 1,1.34,False,False,False,0,516,0.37,False,False,False,6897,0.34,False,False,False,2021,0.07,False,False,2,0.07,False,False,4,0.07,False,False,0,0.07,False,False,0
950,1RB0RF_0LC---_1LD1LC_1RE0LA_1RA1RD_0RD0RF,Chaotic Bell Class 1,1.21,False,False,False,0,957,0.35,False,False,False,5642,0.35,False,False,False,2514,0.07,False,False,5,0.07,False,False,4,0.07,False,False,0,0.07,False,False,0
952,1RB0LC_1RC1RA_1RD0RF_0LE---_1LA1LE_0RA0RF,Chaotic Bell Class 1,1.2,False,False,False,0,1036,0.36,False,False,False,5514,0.34,False,False,False,1911,0.07,False,False,5,0.07,False,False,4,0.07,False,False,0,0.07,False,False,0
953,1RB1RD_1LC0RE_1LD1LC_1RA0LB_0RD0RF_0LC---,Chaotic Bell Class 1,1.32,False,False,False,0,439,0.38,False,False,False,8236,0.35,False,False,False,2437,0.08,False,False,2,0.07,False,False,3,0.08,False,False,0,0.07,False,False,0
955,1RB1RD_1LC0RE_1LD1LC_1RA0LE_1LC0RF_0RD---,Chaotic Bell Class 1,1.43,False,False,False,0,481,0.39,False,False,False,7700,0.36,False,False,False,2197,0.08,False,False,1,0.08,False,False,3,0.08,False,False,0,0.07,False,False,0
948,1RB0LE_1RC1RB_1LD0RE_1LA1LC_1RB0LF_0LC---,Chaotic Bell Class 1,4.6,False,False,False,0,662,0.4,False,False,False,5914,0.35,False,False,False,3221,0.07,False,False,2,0.07,False,False,3,0.07,False,False,0,0.07,False,False,0
956,1RB0LC_1RC1RA_1RD0RF_0LE---_1LA1LE_0RA0RD,Chaotic Bell Class 1,1.86,False,False,False,0,499,0.36,False,False,False,6352,0.33,False,False,False,1562,0.07,False,False,2,0.07,False,False,4,0.06,False,False,0,0.07,False,False,0
951,1RB1RA_1LC0RD_1LD1LB_1LE0LF_0RA---_0LB0LF,Chaotic Bell Class 1,4.87,False,False,False,0,763,0.35,False,False,False,5187,0.34,False,False,False,2204,0.09,False,False,5,0.08,False,False,4,0.08,False,False,0,0.09,False,False,0
957,1RB0LC_1RC1RA_1LD0RE_1LA1LD_0RA0RF_0LD---,Chaotic Bell Class 1,1.49,False,False,False,0,452,0.37,False,False,False,7833,0.35,False,False,False,2061,0.07,False,False,2,0.09,False,False,5,0.08,False,False,0,0.09,False,False,0
958,1RB0LE_0RC1RA_1RD0RF_0LE1LD_1RA1LC_---0RE,Chaotic Bell Class 1,1.17,False,False,False,0,341,0.37,False,False,False,5913,0.37,False,False,False,1573,0.08,False,False,4,0.07,False,False,2,0.07,False,False,0,0.07,False,False,0
959,1RB1LD_1RC0LA_0RD1RB_1RE0RF_0LA1LE_---0RA,Chaotic Bell Class 1,1.27,False,False,False,0,958,0.35,False,False,False,4519,0.33,False,False,False,1532,0.07,False,False,5,0.07,False,False,4,0.07,False,False,0,0.08,False,False,0
954,1RB0LE_1RC1RB_1LD0RA_1LA1LC_0LC1LF_0RA---,Chaotic Bell Class 1,4.6,False,False,False,0,662,0.36,False,False,False,5967,0.35,False,False,False,3213,0.07,False,False,2,0.07,False,False,0,0.07,False,False,0,0.07,False,False,0
966,1RB1RF_1LC1LB_1RD1LD_1RE0RA_---0LB_0LF0RC,Chaotic Bell Class 2,0.68,False,False,False,130,-2,0.37,False,False,False,6978,0.34,False,False,False,1555,0.07,False,False,4,0.07,False,False,4,0.07,False,False,0,0.07,False,False,0
960,1RB1RD_1LC0RE_1LD1LC_1RA0LB_0RD0RF_0RD---,Chaotic Bell Class 1,1.46,False,False,False,0,481,0.37,False,False,False,7706,0.35,False,False,False,2195,0.07,False,False,1,0.07,False,False,3,0.07,False,False,0,0.07,False,False,0
961,1RB1RA_1LC0RD_1LD1LB_1LE0LF_0RA---_0LB0LE,Chaotic Bell Class 1,1.31,False,False,False,0,419,0.37,False,False,False,7062,0.33,False,False,False,1212,0.07,False,False,3,0.08,False,False,4,0.07,False,False,0,0.08,False,False,0
967,1RB1RF_1RC1RB_1LD0RA_1LA1LE_---0LF_0LC1LF,Chaotic Bell Class 2,1.5,False,False,False,0,1395,0.59,False,False,False,6507,0.39,False,False,False,1835,0.09,False,False,4,0.08,False,False,2,0.08,False,False,0,0.08,False,False,0
970,1RB0LA_1LC1LA_0RD0LB_0RE1RC_1LB0RF_1RD---,Chaotic Bell Class 2,1.82,False,False,False,0,865,0.41,False,False,False,12763,0.35,False,False,False,1468,0.07,False,False,4,0.07,False,False,1,0.07,False,False,0,0.07,False,False,0
974,1RB1RE_1LC1LF_1LD1LC_1RA0LB_---0RF_0RD1RF,Chaotic Bell Class 2,1.44,False,False,False,0,1083,0.55,False,False,False,4864,0.37,False,False,False,2541,0.08,False,False,3,0.08,False,False,0,0.09,False,False,0,0.08,False,False,0
969,1RB0LF_0RC1RD_0LD0RA_1RC0RE_1RF---_1LA0LB,Chaotic Bell Class 2,6.05,False,False,False,448,-2,0.09,False,False,False,47,0.36,False,False,False,756,0.09,False,False,2,0.09,False,False,2,0.08,False,False,0,0.07,False,False,0
972,1RB---_1LC0LD_1RD0LB_0RF1RE_1RF0RA_0LE0RC,Chaotic Bell Class 2,6.49,False,False,False,420,-2,0.36,False,False,False,5024,0.42,False,False,False,574,0.09,False,False,5,0.08,False,False,1,0.11,False,False,0,0.09,False,False,0
975,1RB---_1RC0LE_1RD1RF_1LB0LB_0RD0LD_0RC0RA,Chaotic Bell Class 2,2.23,False,False,False,0,247,0.16,False,False,False,1146,0.38,False,False,False,1227,0.07,False,False,3,0.07,False,False,2,0.07,False,False,0,0.07,False,False,0
971,1RB0RE_1LC0RA_0LD0LB_1RE0LB_1RF---_0RB0RC,Chaotic Bell Class 2,8.23,False,False,False,243,-2,0.39,False,False,False,6072,0.13,False,False,False,162,0.07,False,False,17,0.07,False,False,13,0.07,False,False,0,0.07,False,False,0
890,1RB1RA_1LC0RA_1LF0LD_0LE0RB_1LB---_0RB0LB,Bouncer + Chaotic Edge,0.42,False,False,False,0,14905,17.37,False,False,False,653,23.17,False,False,False,762,0.07,False,False,1,0.07,False,False,1,0.07,False,False,0,0.08,False,False,0
968,1RB---_0RC0RD_1LD0RF_0LE0LC_1RA0LC_1RC0RA,Chaotic Bell Class 2,10.05,False,False,False,272,-2,0.36,False,False,False,4656,0.13,False,False,False,144,0.07,False,False,1,0.07,False,False,2,0.07,False,False,0,0.07,False,False,0
976,1RB0LF_1LC1LA_1LD0LC_1RE1LB_0RB1RA_---0RD,Chaotic Bell Class 2,3.39,False,False,False,183,76791925,0.34,False,False,False,5490,0.33,False,False,False,1187,0.07,False,False,5,0.08,False,False,3,0.07,False,False,0,0.07,False,False,0
977,1RB0LE_1RC0LB_1RD1RF_1RE0RB_1LA0RD_0RE---,Chaotic Bell Class 3,1.54,False,False,False,10,718,0.54,False,False,False,11688,0.38,False,False,False,3525,0.07,False,False,8,0.07,False,False,0,0.07,False,False,0,0.08,False,False,0
978,1RB0LE_1RC1RF_1RD0RA_1LE0RC_1LC0LD_0RD---,Chaotic Bell Class 3,1.46,False,False,False,32,2378,0.47,False,False,False,11610,0.38,False,False,False,3029,0.07,False,False,6,0.08,False,False,7,0.07,False,False,0,0.07,False,False,0
979,1RB0LC_1RC0RA_1LA0LD_1LE0RB_1RD1LF_0LA---,Chaotic Bell Class 3,1.4,False,False,False,0,922,0.58,False,False,False,16959,0.98,False,False,False,3270,0.07,False,False,1,0.07,False,False,2,0.07,False,False,0,0.06,False,False,0
980,1RB0LC_1RC0RA_1LA0LD_1LE0RB_1RB1LF_0LA---,Chaotic Bell Class 3,0.91,False,False,False,0,989,0.48,False,False,False,10981,0.79,False,False,False,4572,0.06,False,False,3,0.07,False,False,5,0.06,False,False,0,0.07,False,False,0
981,1RB0LC_1RC0RA_1LA0LD_1LE0RB_1LC1LF_0LA---,Chaotic Bell Class 3,1.49,False,False,False,31,2372,0.53,False,False,False,15983,0.4,False,False,False,3415,0.07,False,False,5,0.07,False,False,5,0.07,False,False,0,0.07,False,False,0
973,1RB0LD_1RC---_0RD0RE_1LE0RF_0LA0LD_1RD0RB,Chaotic Bell Class 2,10.54,False,False,False,278,-2,0.33,False,False,False,4669,0.34,False,False,False,1121,0.07,False,False,6,0.07,False,False,2,0.07,False,False,0,0.08,False,False,0
984,1RB1RF_1RC0RE_1LD0RB_1RE0LC_1RA0LE_0RC---,Chaotic Bell Class 3,0.98,False,False,False,13,5419,0.47,False,False,False,11031,0.4,False,False,False,3402,0.08,False,False,8,0.08,False,False,1,0.08,False,False,0,0.07,False,False,0
983,1RB0LC_1LA1RF_1LD0LE_1RE0RA_1LC0RD_0RE---,Chaotic Bell Class 3,1.36,False,False,False,0,864,0.46,False,False,False,13145,0.4,False,False,False,3486,0.08,False,False,1,0.07,False,False,1,0.07,False,False,0,0.07,False,False,0
985,1RB0RD_1LC0RA_1LA0LB_1RE0LC_1LC1RF_0RB---,Chaotic Bell Class 3,1.29,False,False,False,0,940,0.44,False,False,False,11125,0.37,False,False,False,3368,0.07,False,False,6,0.07,False,False,7,0.07,False,False,0,0.07,False,False,0
986,1RB0RC_1LC0LD_1RA0LB_1LE0RA_1RA1LF_0LC---,Chaotic Bell Class 3,1.8,False,False,False,6,1099,0.4,False,False,False,8254,0.35,False,False,False,4002,0.06,False,False,6,0.07,False,False,7,0.07,False,False,0,0.07,False,False,0
987,1RB0RD_1LC0RA_1LA0LB_1RE0LC_1RA1RF_0RB---,Chaotic Bell Class 3,1.27,False,False,False,0,1077,0.49,False,False,False,12854,0.41,False,False,False,4054,0.07,False,False,5,0.07,False,False,5,0.07,False,False,0,0.08,False,False,0
988,1RB0RC_1LC0LD_1RA0LB_1LE0RA_1LB1LF_0LC---,Chaotic Bell Class 3,1.39,False,False,False,0,984,0.39,False,False,False,8124,0.41,False,False,False,4359,0.07,False,False,1,0.07,False,False,4,0.07,False,False,0,0.07,False,False,0
982,1RB0RC_1LC0LD_1RA0LB_1LE0RA_1RD1LF_0LC---,Chaotic Bell Class 3,3.92,False,False,False,9,2482,0.5,False,False,False,14102,0.37,False,False,False,3091,0.08,False,False,2,0.07,False,False,2,0.07,False,False,0,0.07,False,False,0
989,1RB0LE_1LC0RA_1LD0RC_1LE1LF_1LA0LC_0LA---,Chaotic Bell Class 3,1.62,False,False,False,11,701,0.56,False,False,False,12325,0.39,False,False,False,2492,0.08,False,False,2,0.07,False,False,1,0.07,False,False,0,0.08,False,False,0
990,1RB0RD_1LC0RA_1LA0LB_1RE0LC_1LD1RF_0RB---,Chaotic Bell Class 3,2.41,False,False,False,23,9107,0.48,False,False,False,12383,0.43,False,False,False,3722,0.07,False,False,7,0.07,False,False,2,0.07,False,False,0,0.08,False,False,0
994,1RB0LC_1LA0RE_0LD0LB_1RA1LD_0RC1RF_0RA---,Chaotic Bell Class 3,0.9,False,False,False,40,3655,0.45,False,False,False,8188,0.4,False,False,False,2925,0.07,False,False,4,0.07,False,False,2,0.07,False,False,0,0.07,False,False,0
996,1RB0LC_1LA0RD_0LD1LF_0RE0RA_1LB1RE_0LB---,Chaotic Bell Class 3,0.69,False,False,False,25,6517,0.43,False,False,False,8060,0.37,False,False,False,2836,0.07,False,False,3,0.07,False,False,2,0.07,False,False,0,0.07,False,False,0
991,1RB1LC_1LA0RE_0LD---_1RE0LF_1RF0RD_1LD0LB,Chaotic Bell Class 3,2.06,False,False,False,6,487,0.54,False,False,False,16712,0.52,False,False,False,3471,0.07,False,False,2,0.07,False,False,1,0.07,False,False,0,0.07,False,False,0
993,1RB1RA_0LC1RF_0LD1LD_1LE1LC_0RB0RA_---1RE,Chaotic Bell Class 3,2.04,False,False,False,11,805,0.09,False,False,False,442,0.33,False,False,False,1219,0.07,False,False,4,0.07,False,False,10,0.07,False,False,0,0.07,False,False,0
992,1RB0RE_1RC0RA_0LD0LB_0LA1LE_1LC1LF_0LA---,Chaotic Bell Class 3,1.79,False,False,False,0,10284,0.45,False,False,False,10954,0.37,False,False,False,3231,0.07,False,False,5,0.07,False,False,2,0.07,False,False,0,0.07,False,False,0
565,1RB1LE_1LC0RF_1LA0RD_1LC1RC_1LB0LB_---1RD,Shift-overflow bouncer counter,0.41,False,False,False,0,10134,88.4,False,False,False,1256,120,True,,,,0.07,False,False,3,0.07,False,False,0,0.07,False,False,0,0.07,False,False,0
995,1RB1RF_0RC0RE_0RD1RA_1LE0LA_1LB0LD_0RD---,Chaotic Bell Class 3,2.07,False,False,False,0,10431,0.46,False,False,False,12427,0.38,False,False,False,3410,0.07,False,False,0,0.07,False,False,2,0.08,False,False,0,0.09,False,False,0
894,1RB0RD_1RC0LF_0LA0RB_1RE---_1LB1RA_0LE0LF,Bouncer + Chaotic Edge,0.48,False,False,False,0,125,7.26,False,False,False,2781,40.41,False,False,False,1668,0.07,False,False,5,0.09,False,False,2,0.08,False,False,0,0.07,False,False,0
998,1RB1LA_1RC0LD_1LB0RE_0LA0LC_0RD1RF_0RB---,Chaotic Bell Class 3,0.64,False,False,False,16,1842,0.46,False,False,False,9333,0.37,False,False,False,2985,0.09,False,False,3,0.08,False,False,1,0.07,False,False,0,0.07,False,False,0
997,1RB0LF_1LC1RF_---1LD_0LE0LB_0RA0LA_0RA1RB,Chaotic Bell Class 3,1.81,False,False,False,0,1182,0.46,False,False,False,8561,0.35,False,False,False,2041,0.07,False,False,2,0.08,False,False,3,0.09,False,False,0,0.08,False,False,0
1005,1RB0RE_1RC0RA_0LD0RB_1LA0LE_1LC1LF_0LC---,Bell eats counter,0.24,False,False,False,0,167,0.34,False,False,False,707,0.34,False,False,False,155,0.08,False,False,3,0.07,False,False,5,0.08,False,False,0,0.07,False,False,0
1006,1RB0LD_0RC---_0LD0RF_1LE1LD_0LA0RD_0RB1RA,Bell eats counter,0.3,False,False,False,0,59,0.35,False,False,False,916,0.33,False,False,False,182,0.07,False,False,3,0.07,False,False,2,0.07,False,False,0,0.07,False,False,0
999,1RB0LB_0LC0RE_1LA1LD_0LB1LD_1RA0RF_1RA---,Chaotic Bell Class 4,2.29,False,False,False,13,15882,0.32,False,False,False,4046,0.34,False,False,False,481,0.08,False,False,1,0.07,False,False,1,0.08,False,False,0,0.08,False,False,0
1000,1RB0LB_0LC0RE_1LA1LD_0LB1LF_1RA1RD_0LB---,Chaotic Bell Class 4,2.29,False,False,False,13,15882,0.35,False,False,False,3737,0.34,False,False,False,468,0.08,False,False,1,0.07,False,False,0,0.09,False,False,0,0.08,False,False,0
1007,1RB0LE_0RC---_1LC0RD_0RB1RA_1LF1LE_0LA1LF,Bell eats counter,0.31,False,False,False,0,60,0.33,False,False,False,916,0.33,False,False,False,181,0.08,False,False,0,0.07,False,False,3,0.09,False,False,0,0.08,False,False,0
1008,1RB0LC_1LC0RE_1LA1LD_1LA1LB_0RF1RA_---0RE,Bell eats counter,0.26,False,False,False,0,399,0.08,False,False,False,36,0.17,False,False,False,5,0.08,False,False,4,0.08,False,False,3,0.08,False,False,0,0.09,False,False,0
1001,1RB0LB_0LC0RE_1LA1LD_0LB1LF_1RA0RE_0RC---,Chaotic Bell Class 4,2.28,False,False,False,13,15882,0.35,False,False,False,3661,0.33,False,False,False,462,0.08,False,False,1,0.08,False,False,1,0.08,False,False,0,0.07,False,False,0
1009,1RB1LE_1RC0RB_0LC1LD_0LE0RD_1LA0LF_1LE---,Bell eats counter,0.24,False,False,False,0,272,0.33,False,False,False,271,0.36,False,False,False,104,0.07,False,False,2,0.07,False,False,3,0.07,False,False,0,0.08,False,False,0
1010,1RB1LC_1RC0RB_1LD0RF_1LA1LE_1LE0LD_---0RE,Bell eats counter,0.27,False,False,False,0,791,0.08,False,False,False,8,0.12,False,False,False,9,0.07,False,False,0,0.07,False,False,1,0.07,False,False,0,0.07,False,False,0
1013,1RB1LF_0RC0RB_0LD1LA_1LC0LE_0LA---_1LA1LF,Bell eats counter,0.26,False,False,False,0,7,0.23,False,False,False,563,0.34,False,False,False,41,0.08,False,False,5,0.08,False,False,5,0.1,False,False,0,0.08,False,False,0
1004,1RB0LB_0LC0RE_1LA1LD_0LB1RF_1RA1RD_---1LC,Chaotic Bell Class 4,2.28,False,False,False,13,15882,0.35,False,False,False,3183,0.35,False,False,False,367,0.09,False,False,8,0.08,False,False,4,0.09,False,False,0,0.08,False,False,0
1011,1RB1RA_1LC1LE_1RF1LD_1RE0LD_0LB0RA_---0RC,Bell eats counter,0.28,False,False,False,0,253,0.36,False,False,False,1696,0.33,False,False,False,121,0.08,False,False,3,0.08,False,False,3,0.08,False,False,0,0.07,False,False,0
1012,1RB0RA_1LC0LF_1LE0LD_1LB---_1RA1LB_0LB0RC,Bell eats counter,0.34,False,False,False,0,429,0.34,False,False,False,1803,0.35,False,False,False,755,0.09,False,False,0,0.07,False,False,1,0.07,False,False,0,0.08,False,False,0
1015,1RB0LC_1LC0RE_1LA1LD_1LA1LF_0RB1RA_1LC---,Bell eats counter,0.26,False,False,False,0,399,0.08,False,False,False,36,0.19,False,False,False,5,0.09,False,False,1,0.07,False,False,1,0.07,False,False,0,0.08,False,False,0
1014,1RB0RF_1RC0LD_1RD0RA_1LE0LC_1LB0LE_0RC---,Bell eats counter,0.29,False,False,False,0,2588,0.53,False,False,False,7201,0.36,False,False,False,888,0.08,False,False,2,0.08,False,False,5,0.07,False,False,0,0.08,False,False,0
1017,1RB1RF_0RC0LB_1LD1RE_1LB1RF_---0RF_1RD0RA,Bell eats counter,0.29,False,False,False,0,254,0.09,False,False,False,94,0.14,False,False,False,41,0.07,False,False,6,0.07,False,False,3,0.08,False,False,0,0.08,False,False,0
1018,1RB0RF_1LC1RA_0RD0LC_1LB1RE_---0RA_1RC1RA,Bell eats counter,0.31,False,False,False,0,318,0.08,False,False,False,87,0.34,False,False,False,349,0.08,False,False,5,0.08,False,False,7,0.07,False,False,0,0.07,False,False,0
1016,1RB0LF_1LC0RE_0LD1LC_1LA---_0RB1RA_0LE1LF,Bell eats counter,0.78,False,False,False,0,99,0.34,False,False,False,1733,0.33,False,False,False,291,0.07,False,False,1,0.07,False,False,0,0.07,False,False,0,0.07,False,False,0
1019,1RB0LA_0LC0RB_1RA0RD_1LE0LD_1LF---_1LA1LC,Bell eats counter,0.32,False,False,False,0,480,0.35,False,False,False,1706,0.33,False,False,False,158,0.07,False,False,5,0.07,False,False,1,0.07,False,False,0,0.07,False,False,0
1020,1RB0RA_1LC0LD_1LE1LD_0LB0RE_1RF0LA_---0RA,Bell eats counter,0.28,False,False,False,0,761,0.35,False,False,False,2119,0.32,False,False,False,138,0.07,False,False,2,0.07,False,False,0,0.08,False,False,0,0.08,False,False,0
1021,1RB0LF_1LC0RE_0LD1LC_1LA---_0RB1RA_1LC1LF,Bell eats counter,0.37,False,False,False,0,274,0.34,False,False,False,2031,0.32,False,False,False,293,0.07,False,False,0,0.08,False,False,2,0.07,False,False,0,0.08,False,False,0
1022,1RB0LF_1LC0RD_1LA1LC_---0RE_0RB1RA_1LC1LF,Bell eats counter,0.36,False,False,False,0,266,0.33,False,False,False,1155,0.32,False,False,False,181,0.08,False,False,1,0.07,False,False,5,0.07,False,False,0,0.07,False,False,0
1023,1RB0RA_1LC0LD_1LE1LD_0LB0RF_1RA1LB_1RA---,Bell eats counter,0.35,False,False,False,0,449,0.35,False,False,False,2016,0.33,False,False,False,753,0.07,False,False,1,0.07,False,False,1,0.07,False,False,0,0.07,False,False,0
1024,1RB0RA_1LC0LD_1LE1LD_0LB0RE_1RF1LB_---0RA,Bell eats counter,0.34,False,False,False,0,449,0.34,False,False,False,2065,0.34,False,False,False,753,0.07,False,False,1,0.07,False,False,0,0.07,False,False,0,0.07,False,False,0
1025,1RB0RA_1LC0LF_1LE0LD_1LB---_1RA1LB_0LD0RC,Bell eats counter,0.32,False,False,False,0,458,0.34,False,False,False,2034,0.32,False,False,False,202,0.07,False,False,2,0.07,False,False,1,0.09,False,False,0,0.08,False,False,0
1026,1RB0LF_1LC0RD_1LA1LC_---0RE_0RB1RA_0LE1LF,Bell eats counter,0.35,False,False,False,0,266,0.33,False,False,False,729,0.32,False,False,False,102,0.08,False,False,1,0.08,False,False,4,0.08,False,False,0,0.08,False,False,0
1027,1RB0RB_0LC0RA_1LE1LD_0LE---_1LF0LC_1RA1LB,Bell eats counter,0.3,False,False,False,0,268,0.35,False,False,False,3349,0.33,False,False,False,305,0.08,False,False,3,0.08,False,False,6,0.08,False,False,0,0.07,False,False,0
1028,1RB0LC_1LC0RE_0LC0LD_1RD1LB_0RF1RA_0RB---,Bell eats counter,0.27,False,False,False,0,864,0.35,False,False,False,2951,0.33,False,False,False,192,0.08,False,False,3,0.08,False,False,0,0.08,False,False,0,0.07,False,False,0
1029,1RB---_1RC1RE_1LD0RC_0RE0LD_1LC0LF_1RA0RF,Bell eats counter,0.3,False,False,False,0,502,0.1,False,False,False,177,0.32,False,False,False,205,0.08,False,False,0,0.08,False,False,1,0.07,False,False,0,0.07,False,False,0
1030,1RB0RE_1RC1RE_1LD1RA_1LA0LD_0RA0LF_1LD---,Bell eats counter,0.33,False,False,False,0,473,0.36,False,False,False,2605,0.33,False,False,False,588,0.08,False,False,2,0.07,False,False,2,0.07,False,False,0,0.07,False,False,0
1031,1RB0RF_1RC0RE_1LD1RA_1LA0LD_1RA---_0RA0LB,Bell eats counter,0.33,False,False,False,0,460,0.35,False,False,False,2315,0.33,False,False,False,236,0.08,False,False,0,0.07,False,False,2,0.07,False,False,0,0.07,False,False,0
1032,1RB0RC_1LC0RE_0LC0LD_1RD1LB_0RF1RA_0RB---,Bell eats counter,0.28,False,False,False,0,865,0.34,False,False,False,2825,0.35,False,False,False,192,0.07,False,False,3,0.07,False,False,1,0.07,False,False,0,0.07,False,False,0
1036,1RB1LD_1LC1RA_0LD0LC_0RE1RB_1RD0RF_0RB---,Bell eats counter,0.27,False,False,False,0,119,0.11,False,False,False,95,0.34,False,False,False,73,0.07,False,False,4,0.07,False,False,5,0.08,False,False,0,0.08,False,False,0
1033,1RB0RF_1LC0RE_0LC0LD_1RD1LB_0RF1RA_0RB---,Bell eats counter,0.29,False,False,False,0,474,0.35,False,False,False,1571,0.33,False,False,False,105,0.08,False,False,1,0.08,False,False,3,0.07,False,False,0,0.07,False,False,0
1002,1RB1RE_1LC0RC_0RA0LD_1LB1LE_0RC1LF_---1RA,Chaotic Bell Class 4,7.33,False,False,False,19,92912,0.36,False,False,False,2642,0.34,False,False,False,393,0.08,False,False,5,0.07,False,False,1,0.07,False,False,0,0.08,False,False,0
1034,1RB0RA_1RC0RD_1RD0LC_1LE1RA_---1LF_1RB0LC,Bell eats counter,0.36,False,False,False,0,303,0.35,False,False,False,1646,0.33,False,False,False,374,0.08,False,False,2,0.07,False,False,1,0.07,False,False,0,0.08,False,False,0
1035,1RB1RF_1RC0RA_1LD1RE_1LE0LE_0RA0LD_0RB---,Bell eats counter,0.32,False,False,False,0,273,0.36,False,False,False,2985,0.33,False,False,False,183,0.08,False,False,7,0.07,False,False,1,0.08,False,False,0,0.07,False,False,0
1003,1RB1LA_0LB1LC_1RD0LD_0LA0RE_1RC1RF_0LD---,Chaotic Bell Class 4,6.96,False,False,False,19,120641,0.35,False,False,False,2599,0.34,False,False,False,502,0.07,False,False,2,0.07,False,False,3,0.07,False,False,0,0.07,False,False,0
1038,1RB1RE_1LC1RD_1LD0LC_1RA0LF_1RE0RA_---0LE,Bell eats counter,0.25,False,False,False,0,796,0.08,False,False,False,17,0.15,False,False,False,23,0.07,False,False,0,0.07,False,False,1,0.07,False,False,0,0.07,False,False,0
1037,1RB0RF_1RC0RE_1LD1RA_1LA0LD_1RA---_0RE0LB,Bell eats counter,0.32,False,False,False,0,356,0.35,False,False,False,1569,0.33,False,False,False,404,0.07,False,False,0,0.06,False,False,1,0.07,False,False,0,0.07,False,False,0
1040,1RB0RE_1LC1RD_1LD0LC_1RA0RF_1RD---_0RD0LA,Bell eats counter,0.32,False,False,False,0,469,0.23,False,False,False,1198,0.34,False,False,False,436,0.07,False,False,3,0.07,False,False,2,0.07,False,False,0,0.07,False,False,0
1039,1RB0RE_1LC1RD_1LD0LD_0RE0LC_1RA1RF_0RA---,Bell eats counter,0.35,False,False,False,0,257,0.34,False,False,False,2770,0.32,False,False,False,227,0.06,False,False,1,0.06,False,False,0,0.07,False,False,0,0.07,False,False,0
1041,1RB1RF_1LC1RE_---0LD_1LE0LD_1RA0RF_0RE0LB,Bell eats counter,0.31,False,False,False,0,470,0.34,False,False,False,2402,0.33,False,False,False,424,0.07,False,False,1,0.07,False,False,0,0.07,False,False,0,0.07,False,False,0
1042,1RB0RC_1LC1RB_0RE1LD_0LC1LA_1RF1RA_---0RB,Bell eats counter,0.26,False,False,False,0,193,0.33,False,False,False,544,0.33,False,False,False,13,0.07,False,False,5,0.07,False,False,1,0.07,False,False,0,0.08,False,False,0
1043,1RB---_1RC0RF_1RD0RA_1LE1RB_1LB0LE_0RB0LC,Bell eats counter,0.3,False,False,False,0,307,0.34,False,False,False,1494,0.33,False,False,False,541,0.07,False,False,2,0.07,False,False,2,0.08,False,False,0,0.07,False,False,0
1044,1RB1RF_1LC0RD_---0LD_1LE0LD_1RA0RF_0RE0LB,Bell eats counter,0.29,False,False,False,0,774,0.34,False,False,False,1694,0.32,False,False,False,412,0.07,False,False,0,0.06,False,False,1,0.07,False,False,0,0.07,False,False,0
1046,1RB0RA_1LC0RE_0LC0LD_1RD1LB_0RF1RA_0RB---,Bell eats counter,0.26,False,False,False,0,552,0.34,False,False,False,1799,0.32,False,False,False,213,0.07,False,False,0,0.07,False,False,0,0.07,False,False,0,0.07,False,False,0
1045,1RB0RF_1RC1RF_1LD1RA_---0LE_1LA0LE_0RA0LC,Bell eats counter,0.3,False,False,False,0,473,0.34,False,False,False,2633,0.34,False,False,False,588,0.07,False,False,1,0.07,False,False,1,0.07,False,False,0,0.07,False,False,0
1047,1RB---_1RC0RF_1RD0RA_1LE1RB_1LB0LE_0RA0LC,Bell eats counter,0.3,False,False,False,0,473,0.08,False,False,False,49,0.32,False,False,False,212,0.07,False,False,2,0.07,False,False,1,0.07,False,False,0,0.07,False,False,0
1048,1RB1RE_1LC1RD_1LD0LC_1RA0RF_0RD---_0RD0LB,Bell eats counter,0.29,False,False,False,0,470,0.19,False,False,False,1028,0.33,False,False,False,424,0.07,False,False,1,0.07,False,False,3,0.07,False,False,0,0.07,False,False,0
1049,1RB1RD_1LC0RB_0RD0LC_1LB0LE_1RF0RE_1RA---,Bell eats counter,0.33,False,False,False,0,461,0.33,False,False,False,1701,0.33,False,False,False,218,0.07,False,False,1,0.06,False,False,1,0.07,False,False,0,0.07,False,False,0
1071,1RB0LA_0RC0RB_1LD1LA_1LC1RE_1RF0RD_1LC---,Bell-like,0.29,False,False,False,32,-2,0.1,False,False,False,553,0.34,False,False,False,631,0.07,False,False,9,0.07,False,False,9,0.07,False,False,0,0.07,False,False,0
1050,1RB0LA_1LC1RF_---1LD_1RE0LA_1RA0RB_1RE0RF,Bell eats counter,0.32,False,False,False,0,298,0.33,False,False,False,1475,0.33,False,False,False,335,0.07,False,False,0,0.07,False,False,1,0.07,False,False,0,0.07,False,False,0
1051,1RB0RF_1RC1RF_1LD0RE_---0LE_1LA0LE_0RA0LC,Bell eats counter,0.29,False,False,False,0,764,0.34,False,False,False,1773,0.33,False,False,False,276,0.07,False,False,0,0.07,False,False,2,0.07,False,False,0,0.07,False,False,0
1070,1RB0LC_1LA1RF_1LD1RF_1LE0LA_0RB---_0RA1RE,Bell-like,0.3,False,False,False,27,-2,0.37,False,False,False,1792,0.33,False,False,False,304,0.07,False,False,1,0.07,False,False,1,0.07,False,False,0,0.07,False,False,0
1074,1RB1LE_1LC1RC_1LA1RD_1LD0RB_0LC0LF_0LB---,Bell-like,0.38,False,False,False,205,-2,0.38,False,False,False,6036,0.34,False,False,False,1120,0.07,False,False,1,0.06,False,False,1,0.07,False,False,0,0.06,False,False,0
1075,1RB0LC_1LA1RE_1LD1RE_1RE0LA_0RA1RF_0RB---,Bell-like,0.3,False,False,False,27,-2,0.36,False,False,False,1881,0.33,False,False,False,306,0.07,False,False,3,0.07,False,False,4,0.07,False,False,0,0.07,False,False,0
1077,1RB1LF_1LC1RD_1RA1LA_0RA0RE_0RC---_1RF0LC,Bell-like,0.36,False,False,False,194,-2,0.37,False,False,False,4224,0.34,False,False,False,534,0.07,False,False,4,0.07,False,False,1,0.07,False,False,0,0.07,False,False,0
1078,1RB1RE_1LC1RE_---1LD_1LE0LB_0RF0LD_1RD1RA,Bell-like,0.46,False,False,False,147,-2,0.24,False,False,False,3240,0.35,False,False,False,1048,0.07,False,False,3,0.07,False,False,0,0.07,False,False,0,0.07,False,False,0
1076,1RB0RB_1LC1RF_0RD0LB_0RA1LE_1LD---_0RB0RC,Bell-like,0.54,False,False,False,115,-2,0.33,False,False,False,1173,0.38,False,False,False,498,0.07,False,False,5,0.07,False,False,3,0.07,False,False,0,0.07,False,False,0
1081,1RB---_1LC0RB_0LD0LC_1RE1RB_1RD1LF_1LA0LE,Bell-like,0.3,False,False,False,33,-2,0.12,False,False,False,664,0.34,False,False,False,801,0.07,False,False,8,0.07,False,False,9,0.07,False,False,0,0.07,False,False,0
1080,1RB1RD_1RC1LD_0LA1RA_1LE0RC_---1LF_0LA0LB,Bell-like,0.63,False,False,False,47,694436175,0.37,False,False,False,5041,0.33,False,False,False,958,0.07,False,False,0,0.07,False,False,0,0.07,False,False,0,0.07,False,False,0
1083,1RB0LE_1LC0RD_0RA1LD_0LC1RA_1LF1LA_---1LA,Bell-like,0.3,False,False,False,24,-2,0.35,False,False,False,2777,0.35,False,False,False,607,0.07,False,False,3,0.07,False,False,2,0.07,False,False,0,0.07,False,False,0
1073,1RB1RD_1LC0LE_1RA0LB_1RA1RF_0RA0RC_1RE---,Bell-like,0.32,False,False,False,15,-2,1.15,False,False,False,2393,1.78,False,False,False,809,0.07,False,False,6,0.07,False,False,8,0.07,False,False,0,0.07,False,False,0
1084,1RB1LF_1LC0RD_---1LD_1RB1RE_1LA0LB_0LA0LE,Bell-like,0.64,False,False,False,73,-2,0.35,False,False,False,2282,0.34,False,False,False,545,0.07,False,False,5,0.07,False,False,3,0.07,False,False,0,0.07,False,False,0
1086,1RB1LF_1RC1LD_1LB1LE_1LE0LD_0LA0RE_1RD---,Bell-like,0.75,False,False,False,0,6211965,0.37,False,False,False,2272,0.39,False,False,False,618,0.07,False,False,3,0.07,False,False,2,0.07,False,False,0,0.07,False,False,0
1087,1RB1LC_1LA1LD_1LD0LC_0LE0RD_1RA1LF_1RC---,Bell-like,0.72,False,False,False,0,9671983,0.36,False,False,False,2179,0.39,False,False,False,619,0.07,False,False,3,0.07,False,False,2,0.07,False,False,0,0.07,False,False,0
1088,1RB1RA_1LC0RB_1LE0LD_0LB1LD_0RA0LF_---0RE,Bell-like,0.6,False,False,False,7,29915,0.47,False,False,False,8103,0.44,False,False,False,2490,0.07,False,False,2,0.07,False,False,2,0.08,False,False,0,0.07,False,False,0
1090,1RB0RE_0LC1LE_0RD1LD_1RA1LF_1LC0RA_0LB---,Bell-like,0.38,False,False,False,46,-2,0.52,False,False,False,2793,0.33,False,False,False,232,0.08,False,False,3,0.07,False,False,6,0.07,False,False,0,0.07,False,False,0
1091,1RB1RA_1LC0RB_1LD0LB_1RA0LE_---1LF_1LB0LA,Bell-like,0.38,False,False,False,16,3602,0.44,False,False,False,7546,0.34,False,False,False,194,0.07,False,False,1,0.07,False,False,1,0.07,False,False,0,0.07,False,False,0
1092,1RB0LC_1LC0RE_1RF1LD_1LA0LB_1RD1RA_1LB---,Bell-like,0.94,False,False,False,0,383,0.35,False,False,False,3180,0.33,False,False,False,710,0.07,False,False,3,0.07,False,False,2,0.07,False,False,0,0.07,False,False,0
1095,1RB1RF_1RC0LD_1LB1RA_1RE1LE_0RC0LB_0RB---,Bell-like,0.34,False,False,False,132,-2,0.08,False,False,False,373,0.13,False,False,False,188,0.07,False,False,3,0.07,False,False,3,0.07,False,False,0,0.07,False,False,0
1094,1RB1RC_1LC0LE_0RA1RD_1RF1LB_1LD0LA_---0RC,Bell-like,0.31,False,False,False,28,-2,0.39,False,False,False,6853,0.35,False,False,False,1605,0.07,False,False,4,0.07,False,False,6,0.07,False,False,0,0.07,False,False,0
1089,1RB0LD_0RC1RA_1RD1RE_1LA0LE_0RA0RF_1RC---,Bell-like,0.31,False,False,False,10,-2,0.69,False,False,False,6870,1.94,False,False,False,1025,0.07,False,False,9,0.08,False,False,13,0.07,False,False,0,0.07,False,False,0
1096,1RB1LC_1LA0RD_0LB1LF_1RE1LC_1LC0RB_0LA---,Bell-like,0.31,False,False,False,27,-2,0.39,False,False,False,1770,0.36,False,False,False,440,0.09,False,False,4,0.07,False,False,1,0.07,False,False,0,0.08,False,False,0
1099,1RB---_1LC0LD_0RF0LD_0LE0RA_0LC1RA_1RC1RD,Bell-like,0.55,False,False,False,35,-2,0.36,False,False,False,456,0.35,False,False,False,80,0.08,False,False,5,0.09,False,False,9,0.09,False,False,0,0.08,False,False,0
1098,1RB1LC_1RC0RF_1RD0LB_1RE0LD_1LF---_0RA1LA,Bell-like,0.32,False,False,False,5,-2,1.2,False,False,False,2518,0.76,False,False,False,672,0.08,False,False,4,0.08,False,False,5,0.09,False,False,0,0.07,False,False,0
1101,1RB1LC_1LA0RD_1LB1LF_1LE1RE_0LA0RB_0LB---,Bell-like,0.37,False,False,False,129,-2,0.09,False,False,False,337,0.2,False,False,False,644,0.08,False,False,1,0.07,False,False,3,0.08,False,False,0,0.09,False,False,0
1100,1RB0LE_1RC0RF_0RD0RB_1RE0RC_1LA0LA_1RA---,Bell-like,0.84,False,False,False,503,-2,0.45,False,False,False,9469,0.48,False,False,False,1123,0.09,False,False,8,0.09,False,False,8,0.07,False,False,0,0.08,False,False,0
1103,1RB0RE_0LC---_1RE1LD_0LE1LB_1LC0RF_1RA1LD,Bell-like,0.31,False,False,False,27,-2,0.38,False,False,False,2412,0.38,False,False,False,708,0.07,False,False,0,0.08,False,False,1,0.07,False,False,0,0.07,False,False,0
1082,1RB0RE_1LC1RF_---0LD_0LE1LB_1LF1LD_1RD0RA,Bell-like,8.86,False,False,False,0,9320,0.38,False,False,False,5536,0.34,False,False,False,1336,0.07,False,False,6,0.07,False,False,5,0.07,False,False,0,0.07,False,False,0
1102,1RB---_1RC1RE_1LD0LE_1RF0LC_0RD0RA_0RB1RD,Bell-like,0.34,False,False,False,11,-2,0.74,False,False,False,6561,1.11,False,False,False,908,0.07,False,False,13,0.07,False,False,14,0.07,False,False,0,0.07,False,False,0
1105,1RB---_0RC0RB_1LD1LE_1LC1RF_1RB0LE_1RA0RD,Bell-like,0.29,False,False,False,28,-2,0.11,False,False,False,906,0.37,False,False,False,1034,0.07,False,False,7,0.07,False,False,9,0.07,False,False,0,0.07,False,False,0
1093,1RB0RF_0LC1RE_---1LD_1LE0LB_0RF0LD_1RD1RA,Bell-like,7.22,False,False,False,0,5815,0.14,False,False,False,681,0.13,False,False,False,113,0.07,False,False,9,0.07,False,False,7,0.07,False,False,0,0.07,False,False,0
1107,1RB1LE_1RC0RF_0LD---_1RF1LE_0LF1LC_1LD0RA,Bell-like,0.31,False,False,False,34,-2,0.48,False,False,False,2851,0.34,False,False,False,471,0.07,False,False,1,0.07,False,False,2,0.07,False,False,0,0.07,False,False,0
1108,1RB0LA_1RC0RE_0LD0RF_1LA1LD_0RA1RE_---0LC,Bell-like,0.6,False,False,False,10,76304,0.85,False,False,False,4863,0.37,False,False,False,2324,0.07,False,False,2,0.07,False,False,0,0.07,False,False,0,0.07,False,False,0
1109,1RB0RE_1RC---_0RD0RC_1LE1LF_1LD1RA_1RC0LF,Bell-like,0.31,False,False,False,32,-2,0.1,False,False,False,637,0.35,False,False,False,596,0.07,False,False,8,0.07,False,False,9,0.07,False,False,0,0.07,False,False,0
1111,1RB0RA_0RC0LB_1LD1RF_1LE1RA_1RD1RB_1LA---,Bell-like,0.72,False,False,False,0,3574946,0.36,False,False,False,2207,0.39,False,False,False,634,0.07,False,False,3,0.07,False,False,2,0.07,False,False,0,0.07,False,False,0
1113,1RB0LD_0RC1RD_1LA1RA_1LE0LE_1RF0LA_0RA---,Bell-like,0.55,False,False,False,405,-2,0.33,False,False,False,1413,0.36,False,False,False,591,0.07,False,False,4,0.07,False,False,2,0.07,False,False,0,0.07,False,False,0
1112,1RB0LC_1RC1RE_1LA0LD_0RB0RA_1RB1RF_1RD---,Bell-like,0.32,False,False,False,18,-2,1.25,False,False,False,2611,1.45,False,False,False,744,0.07,False,False,7,0.07,False,False,10,0.06,False,False,0,0.06,False,False,0
1072,1RB1RF_1LC1RD_1LA1LC_1RA0RE_1RD1LA_---0LE,Bell-like,20.0,False,False,False,470,-2,0.41,False,False,False,7952,0.49,False,False,False,578,0.07,False,False,4,0.07,False,False,5,0.07,False,False,0,0.07,False,False,0
852,1RB---_1RC1LD_1LD1RF_1RE0LD_0LB0RB_0RC0RA,Structural counter + chaotic edge,0.58,False,False,False,0,8463,90,True,,,,0.35,False,False,False,1093,0.07,False,False,2,0.07,False,False,3,0.07,False,False,0,0.07,False,False,0
853,1RB1LC_1LC1RE_1RD0LC_0LA0RA_0RB0RF_1RA---,Structural counter + chaotic edge,0.58,False,False,False,0,8912,90,True,,,,0.35,False,False,False,934,0.07,False,False,0,0.07,False,False,3,0.07,False,False,0,0.07,False,False,0
1117,1RB1LB_0RC0LD_1LD1RE_1RC0LA_1RD1RF_0RD---,Bell-like,0.35,False,False,False,130,-2,0.08,False,False,False,300,0.15,False,False,False,376,0.07,False,False,4,0.07,False,False,4,0.07,False,False,0,0.07,False,False,0
1118,1RB0RF_1LC---_1RD0LC_0RE0RD_1LF1LC_1LE1RA,Bell-like,0.29,False,False,False,31,-2,0.11,False,False,False,743,0.35,False,False,False,614,0.07,False,False,9,0.07,False,False,11,0.06,False,False,0,0.06,False,False,0
1116,1RB1RE_1LC0LE_1RD0LB_0RA1RC_0RC0RF_1RA---,Bell-like,0.32,False,False,False,9,-2,0.65,False,False,False,7099,1.04,False,False,False,1001,0.07,False,False,16,0.08,False,False,17,0.08,False,False,0,0.07,False,False,0
1115,1RB0LE_1RC---_1RD1RE_1LA0RF_0RC0LA_0LC0RB,Bell-like,5.33,False,False,False,0,11549,0.35,False,False,False,2982,0.34,False,False,False,350,0.06,False,False,4,0.07,False,False,4,0.07,False,False,0,0.07,False,False,0
1106,1RB1LB_1LC1LA_1RD0LB_1RA1RE_1RF0RD_---1RD,Bell-like,11.17,False,False,False,0,5210,0.25,False,False,False,3419,0.36,False,False,False,930,0.08,False,False,4,0.07,False,False,3,0.06,False,False,0,0.06,False,False,0
1119,1RB1LB_1RC1LD_1LA1RE_1RD0LA_0RB0RF_0RA---,Bell-like,0.37,False,False,False,216,-2,0.38,False,False,False,4116,0.36,False,False,False,819,0.06,False,False,1,0.06,False,False,1,0.07,False,False,0,0.06,False,False,0
1120,1RB1LC_1LC0RF_0LF1LD_0LE---_1RF1LC_1LE0RA,Bell-like,0.32,False,False,False,34,-2,0.49,False,False,False,1850,0.35,False,False,False,441,0.07,False,False,2,0.06,False,False,1,0.07,False,False,0,0.06,False,False,0
1123,1RB0RF_1LC---_1LF1LD_1RE0LD_0RC0RE_1LC1RA,Bell-like,0.3,False,False,False,29,-2,0.11,False,False,False,762,0.36,False,False,False,955,0.07,False,False,9,0.07,False,False,9,0.07,False,False,0,0.07,False,False,0
1121,1RB1LA_1LC0RE_1LF1LD_1RE0LC_1LB1RA_---0LA,Bell-like,0.31,False,False,False,4,-2,0.33,False,False,False,506,0.33,False,False,False,238,0.07,False,False,3,0.07,False,False,3,0.07,False,False,0,0.06,False,False,0
1124,1RB1RD_1LC0RD_1RF1RB_1LE0RA_0LB0LE_---0RC,Bell-like,0.39,False,False,False,110,-2,0.33,False,False,False,1297,0.33,False,False,False,413,0.06,False,False,6,0.06,False,False,7,0.07,False,False,0,0.06,False,False,0
1122,1RB0RC_1LC1RF_1RE0LD_1LC1LA_---1RD_0RB0RA,Bell-like,0.98,False,False,False,57,981882022,0.35,False,False,False,3593,0.33,False,False,False,1648,0.07,False,False,2,0.07,False,False,4,0.06,False,False,0,0.06,False,False,0
1085,1RB0LF_1LC0LA_1RA0RD_---1RE_1LA1RC_0LB0RC,Bell-like,22.99,False,False,False,0,3261,0.08,False,False,False,144,0.1,False,False,False,145,0.07,False,False,2,0.07,False,False,5,0.06,False,False,0,0.06,False,False,0
1125,1RB0RE_1LC0RA_0LD1LB_1LA1LE_0LB0LF_1LD---,Bell-like,0.31,False,False,False,9,-2,0.75,False,False,False,7419,0.49,False,False,False,776,0.07,False,False,21,0.07,False,False,21,0.06,False,False,0,0.07,False,False,0
1110,1RB1RE_1LC0LB_1LD1LC_0RA1RF_1RD1RE_---1LB,Bell-like,11.9,False,False,False,194,635,0.47,False,False,False,2220,0.37,False,False,False,791,0.06,False,False,3,0.07,False,False,4,0.06,False,False,0,0.06,False,False,0
1129,1RB0LA_0RC0RB_1LD1LA_1LC1RE_1RF0RD_1LA---,Bell-like,0.29,False,False,False,32,-2,0.12,False,False,False,938,0.35,False,False,False,848,0.07,False,False,9,0.07,False,False,11,0.07,False,False,0,0.07,False,False,0
1126,1RB1RC_1LC0LF_1RF0LD_0RE1LB_1RC---_1LD0RA,Bell-like,0.92,False,False,False,0,385,0.35,False,False,False,3612,0.33,False,False,False,869,0.07,False,False,2,0.07,False,False,2,0.07,False,False,0,0.07,False,False,0
1127,1RB1RA_0LC0RA_1RC1LD_0LB1LE_1LF0RC_---0LD,Bell-like,1.89,False,False,False,9,740160,0.34,False,False,False,2067,0.33,False,False,False,682,0.07,False,False,1,0.07,False,False,1,0.07,False,False,0,0.07,False,False,0
1128,1RB0RE_1LC1RD_1LA0LC_0RA1RF_1RD0LB_1RA---,Bell-like,1.38,False,False,False,136,-2,0.35,False,False,False,3762,0.34,False,False,False,661,0.07,False,False,2,0.07,False,False,3,0.07,False,False,0,0.07,False,False,0
1134,1RB1LD_0RC1RC_1RD0RE_0LA0LF_0RF---_1RA1LA,Bell-like,0.51,False,False,False,674,-2,0.35,False,False,False,3153,0.34,False,False,False,590,0.07,False,False,0,0.07,False,False,0,0.07,False,False,0,0.07,False,False,0
1133,1RB1LD_0LC1RC_1RA1RD_1LE0RB_---1LF_0LC0LA,Bell-like,0.73,False,False,False,50,972916088,0.35,False,False,False,5196,0.34,False,False,False,973,0.07,False,False,3,0.07,False,False,3,0.07,False,False,0,0.07,False,False,0
1132,1RB1LF_1LC0RD_---1LA_0LA0RE_1LA1RA_1LB0LD,Bell-like,0.3,False,False,False,30,-2,1.33,False,False,False,3521,0.34,False,False,False,358,0.07,False,False,2,0.07,False,False,9,0.07,False,False,0,0.07,False,False,0
1097,1RB0RE_1RC0RF_1LD1RA_1LB1LD_1RA1LB_---0LD,Bell-like,20.3,False,False,False,470,-2,0.39,False,False,False,6615,1.13,False,False,False,715,0.08,False,False,2,0.07,False,False,3,0.07,False,False,0,0.07,False,False,0
1135,1RB0RE_0LC0RF_1LD1LC_1RA0LD_0RD1RE_---0LB,Bell-like,0.63,False,False,False,7,22525,0.46,False,False,False,5889,0.35,False,False,False,1613,0.07,False,False,1,0.07,False,False,2,0.07,False,False,0,0.07,False,False,0
1138,1RB---_0RC0RA_1RD1RC_1LE1LF_0LB0LD_0LE0RC,Chaotic Ack-like Bell,0.37,False,False,False,8,-2,0.42,False,False,False,7406,0.37,False,False,False,1386,0.07,False,False,2,0.07,False,False,3,0.07,False,False,0,0.07,False,False,0
1141,1RB0LB_0LC0RD_1LA1LB_0RE---_0RF1RD_1RB1RE,Chaotic Ack-like Bell,0.8,False,False,False,29,5484,0.5,False,False,False,32333,0.37,False,False,False,4707,0.07,False,False,1,0.07,False,False,1,0.07,False,False,0,0.07,False,False,0
1140,1RB1RC_1LC0RC_0RA0LD_0LE---_0LF1LD_1LC1LE,Chaotic Ack-like Bell,1.46,False,False,False,34,21416,0.46,False,False,False,20969,0.36,False,False,False,2978,0.07,False,False,0,0.07,False,False,3,0.07,False,False,0,0.07,False,False,0
1137,1RB1RA_1LC1LE_0LD0LB_0RA0RF_0LC0RA_1RD---,Chaotic Ack-like Bell,2.35,False,False,False,13,-2,0.56,False,False,False,12362,0.36,False,False,False,1330,0.07,False,False,0,0.07,False,False,1,0.07,False,False,0,0.07,False,False,0
1144,1RB0LE_0RC0RA_1LC1RD_0LB0LE_1LA0LF_1LE---,Chaotic Ack-like Bell,0.7,False,False,False,19,28048,0.07,False,False,False,23,0.38,False,False,False,3233,0.07,False,False,6,0.07,False,False,2,0.07,False,False,0,0.07,False,False,0
1146,1RB---_1RC0RA_1LD0RB_0LE0LC_1RE1LF_0RD0RB,Chaotic Ack-like Bell,0.72,False,False,False,22,25862,0.09,False,False,False,869,0.43,False,False,False,3124,0.07,False,False,1,0.07,False,False,3,0.07,False,False,0,0.07,False,False,0
1143,1RB0RF_1LC0RC_0LD1LC_1RE1LB_1RF---_1LE1RA,Chaotic Ack-like Bell,2.52,False,False,False,0,2346,0.4,False,False,False,9949,0.38,False,False,False,2229,0.07,False,False,2,0.07,False,False,0,0.07,False,False,0,0.07,False,False,0
1145,1RB0LF_1RC0RA_1LD0RB_0LE0LC_0LA0LC_0LB---,Chaotic Ack-like Bell,0.93,False,False,False,50,791762270,0.49,False,False,False,26038,0.57,False,False,False,9902,0.07,False,False,1,0.07,False,False,4,0.08,False,False,0,0.07,False,False,0
1139,1RB0LA_1LC0RD_0LD1LA_1LF0RE_1LB1RE_1RD---,Chaotic Ack-like Bell,4.25,False,False,False,48,26073,0.35,False,False,False,1840,0.34,False,False,False,418,0.08,False,False,1,0.07,False,False,2,0.07,False,False,0,0.08,False,False,0
1114,1RB0RA_1LC0LE_1RA1LD_0LB1LF_1LD0RC_1LB---,Bell-like,15.44,False,False,False,6,6264,0.34,False,False,False,4531,0.37,False,False,False,847,0.07,False,False,2,0.07,False,False,3,0.08,False,False,0,0.07,False,False,0
1131,1RB1RE_1LC1LB_1LE0LD_1LE1LC_0RF1RA_---1RA,Bell-like,3.13,False,False,False,428,-2,0.21,False,False,False,2725,3.98,False,False,False,2269,0.07,False,False,4,0.07,False,False,4,0.07,False,False,0,0.07,False,False,0
1148,1RB---_0LC1RF_0LD1LC_1RE1LB_0RE1LA_0RB0RA,Skelet 17-like,0.27,False,False,False,0,209,0.08,False,False,False,29,0.33,False,False,False,625,0.08,False,False,4,0.07,False,False,3,0.08,False,False,0,0.07,False,False,0
1149,1RB1LC_1RC---_0LD1RF_0LE1LE_0LA1LE_0RC0RB,Skelet 17-like,0.28,False,False,False,0,154,0.08,False,False,False,137,0.19,False,False,False,213,0.07,False,False,3,0.07,False,False,1,0.07,False,False,0,0.07,False,False,0
1150,1RB1LD_1RC---_0LD1RE_0LF1RE_0RC0RB_0LA1LF,Skelet 17-like,0.27,False,False,False,0,178,0.08,False,False,False,183,0.17,False,False,False,79,0.07,False,False,5,0.07,False,False,0,0.07,False,False,0,0.07,False,False,0
1151,1RB---_0LC1RF_0LD1LC_1RE1LB_1RD0LD_0RB0RA,Skelet 17-like,0.27,False,False,False,0,209,0.12,False,False,False,1091,0.33,False,False,False,490,0.07,False,False,4,0.07,False,False,1,0.07,False,False,0,0.07,False,False,0
1152,1RB---_0LC1RF_1RA1LD_0LE1RF_0LC1LE_0RD0RA,Skelet 17-like,0.27,False,False,False,0,209,0.08,False,False,False,35,0.33,False,False,False,785,0.07,False,False,5,0.07,False,False,1,0.07,False,False,0,0.07,False,False,0
1153,1RB---_0RC1RF_0LD1RF_0LE1LD_1RA1LC_0RC0RA,Skelet 17-like,0.27,False,False,False,0,179,0.08,False,False,False,196,0.34,False,False,False,2933,0.07,False,False,2,0.07,False,False,1,0.07,False,False,0,0.07,False,False,0
1154,1RB1LC_1RC---_0LD1RE_0LA1LD_0RC1RF_0LF0RB,Skelet 17-like,0.26,False,False,False,0,148,0.2,False,False,False,1829,0.33,False,False,False,412,0.07,False,False,4,0.07,False,False,6,0.08,False,False,0,0.07,False,False,0
1147,1RB1LC_1LA---_1LD0LA_1RE0LE_0RF1RE_1LB1RD,Chaotic Ack-like Bell,1.95,False,False,False,118,1257,0.39,False,False,False,8949,0.36,False,False,False,2160,0.07,False,False,8,0.08,False,False,6,0.07,False,False,0,0.07,False,False,0
1155,1RB1LC_1RC0RF_0LD1RE_0LA1LD_0RC0RB_0RE---,Skelet 17-like,0.26,False,False,False,0,150,0.34,False,False,False,3822,0.34,False,False,False,765,0.07,False,False,5,0.07,False,False,5,0.07,False,False,0,0.07,False,False,0
1156,1RB0RF_1LC1RA_0LE0LD_0LB0RD_1RD0RA_0RE---,Quadratic Skelet 17-like,0.31,False,False,False,0,2926,0.42,False,False,False,9912,0.34,False,False,False,1983,0.07,False,False,6,0.07,False,False,3,0.07,False,False,0,0.07,False,False,0
1157,1RB0RF_1LC1RA_0LE0LD_0LB0RD_1RA0RA_0RE---,Quadratic Skelet 17-like,0.33,False,False,False,0,2926,0.42,False,False,False,10061,0.34,False,False,False,2017,0.07,False,False,2,0.07,False,False,4,0.07,False,False,0,0.07,False,False,0
1159,1RB1RA_0LC1RE_1RD1LB_0RA---_0RE0RF_1LF0RC,Quadratic Skelet 17-like,0.42,False,False,False,0,8609,0.26,False,False,False,5208,0.34,False,False,False,652,0.07,False,False,3,0.07,False,False,3,0.07,False,False,0,0.07,False,False,0
1158,1RB1RA_0LC1RE_1RD1LB_0RA---_0RB0RF_1LF0RC,Quadratic Skelet 17-like,0.4,False,False,False,0,8677,0.41,False,False,False,11981,0.35,False,False,False,2599,0.07,False,False,4,0.07,False,False,3,0.07,False,False,0,0.07,False,False,0
1160,1RB0RF_1LC1RA_0LE0LD_0LB1LC_1RD0RA_0RE---,Quadratic Skelet 17-like,0.32,False,False,False,0,2926,0.47,False,False,False,17145,0.35,False,False,False,2665,0.07,False,False,3,0.07,False,False,2,0.07,False,False,0,0.07,False,False,0
1168,1RB0LC_0RC1RF_1RD0RE_1LE0RA_0LA0LE_1RE---,Skelet 1-like Class 1,0.34,False,False,False,0,5982,0.4,False,False,False,9962,0.35,False,False,False,2316,0.07,False,False,1,0.07,False,False,5,0.07,False,False,0,0.07,False,False,0
1169,1RB0LC_1LA0RD_1RA0LA_1RE1RD_1RA1RF_1LC---,Skelet 1-like Class 1,0.34,False,False,False,0,4243,0.39,False,False,False,8273,0.35,False,False,False,2182,0.07,False,False,1,0.07,False,False,14,0.07,False,False,0,0.07,False,False,0
1161,1RB0LA_0RC1RF_1LC0RD_1RC0LE_1LA1RA_1RD---,Quadratic Skelet 17-like,0.82,False,False,False,0,2931,0.37,False,False,False,3953,0.34,False,False,False,968,0.07,False,False,3,0.07,False,False,1,0.07,False,False,0,0.07,False,False,0
1170,1RB0LC_1LC0RE_1LD1LB_1LA1LD_1RF0RA_---1RE,Skelet 1-like Class 1,0.38,False,False,False,0,6533,0.45,False,False,False,22239,0.34,False,False,False,4875,0.07,False,False,2,0.07,False,False,3,0.07,False,False,0,0.07,False,False,0
1172,1RB0LD_1RC0RF_1LA1RF_0LA0RE_1LD---_0RA0RD,Skelet 1-like Class 1,0.54,False,False,False,4,16825,0.43,False,False,False,10248,0.36,False,False,False,2174,0.07,False,False,5,0.07,False,False,8,0.07,False,False,0,0.07,False,False,0
1173,1RB0LC_0RC0RF_1RD0RE_1LE0RA_0LA0LE_0RC---,Skelet 1-like Class 1,0.35,False,False,False,0,5983,0.41,False,False,False,9962,0.35,False,False,False,2087,0.07,False,False,1,0.07,False,False,5,0.07,False,False,0,0.08,False,False,0
1174,1RB1LD_1RC1RE_1LA0RA_1RC0LB_0LA1RF_---1RB,Skelet 1-like Class 1,0.35,False,False,False,0,12068,0.37,False,False,False,6603,0.34,False,False,False,1469,0.08,False,False,1,0.07,False,False,2,0.07,False,False,0,0.07,False,False,0
1171,1RB0LB_1RC0LA_1RD---_0RE1LD_1LF0RF_1LA1RB,Skelet 1-like Class 1,1.12,False,False,False,0,569,0.35,False,False,False,2698,0.35,False,False,False,646,0.07,False,False,1,0.07,False,False,4,0.07,False,False,0,0.07,False,False,0
1175,1RB0LC_0RC0RB_1LD0RE_0LE0LF_1LA0LB_1RA---,Skelet 1-like Class 1,0.35,False,False,False,0,9056,0.4,False,False,False,9220,0.35,False,False,False,1865,0.08,False,False,4,0.07,False,False,3,0.07,False,False,0,0.08,False,False,0
1176,1RB0RC_1LC0RD_0LD0LC_1RE0LA_0RA0RF_1RC---,Skelet 1-like Class 1,0.35,False,False,False,0,10280,0.4,False,False,False,8877,0.36,False,False,False,2383,0.07,False,False,1,0.07,False,False,4,0.08,False,False,0,0.08,False,False,0
1177,1RB1RC_1LC1LE_1RD0RA_1LB0RA_0LD1LF_1LD---,Skelet 1-like Class 1,0.39,False,False,False,0,11440,0.49,False,False,False,21381,0.36,False,False,False,3676,0.07,False,False,3,0.07,False,False,6,0.07,False,False,0,0.07,False,False,0
1178,1RB0RE_0RC1RE_1RD1LE_0LE---_1RA1LF_1RF0LC,Skelet 1-like Class 1,0.31,False,False,False,0,5044,0.41,False,False,False,10248,0.37,False,False,False,3752,0.07,False,False,2,0.07,False,False,5,0.07,False,False,0,0.07,False,False,0
1179,1RB0LD_1RC0RF_0LD0LE_1RF1LC_0LB1LE_0RA---,Skelet 1-like Class 1,0.4,False,False,False,0,7846,0.42,False,False,False,9185,0.36,False,False,False,3024,0.07,False,False,1,0.07,False,False,1,0.07,False,False,0,0.07,False,False,0
1180,1RB0RC_1LC0RD_0LD0LC_1RE0LA_0RA0RF_0RD---,Skelet 1-like Class 1,0.36,False,False,False,0,8997,0.41,False,False,False,8877,0.35,False,False,False,2383,0.07,False,False,1,0.07,False,False,4,0.07,False,False,0,0.07,False,False,0
1181,1RB1LD_1RC1RE_1LA0RA_1RC0LB_0LA1RF_---1RD,Skelet 1-like Class 1,0.32,False,False,False,0,11581,0.38,False,False,False,5735,0.35,False,False,False,1649,0.07,False,False,4,0.07,False,False,1,0.07,False,False,0,0.07,False,False,0
1182,1RB0RC_1LC0RD_0LD0LC_1RE0LA_0RA0RF_0LC---,Skelet 1-like Class 1,0.35,False,False,False,0,9578,0.4,False,False,False,8877,0.35,False,False,False,2383,0.07,False,False,1,0.07,False,False,4,0.07,False,False,0,0.07,False,False,0
1183,1RB1RB_0LC0RE_1LD1LB_1RE1LF_1RC0RA_1LC---,Skelet 1-like Class 1,0.36,False,False,False,0,3406,0.47,False,False,False,15168,0.38,False,False,False,5176,0.07,False,False,3,0.07,False,False,0,0.08,False,False,0,0.07,False,False,0
1185,1RB0RB_1RC1LC_0LD1RA_1LF1LE_0LA1LC_1LB---,Skelet 1-like Class 1,0.31,False,False,False,0,9062,0.15,False,False,False,2083,0.35,False,False,False,1413,0.07,False,False,0,0.07,False,False,1,0.07,False,False,0,0.07,False,False,0
1184,1RB---_0LC0LB_1RF0LD_1RE0RB_1LB0RC_0RD1RA,Skelet 1-like Class 1,0.36,False,False,False,0,5980,0.41,False,False,False,9733,0.35,False,False,False,2227,0.07,False,False,1,0.07,False,False,7,0.07,False,False,0,0.07,False,False,0
1186,1RB0LB_1LC1RE_1LA1LD_0RB1LF_1LA0RC_---1LC,Skelet 1-like Class 1,0.33,False,False,False,1,11205,0.37,False,False,False,6707,0.34,False,False,False,1184,0.07,False,False,3,0.07,False,False,3,0.07,False,False,0,0.07,False,False,0
1187,1RB0LC_0RC0RB_1LD0RE_0LE0LF_1LA0LB_0LC---,Skelet 1-like Class 1,0.36,False,False,False,0,5978,0.4,False,False,False,9220,0.35,False,False,False,1879,0.07,False,False,3,0.07,False,False,3,0.07,False,False,0,0.07,False,False,0
1188,1RB0LC_0RC0RF_1RD0RE_1LE0RA_0LA0LE_1LD---,Skelet 1-like Class 1,0.35,False,False,False,0,5978,0.41,False,False,False,9962,0.35,False,False,False,2312,0.07,False,False,1,0.07,False,False,5,0.07,False,False,0,0.07,False,False,0
1189,1RB0LC_0RC0RB_1LD0RE_0LE0LF_1LA0LB_0RB---,Skelet 1-like Class 1,0.34,False,False,False,0,6932,0.4,False,False,False,9220,0.35,False,False,False,1952,0.07,False,False,4,0.07,False,False,3,0.07,False,False,0,0.07,False,False,0
1190,1RB1LD_1LC0RE_1LA0LD_0LB0LE_0RB0LF_1RE---,Skelet 1-like Class 1,0.35,False,False,False,4,14456,0.44,False,False,False,10641,0.35,False,False,False,1539,0.08,False,False,8,0.07,False,False,7,0.08,False,False,0,0.07,False,False,0
1191,1RB1RE_1RC1LE_1LD0RA_1LF0LA_1LB0LC_---1RA,Skelet 1-like Class 1,0.37,False,False,False,0,11942,0.35,False,False,False,1831,0.33,False,False,False,451,0.07,False,False,0,0.07,False,False,1,0.07,False,False,0,0.07,False,False,0
1192,1RB0LD_1RC1RE_1LD0LA_1RB1LA_0RF---_1RA1LB,Skelet 1-like Class 1,0.28,False,False,False,0,497971,0.38,False,False,False,5265,0.35,False,False,False,1646,0.07,False,False,0,0.07,False,False,5,0.07,False,False,0,0.07,False,False,0
1193,1RB0LE_0RC---_1RD0LA_1RE0RA_0LF1LD_1LC1RF,Skelet 1-like Class 1,0.44,False,False,False,0,17334,0.35,False,False,False,3355,0.34,False,False,False,795,0.07,False,False,3,0.07,False,False,0,0.07,False,False,0,0.07,False,False,0
1194,1RB1LB_1RC0LA_1RD0RE_1LA0LB_1RF---_1RB1LD,Skelet 1-like Class 1,0.29,False,False,False,0,497169,0.36,False,False,False,3771,0.34,False,False,False,1151,0.07,False,False,5,0.07,False,False,3,0.07,False,False,0,0.07,False,False,0
1195,1RB0LD_1RC1RE_1LA0LD_1LB1LC_0RA1RF_1RA---,Skelet 1-like Class 1,0.39,False,False,False,0,17208,0.47,False,False,False,22423,0.35,False,False,False,3084,0.07,False,False,3,0.07,False,False,6,0.07,False,False,0,0.07,False,False,0
1196,1RB1RE_0LC0RE_1LD1LB_1RE0LF_1RC0RA_1LC---,Skelet 1-like Class 1,0.33,False,False,False,0,3405,0.41,False,False,False,11161,0.35,False,False,False,2417,0.07,False,False,1,0.07,False,False,1,0.07,False,False,0,0.07,False,False,0
1197,1RB1RF_1LC0RE_1RD0LC_0LB0RA_1LD1RD_1RB---,Skelet 1-like Class 1,0.28,False,False,False,1,10778,0.38,False,False,False,8734,0.35,False,False,False,2281,0.07,False,False,4,0.07,False,False,5,0.07,False,False,0,0.06,False,False,0
1199,1RB1RE_1LC0RC_1RA1LD_1RB0LA_0LC1RF_---1RD,Skelet 1-like Class 1,0.32,False,False,False,0,12399,0.38,False,False,False,5691,0.38,False,False,False,1302,0.07,False,False,3,0.07,False,False,3,0.07,False,False,0,0.07,False,False,0
1142,1RB1RE_0RC0RA_0LD0LF_1LA1LD_0RB0LD_1LC---,Chaotic Ack-like Bell,12.7,False,False,False,7,-2,0.46,False,False,False,5377,0.36,False,False,False,1476,0.07,False,False,0,0.07,False,False,0,0.07,False,False,0,0.07,False,False,0
1198,1RB1RE_1LC1RB_1RA0LD_1RC0LB_0RF---_0LD1RA,Skelet 1-like Class 1,0.94,False,False,False,0,488,0.22,False,False,False,3013,0.34,False,False,False,877,0.08,False,False,1,0.07,False,False,2,0.07,False,False,0,0.07,False,False,0
1200,1RB0RC_1LC0RD_0LD0LC_1RE0LA_0RA0RF_0RA---,Skelet 1-like Class 1,0.33,False,False,False,0,8550,0.4,False,False,False,8877,0.34,False,False,False,2383,0.07,False,False,1,0.07,False,False,4,0.07,False,False,0,0.07,False,False,0
1201,1RB0RE_1LC1LF_1RA1LD_1LB---_1RF1RF_0LB0RA,Skelet 1-like Class 1,0.34,False,False,False,0,3407,0.45,False,False,False,17825,0.38,False,False,False,4831,0.08,False,False,1,0.07,False,False,1,0.08,False,False,0,0.07,False,False,0
1203,1RB1LD_0RC---_1RD1LE_1RE0LA_1RF1RB_1LA0LD,Skelet 1-like Class 1,0.29,False,False,False,1,854857,0.38,False,False,False,4866,0.33,False,False,False,1673,0.07,False,False,5,0.08,False,False,8,0.07,False,False,0,0.07,False,False,0
1202,1RB---_0RC0LA_1LD0RB_1LE0LF_1RC1LF_0LC0LB,Skelet 1-like Class 1,0.32,False,False,False,1,5784,0.46,False,False,False,10483,0.37,False,False,False,2031,0.08,False,False,6,0.07,False,False,8,0.07,False,False,0,0.07,False,False,0
1204,1RB0LD_0LB1RC_0RD---_1RE0RF_1LF0RA_0LA0LF,Skelet 1-like Class 1,0.32,False,False,False,0,5982,0.39,False,False,False,8263,0.35,False,False,False,1999,0.07,False,False,2,0.07,False,False,4,0.07,False,False,0,0.06,False,False,0
1079,1RB0RD_1RC0LF_1LA0LB_---1RE_1LB1RA_0LC0RA,Bell-like,42.57,False,False,False,2,8288,0.08,False,False,False,152,0.31,False,False,False,1615,0.07,False,False,1,0.07,False,False,3,0.07,False,False,0,0.07,False,False,0
1205,1RB0LC_0RC0RB_1LD0RE_0LE0LF_1LA0LB_1LA---,Skelet 1-like Class 1,0.36,False,False,False,0,8957,0.4,False,False,False,9220,0.34,False,False,False,1984,0.07,False,False,4,0.07,False,False,3,0.07,False,False,0,0.06,False,False,0
1206,1RB0RF_1LC1RF_1RA0LD_0LC0RE_1LD---_0RC0RD,Skelet 1-like Class 1,0.32,False,False,False,11,23894,0.42,False,False,False,11056,0.35,False,False,False,1871,0.07,False,False,6,0.07,False,False,9,0.07,False,False,0,0.07,False,False,0
1207,1RB0RC_1LC0RD_0LD0LC_1RE0LA_0RA0RF_0LA---,Skelet 1-like Class 1,0.35,False,False,False,0,10280,0.4,False,False,False,8877,0.34,False,False,False,2383,0.07,False,False,1,0.07,False,False,4,0.07,False,False,0,0.07,False,False,0
1208,1RB0RE_1LC0RE_1LA1LD_0LB1LF_1RC1RA_1LB---,Skelet 1-like Class 1,0.4,False,False,False,0,14398,0.51,False,False,False,24707,0.34,False,False,False,2290,0.07,False,False,3,0.07,False,False,3,0.07,False,False,0,0.06,False,False,0
1209,1RB0LC_0RC0RB_1LD0RE_0LE0LF_1LA0LB_0RE---,Skelet 1-like Class 1,0.35,False,False,False,0,8743,0.39,False,False,False,9220,0.33,False,False,False,1874,0.07,False,False,4,0.07,False,False,3,0.07,False,False,0,0.06,False,False,0
1210,1RB0RD_0LC0RA_1LA1LC_1RE0LF_0RA1RF_1LB---,Skelet 1-like Class 1,0.37,False,False,False,0,5565,0.38,False,False,False,8056,0.35,False,False,False,2606,0.07,False,False,2,0.07,False,False,2,0.07,False,False,0,0.07,False,False,0
1211,1RB1RD_0LC0LB_0RE0LD_1LB0RB_1RF---_0RA0RC,Skelet 1-like Class 1,0.26,False,False,False,0,5172,0.4,False,False,False,9361,0.34,False,False,False,2183,0.08,False,False,1,0.07,False,False,2,0.07,False,False,0,0.07,False,False,0
1212,1RB0LC_0RC0RB_1LD0RE_0LE0LF_1LA0LB_1LC---,Skelet 1-like Class 1,0.33,False,False,False,0,8269,0.39,False,False,False,9220,0.33,False,False,False,1948,0.07,False,False,3,0.07,False,False,3,0.07,False,False,0,0.06,False,False,0
1213,1RB0LF_0RC0LC_1LA1LD_1RE1LC_---1RA_0LC0RD,Skelet 1-like Class 1,0.36,False,False,False,0,11815,0.38,False,False,False,9836,0.33,False,False,False,1636,0.07,False,False,0,0.07,False,False,0,0.07,False,False,0,0.06,False,False,0
1214,1RB0LB_1RC1LD_1LD0RD_1LE0RC_1LF---_0LA1RF,Skelet 1-like Class 1,0.39,False,False,False,0,9922,0.33,False,False,False,2819,0.33,False,False,False,835,0.07,False,False,7,0.07,False,False,2,0.07,False,False,0,0.07,False,False,0
1215,1RB0RC_1LC0RD_0LD0LC_1RE0LA_0RA0RF_1LB---,Skelet 1-like Class 1,0.33,False,False,False,0,7282,0.39,False,False,False,8877,0.34,False,False,False,2383,0.07,False,False,1,0.06,False,False,4,0.07,False,False,0,0.07,False,False,0
1216,1RB0LC_0RC0RB_1LD0RE_0LE1LF_1LA0LB_1LD---,Skelet 1-like Class 1,0.33,False,False,False,0,5978,0.39,False,False,False,9220,0.34,False,False,False,1959,0.07,False,False,4,0.06,False,False,3,0.07,False,False,0,0.07,False,False,0
1217,1RB1LF_1LC0RD_0LD0LC_1RE0LA_0RA0RC_0RE---,Skelet 1-like Class 1,0.34,False,False,False,0,7204,0.39,False,False,False,8464,0.34,False,False,False,2340,0.07,False,False,3,0.07,False,False,9,0.08,False,False,0,0.07,False,False,0
1218,1RB0LC_0RC0RF_1RD0RE_1LE0RA_0LA0LE_1RE---,Skelet 1-like Class 1,0.34,False,False,False,0,11444,0.4,False,False,False,9962,0.34,False,False,False,2240,0.07,False,False,1,0.07,False,False,5,0.08,False,False,0,0.07,False,False,0
1220,1RB0LC_0RC0RB_1LD0RE_0LE1LF_1LA0LB_0RE---,Skelet 1-like Class 1,0.34,False,False,False,0,9180,0.39,False,False,False,9220,0.34,False,False,False,1953,0.08,False,False,4,0.07,False,False,3,0.07,False,False,0,0.07,False,False,0
1219,1RB0LC_0RC0RB_1LD0RE_0LE0LB_1LA1RF_0LD---,Skelet 1-like Class 1,0.34,False,False,False,0,9180,0.39,False,False,False,8738,0.35,False,False,False,1913,0.07,False,False,1,0.07,False,False,6,0.07,False,False,0,0.07,False,False,0
1221,1RB0LC_0RC1RF_1RD0RE_1LE0RA_0LA0LE_1RB---,Skelet 1-like Class 1,0.33,False,False,False,0,5980,0.4,False,False,False,9962,0.35,False,False,False,2441,0.07,False,False,1,0.07,False,False,5,0.07,False,False,0,0.06,False,False,0
1223,1RB0RC_1LC1RF_1RA1LD_1RD0LE_1LD1LC_0RE---,Skelet 1-like Class 1,0.29,False,False,False,0,5050,0.4,False,False,False,10988,0.36,False,False,False,2349,0.07,False,False,2,0.07,False,False,0,0.07,False,False,0,0.07,False,False,0
1222,1RB---_1RC1RF_1LD1RA_1LB0LE_1LF1LF_0RB0LD,Skelet 1-like Class 1,0.3,False,False,False,0,5913,0.44,False,False,False,16538,0.35,False,False,False,4756,0.08,False,False,3,0.07,False,False,0,0.07,False,False,0,0.07,False,False,0
1224,1RB0LC_0RC0RB_1LD0RE_0LE0LF_1LA0LB_0LE---,Skelet 1-like Class 1,0.34,False,False,False,0,8957,0.38,False,False,False,9220,0.34,False,False,False,1984,0.07,False,False,4,0.06,False,False,3,0.07,False,False,0,0.07,False,False,0
1225,1RB0LC_0RC0RF_1RD0RE_1LE0RA_0LA0LE_0RA---,Skelet 1-like Class 1,0.36,False,False,False,0,9295,0.4,False,False,False,9962,0.34,False,False,False,2346,0.08,False,False,1,0.07,False,False,4,0.07,False,False,0,0.07,False,False,0
1226,1RB0LC_0RC1RF_1RD0RE_1LE0RA_0LA0LE_0RB---,Skelet 1-like Class 1,0.33,False,False,False,0,5975,0.4,False,False,False,9962,0.34,False,False,False,2344,0.07,False,False,1,0.07,False,False,5,0.07,False,False,0,0.07,False,False,0
1227,1RB0LC_0RC0RF_1RD0RE_1LE0RA_0LA0LE_0LE---,Skelet 1-like Class 1,0.34,False,False,False,0,5979,0.4,False,False,False,9962,0.34,False,False,False,2211,0.07,False,False,1,0.07,False,False,5,0.07,False,False,0,0.07,False,False,0
1228,1RB0RC_1LC0RD_0LD0LC_1RE0LA_0RA1RF_1RE---,Skelet 1-like Class 1,0.35,False,False,False,0,10244,0.4,False,False,False,8877,0.35,False,False,False,2383,0.07,False,False,1,0.07,False,False,4,0.07,False,False,0,0.07,False,False,0
1229,1RB0RE_1LC1LF_1RA0LD_1LB---_1RF1RA_0LB0RA,Skelet 1-like Class 1,0.33,False,False,False,0,3406,0.42,False,False,False,11752,0.35,False,False,False,2586,0.07,False,False,1,0.07,False,False,0,0.07,False,False,0,0.07,False,False,0
1233,1RB1LF_0RC1RC_1LD0RD_0LE0LA_1RA0LB_---1LD,Skelet 1-like Class 1,0.29,False,False,False,1,10358,0.07,False,False,False,6,0.08,False,False,False,21,0.07,False,False,1,0.07,False,False,1,0.07,False,False,0,0.07,False,False,0
1234,1RB1LE_1RC1LF_0RD1RD_1LE0RE_0LA0LB_---1LE,Skelet 1-like Class 1,0.3,False,False,False,1,13379,0.07,False,False,False,13,0.07,False,False,False,15,0.07,False,False,3,0.07,False,False,1,0.07,False,False,0,0.07,False,False,0
1232,1RB0LC_0RC0RF_1RD0RE_1LE0RA_0LA0LE_1RA---,Skelet 1-like Class 1,0.36,False,False,False,0,5985,0.41,False,False,False,9962,0.35,False,False,False,2296,0.07,False,False,1,0.07,False,False,4,0.08,False,False,0,0.08,False,False,0
1231,1RB0RC_1LC0RD_0LD0LC_1RE0LA_0RA1RF_0RC---,Skelet 1-like Class 1,0.37,False,False,False,0,10244,0.39,False,False,False,8877,0.36,False,False,False,2383,0.07,False,False,1,0.07,False,False,4,0.09,False,False,0,0.08,False,False,0
1230,1RB0LD_1LC0RD_1RE0RA_1LE0RF_1LA1RC_0LB---,Skelet 1-like Class 1,0.94,False,False,False,0,593,0.34,False,False,False,1855,0.33,False,False,False,281,0.07,False,False,3,0.08,False,False,1,0.07,False,False,0,0.06,False,False,0
1235,1RB0RC_1LC0RD_0LD0LC_1RE0LA_0RA0RF_0LB---,Skelet 1-like Class 1,0.34,False,False,False,0,5993,0.4,False,False,False,8877,0.36,False,False,False,2383,0.07,False,False,1,0.07,False,False,4,0.07,False,False,0,0.07,False,False,0
1238,1RB---_1RC1LE_1RD0LF_1RE0RA_1LF0LC_1RC1LC,Skelet 1-like Class 1,0.3,False,False,False,1,-2,0.43,False,False,False,4289,0.34,False,False,False,1255,0.07,False,False,4,0.07,False,False,6,0.07,False,False,0,0.07,False,False,0
1237,1RB0LB_1RC0LA_1LB0RD_1RE1RD_1RB1RF_1LA---,Skelet 1-like Class 1,0.34,False,False,False,0,4258,0.41,False,False,False,9914,0.38,False,False,False,2623,0.07,False,False,4,0.07,False,False,2,0.07,False,False,0,0.07,False,False,0
1239,1RB0RD_0LC0LF_1RD1LB_0RE---_1RA0LC_0LA1LF,Skelet 1-like Class 1,0.39,False,False,False,0,8238,0.41,False,False,False,8231,0.36,False,False,False,2524,0.07,False,False,3,0.07,False,False,2,0.07,False,False,0,0.07,False,False,0
1240,1RB1RF_1LC1RD_1RA1LD_1RE0LA_---0RC_0LC1RB,Skelet 1-like Class 1,0.34,False,False,False,0,12399,0.39,False,False,False,5743,0.39,False,False,False,1299,0.07,False,False,8,0.07,False,False,4,0.07,False,False,0,0.07,False,False,0
1241,1RB0RC_1LC1RC_1LD0RB_1LA0LE_1LF---_1LC1RA,Skelet 1-like Class 1,0.28,False,False,False,1,854677,0.37,False,False,False,4899,0.34,False,False,False,1080,0.07,False,False,5,0.07,False,False,1,0.07,False,False,0,0.07,False,False,0
1242,1RB0LC_0RC0RB_1LD0RE_0LE1LF_1LA0LB_1LB---,Skelet 1-like Class 1,0.33,False,False,False,0,9180,0.39,False,False,False,9220,0.35,False,False,False,1953,0.07,False,False,4,0.07,False,False,3,0.07,False,False,0,0.07,False,False,0
1243,1RB0LC_0RC1RF_1RD0RE_1LE0RA_0LA0LE_0LA---,Skelet 1-like Class 1,0.34,False,False,False,0,8948,0.41,False,False,False,9962,0.35,False,False,False,2087,0.07,False,False,1,0.07,False,False,5,0.07,False,False,0,0.07,False,False,0
1244,1RB0RF_1LC0RA_0LD0LB_1RD1LE_0RC0RA_1RA---,Skelet 1-like Class 1,0.69,False,False,False,22,29575,0.08,False,False,False,381,0.13,False,False,False,287,0.07,False,False,7,0.07,False,False,4,0.07,False,False,0,0.07,False,False,0
1245,1RB---_0RC0LD_1RD1RC_1LB0LE_1LF0RA_0LD1LA,Skelet 1-like Class 1,0.38,False,False,False,0,5565,0.39,False,False,False,8060,0.36,False,False,False,2977,0.07,False,False,3,0.07,False,False,1,0.07,False,False,0,0.08,False,False,0
1246,1RB0LC_0RC0RE_1RD1LF_1LE0RA_0LA0LE_0RB---,Skelet 1-like Class 1,0.35,False,False,False,0,5982,0.41,False,False,False,9024,0.34,False,False,False,2217,0.07,False,False,8,0.07,False,False,6,0.07,False,False,0,0.08,False,False,0
1247,1RB1RE_1LC1RF_1LA0LD_1LE1RD_0RA0LC_0LA---,Skelet 1-like Class 1,0.31,False,False,False,0,6492,0.41,False,False,False,10252,0.34,False,False,False,2266,0.08,False,False,2,0.07,False,False,3,0.07,False,False,0,0.06,False,False,0
1248,1RB0RE_1LC1LF_1RA1LD_0LB---_1RF1LE_0LB0RA,Skelet 1-like Class 1,0.33,False,False,False,0,4142,0.42,False,False,False,11250,0.35,False,False,False,3383,0.09,False,False,0,0.07,False,False,1,0.07,False,False,0,0.07,False,False,0
1249,1RB---_1LC0RC_0LD0LC_1RE1RA_0RD1LF_0LE0LF,Skelet 1-like Class 1,0.38,False,False,False,0,6448,0.38,False,False,False,8623,0.36,False,False,False,1633,0.07,False,False,5,0.07,False,False,3,0.07,False,False,0,0.07,False,False,0
1250,1RB0LC_0RC0RB_1LD0RE_0LE1LF_1LA0LB_0LD---,Skelet 1-like Class 1,0.34,False,False,False,0,6308,0.39,False,False,False,9220,0.35,False,False,False,1952,0.07,False,False,4,0.07,False,False,3,0.07,False,False,0,0.07,False,False,0
1251,1RB0RC_1LC0RD_0LD0LC_1RE0LA_0RA1RF_0RE---,Skelet 1-like Class 1,0.33,False,False,False,0,7202,0.39,False,False,False,8877,0.35,False,False,False,2383,0.07,False,False,1,0.07,False,False,4,0.07,False,False,0,0.07,False,False,0
1252,1RB0LC_0RC1RF_1RD0RE_1LE0RA_0LA0LE_0RE---,Skelet 1-like Class 1,0.33,False,False,False,0,5980,0.41,False,False,False,9962,0.34,False,False,False,2441,0.07,False,False,1,0.06,False,False,5,0.07,False,False,0,0.07,False,False,0
1254,1RB1RB_1LC1RF_1RA1LD_1RE0LC_---1RC_1LC0RD,Skelet 1-like Class 1,0.36,False,False,False,0,14925,0.07,False,False,False,139,0.35,False,False,False,1597,0.07,False,False,4,0.07,False,False,5,0.07,False,False,0,0.07,False,False,0
1253,1RB1RE_1LC0LD_1RA0LD_1LA1LB_0RC1RF_1RC---,Skelet 1-like Class 1,0.39,False,False,False,0,11436,0.47,False,False,False,22029,0.36,False,False,False,4842,0.07,False,False,1,0.07,False,False,6,0.07,False,False,0,0.07,False,False,0
1255,1RB1LE_1LC1RE_1LE1LD_1LC0LA_1RF0LA_---0RA,Skelet 1-like Class 1,0.27,False,False,False,0,23978,0.46,False,False,False,15293,0.35,False,False,False,2062,0.07,False,False,4,0.07,False,False,7,0.07,False,False,0,0.07,False,False,0
1256,1RB0RC_1LC0RD_0LD0LC_1RE0LA_0LE1RF_0RA---,Skelet 1-like Class 1,0.33,False,False,False,0,7204,0.38,False,False,False,6603,0.34,False,False,False,2061,0.07,False,False,5,0.07,False,False,3,0.07,False,False,0,0.07,False,False,0
1257,1RB1LC_1RC0LE_1RD1RF_1LE0LB_1RF1LB_0RA---,Skelet 1-like Class 1,0.3,False,False,False,1,-2,0.38,False,False,False,5359,0.34,False,False,False,1834,0.07,False,False,3,0.06,False,False,8,0.07,False,False,0,0.07,False,False,0
1258,1RB0LF_1LC0RC_1RA1LD_0RB0LE_1LC0LB_---1LA,Skelet 1-like Class 1,0.38,False,False,False,0,10598,0.38,False,False,False,8576,0.34,False,False,False,2063,0.07,False,False,2,0.07,False,False,3,0.07,False,False,0,0.07,False,False,0
1259,1RB0LC_0RC0RB_1LD0RE_0LE0LF_1LA0LB_1LB---,Skelet 1-like Class 1,0.35,False,False,False,0,6001,0.4,False,False,False,9220,0.34,False,False,False,1874,0.07,False,False,4,0.07,False,False,3,0.08,False,False,0,0.06,False,False,0
1260,1RB1LD_1RC1RF_1LA1RD_1RE0LB_---0RA_0LA1RC,Skelet 1-like Class 1,0.3,False,False,False,0,11581,0.37,False,False,False,6775,0.34,False,False,False,1743,0.08,False,False,5,0.07,False,False,5,0.07,False,False,0,0.06,False,False,0
1261,1RB1LA_0LC0RE_1LD1LB_1RE1LF_1RC0RA_0RC---,Skelet 1-like Class 1,0.33,False,False,False,0,4144,0.41,False,False,False,11208,0.35,False,False,False,2734,0.07,False,False,2,0.07,False,False,0,0.07,False,False,0,0.08,False,False,0
1262,1RB0LC_0RC0RB_1LD0RE_0LE1LF_1LA0LB_0LB---,Skelet 1-like Class 1,0.34,False,False,False,0,5978,0.41,False,False,False,9220,0.34,False,False,False,1959,0.08,False,False,4,0.07,False,False,3,0.08,False,False,0,0.07,False,False,0
1263,1RB0LC_0RC1RF_1RD0RE_1LE0RA_0LA0LE_1LD---,Skelet 1-like Class 1,0.36,False,False,False,0,8731,0.41,False,False,False,9962,0.34,False,False,False,2240,0.07,False,False,1,0.08,False,False,5,0.07,False,False,0,0.07,False,False,0
1264,1RB0RC_1LC0RD_0LD0LC_1RE0LA_0RA1RF_0LD---,Skelet 1-like Class 1,0.35,False,False,False,0,5980,0.4,False,False,False,8877,0.35,False,False,False,2383,0.08,False,False,1,0.07,False,False,4,0.07,False,False,0,0.07,False,False,0
1266,1RB0LC_0RC0RB_1LD0RE_0LE0LF_1LA0LB_0RA---,Skelet 1-like Class 1,0.34,False,False,False,0,8147,0.4,False,False,False,9220,0.34,False,False,False,1864,0.07,False,False,4,0.07,False,False,3,0.07,False,False,0,0.07,False,False,0
1268,1RB0RC_1LC0RD_0LD0LC_1RE0LA_0RA0RF_1RD---,Skelet 1-like Class 1,0.34,False,False,False,0,5987,0.4,False,False,False,8877,0.35,False,False,False,2383,0.07,False,False,1,0.07,False,False,4,0.07,False,False,0,0.07,False,False,0
1267,1RB1RD_1RC1RB_1LD0RA_1RA0LE_1LF0LC_---1LE,Skelet 1-like Class 1,0.38,False,False,False,0,9969,0.47,False,False,False,22268,0.37,False,False,False,6285,0.07,False,False,3,0.07,False,False,3,0.07,False,False,0,0.07,False,False,0
1265,1RB0LD_1LC1RE_1LA1RC_1RA0LC_0RF---_0LD1RB,Skelet 1-like Class 1,0.91,False,False,False,0,553,0.39,False,False,False,7478,0.36,False,False,False,801,0.07,False,False,0,0.07,False,False,2,0.07,False,False,0,0.06,False,False,0
1269,1RB0LC_0RC0RF_1RD0RE_1LE0RA_0LA0LE_0LD---,Skelet 1-like Class 1,0.34,False,False,False,0,5998,0.43,False,False,False,9962,0.34,False,False,False,2195,0.07,False,False,1,0.07,False,False,5,0.07,False,False,0,0.06,False,False,0
1270,1RB1LE_0RC---_1RD0LA_1RE0RB_0LA0LF_0LD1LF,Skelet 1-like Class 1,0.29,False,False,False,57,7541,0.4,False,False,False,7452,0.34,False,False,False,2745,0.07,False,False,1,0.07,False,False,1,0.07,False,False,0,0.07,False,False,0
1271,1RB1RD_1LC0RF_0LA0RA_1LE1RA_---1LB_0RA0LD,Skelet 1-like Class 1,0.37,False,False,False,0,11931,0.39,False,False,False,9496,0.34,False,False,False,1099,0.07,False,False,1,0.07,False,False,5,0.07,False,False,0,0.07,False,False,0
1272,1RB1RE_1LC0RF_1LA0LD_1LE1LC_0RA0LC_1RA---,Skelet 1-like Class 1,0.31,False,False,False,0,3415,0.43,False,False,False,11610,0.35,False,False,False,2971,0.07,False,False,1,0.07,False,False,2,0.07,False,False,0,0.07,False,False,0
1273,1RB1LF_1RC0RA_0RD1RA_1RE1LA_0LA---_1RF0LD,Skelet 1-like Class 1,0.27,False,False,False,0,5102,0.39,False,False,False,12047,0.35,False,False,False,3011,0.07,False,False,2,0.07,False,False,4,0.07,False,False,0,0.07,False,False,0
1274,1RB0RB_1LC0RA_1LE0LD_1LC1LF_1RA0LD_1LC---,Skelet 1-like Class 2,0.33,False,False,False,0,3582,0.4,False,False,False,12863,0.35,False,False,False,2116,0.07,False,False,7,0.07,False,False,2,0.08,False,False,0,0.07,False,False,0
1275,1RB0RE_1LC0RE_1LD0LD_1RA0LC_1RA1RF_1RA---,Skelet 1-like Class 2,0.32,False,False,False,0,3581,0.41,False,False,False,17523,0.35,False,False,False,3018,0.07,False,False,8,0.07,False,False,5,0.07,False,False,0,0.07,False,False,0
1277,1RB1LB_0LC1RD_0RA1LC_0RB1RE_0RD0LF_---1LE,Skelet 1-like Class 2,0.39,False,False,False,0,3263,0.15,False,False,False,2723,0.35,False,False,False,2142,0.08,False,False,3,0.07,False,False,3,0.07,False,False,0,0.06,False,False,0
1276,1RB0LD_1RC0RA_1RD1RF_1LA0LE_1RE1LD_0RB---,Skelet 1-like Class 2,0.4,False,False,False,0,3492,0.41,False,False,False,14877,0.36,False,False,False,2500,0.07,False,False,1,0.07,False,False,4,0.07,False,False,0,0.07,False,False,0
1278,1RB1RF_1LC0LE_1RD0LB_1RA0RC_1RE1LB_0RD---,Skelet 1-like Class 2,0.4,False,False,False,0,3493,0.43,False,False,False,15702,0.35,False,False,False,1958,0.07,False,False,3,0.07,False,False,5,0.07,False,False,0,0.07,False,False,0
1280,1RB0LD_1RC0RE_1LD0RE_1LA0LA_1RB1RF_1RB---,Skelet 1-like Class 2,0.33,False,False,False,0,3582,0.42,False,False,False,15502,0.35,False,False,False,3077,0.07,False,False,6,0.07,False,False,0,0.07,False,False,0,0.06,False,False,0
1279,1RB0RF_1RC0RB_1LD0RA_1LE0LD_1RB0LC_1LA---,Skelet 1-like Class 2,0.43,False,False,False,0,3259,0.59,False,False,False,37433,0.34,False,False,False,3240,0.07,False,False,5,0.07,False,False,1,0.07,False,False,0,0.07,False,False,0
1281,1RB0LC_1RC0RC_1LD0RB_1LA0LE_1LD1LF_1LD---,Skelet 1-like Class 2,0.43,False,False,False,0,3349,0.4,False,False,False,16144,0.36,False,False,False,2743,0.07,False,False,7,0.07,False,False,5,0.07,False,False,0,0.07,False,False,0
1284,1RB0RD_1LC0RA_---1RD_1RA1LE_1RC0LF_1LE0LB,Skelet 1-like Class 2,0.58,False,False,False,0,2148,0.14,False,False,False,2023,0.21,False,False,False,1011,0.07,False,False,0,0.07,False,False,1,0.07,False,False,0,0.07,False,False,0
1282,1RB0LE_1RC0RC_1LD0RB_1LA0LE_1LD1LF_1LD---,Skelet 1-like Class 2,0.37,False,False,False,0,3288,0.41,False,False,False,16060,0.35,False,False,False,2532,0.07,False,False,2,0.07,False,False,5,0.07,False,False,0,0.07,False,False,0
1283,1RB0RA_1LC0RE_1LD0LC_1RA0LB_1RA0RF_1LE---,Skelet 1-like Class 2,0.43,False,False,False,0,3345,0.58,False,False,False,47705,0.36,False,False,False,5128,0.07,False,False,4,0.07,False,False,3,0.07,False,False,0,0.07,False,False,0
1285,1RB0RE_1LC0RD_1LD0LD_1RA0LC_1RA1RF_1RA---,Skelet 1-like Class 2,0.41,False,False,False,0,3401,0.39,False,False,False,16149,0.36,False,False,False,3598,0.07,False,False,5,0.07,False,False,0,0.07,False,False,0,0.07,False,False,0
1286,1RB0RD_1RC1RF_1LD0LE_1RA0LC_1RE1LC_0RA---,Skelet 1-like Class 2,0.4,False,False,False,0,3477,0.24,False,False,False,6957,0.34,False,False,False,1987,0.07,False,False,1,0.07,False,False,4,0.07,False,False,0,0.07,False,False,0
1294,1RB1RF_0LC0RB_1LA0LD_1LE---_1RF1LF_1LC0RA,Monotone list,0.33,False,False,False,0,470,0.07,False,False,False,45,0.15,False,False,False,292,0.07,False,False,1,0.07,False,False,4,0.07,False,False,0,0.07,False,False,0
1287,1RB0RE_1LC0RA_1LD0LB_1LA1LF_1LE1RA_0LC---,Skelet 1-like Class 2,0.4,False,False,False,0,3493,0.4,False,False,False,13760,0.35,False,False,False,2539,0.07,False,False,6,0.07,False,False,3,0.07,False,False,0,0.07,False,False,0
1288,1RB---_1LC0LA_1LD0LC_1RE0LB_1RF0RE_1LC0RD,Skelet 1-like Class 2,0.44,False,False,False,0,3391,0.56,False,False,False,28294,0.35,False,False,False,2818,0.07,False,False,1,0.07,False,False,2,0.07,False,False,0,0.07,False,False,0
1292,1RB1LE_0LC0RF_1LD1RD_1RC1RA_0LB0LA_0RC---,Monotone list,0.57,False,False,False,0,877,0.71,False,False,False,64236,0.39,False,False,False,5460,0.07,False,False,1,0.08,False,False,3,0.07,False,False,0,0.07,False,False,0
1293,1RB1RA_1LC1RE_---1LD_1LE0LF_0RA0LB_0RF0LA,Monotone list,0.87,False,False,False,0,1339,0.42,False,False,False,9223,0.36,False,False,False,3439,0.07,False,False,2,0.08,False,False,4,0.07,False,False,0,0.07,False,False,0
1299,1RB1LE_0RC0LC_1LD0RA_0LA0LF_0LC0LE_0LD---,Monotone list,0.52,False,False,False,0,1415,0.09,False,False,False,975,0.39,False,False,False,5826,0.07,False,False,4,0.06,False,False,5,0.07,False,False,0,0.07,False,False,0
1297,1RB0LE_0RC1RB_1LD0RA_1LA---_1LA1LF_0LE1LC,Monotone list,0.45,False,False,False,0,1092,0.42,False,False,False,19117,0.35,False,False,False,2516,0.07,False,False,2,0.06,False,False,2,0.07,False,False,0,0.07,False,False,0
1298,1RB0LE_0RC---_1RD0LA_1RE0RA_1LC0LF_0RC1LC,Monotone list,0.55,False,False,False,0,2783,0.38,False,False,False,5796,0.34,False,False,False,1307,0.07,False,False,0,0.07,False,False,5,0.07,False,False,0,0.07,False,False,0
1296,1RB---_0RC0LF_1LD0RE_1RC0LB_1RD1RA_1LB0LC,Monotone list,1.07,False,False,False,1135,309,0.41,False,False,False,7954,0.35,False,False,False,2472,0.07,False,False,3,0.07,False,False,1,0.07,False,False,0,0.07,False,False,0
1302,1RB0LC_0RC0RF_1LD1RE_0LA0RA_0RA0RE_0RB---,Monotone list,0.47,False,False,False,0,997,0.09,False,False,False,1166,0.38,False,False,False,4785,0.07,False,False,3,0.07,False,False,6,0.07,False,False,0,0.07,False,False,0
1301,1RB0LC_1LA0RD_0RB0LF_1RA1RE_1RC---_1LC0LB,Monotone list,0.46,False,False,False,0,606,0.39,False,False,False,8471,0.35,False,False,False,2278,0.07,False,False,4,0.07,False,False,5,0.07,False,False,0,0.07,False,False,0
1300,1RB0RF_1LC0RD_1LA0LD_1LE0RA_0LB---_0LB1RB,Monotone list,0.9,False,False,False,0,2441,0.37,False,False,False,6461,0.34,False,False,False,1018,0.07,False,False,1,0.07,False,False,6,0.07,False,False,0,0.07,False,False,0
1304,1RB0LA_0LC0RD_0RE1LA_0RC1LB_1LE0LF_1RD---,Monotone list,0.54,False,False,False,0,593,0.38,False,False,False,9690,0.34,False,False,False,1822,0.07,False,False,2,0.07,False,False,2,0.07,False,False,0,0.07,False,False,0
1308,1RB1LB_1LC0RE_1LE0LD_1LA---_1RF1RB_0LC0RF,Monotone list,0.34,False,False,False,0,569,0.07,False,False,False,57,0.12,False,False,False,128,0.07,False,False,4,0.07,False,False,5,0.07,False,False,0,0.07,False,False,0
1303,1RB0LC_1LA0RD_1LB1LF_0LA0RE_1RD0RA_1LD---,Monotone list,0.88,False,False,False,1221,430,0.39,False,False,False,6553,0.34,False,False,False,2249,0.07,False,False,4,0.07,False,False,1,0.07,False,False,0,0.07,False,False,0
1305,1RB0RF_0LC0RD_1LD1LC_1RE1LB_---1RA_0LF0RC,Monotone list,0.87,False,False,False,0,1329,0.41,False,False,False,11507,0.35,False,False,False,2818,0.07,False,False,2,0.07,False,False,5,0.07,False,False,0,0.07,False,False,0
1306,1RB1RC_1LA1RA_1RE1LD_0LE0LC_0LB0RF_0RB---,Monotone list,0.61,False,False,False,0,986,0.64,False,False,False,49372,0.4,False,False,False,6894,0.07,False,False,3,0.08,False,False,2,0.07,False,False,0,0.07,False,False,0
1307,1RB0LC_1RC---_1LD0RE_0LA1LD_1RC1RF_0RE1RA,Monotone list,0.46,False,False,False,0,1098,0.41,False,False,False,18906,0.35,False,False,False,2671,0.07,False,False,1,0.07,False,False,1,0.07,False,False,0,0.07,False,False,0
1309,1RB---_0LC0LF_1RD0LB_1RE0RC_0RF1RA_1LB0RC,List merging,1.19,False,False,False,0,397,0.13,False,False,False,1956,0.41,False,False,False,2774,0.07,False,False,9,0.07,False,False,10,0.07,False,False,0,0.07,False,False,0
1310,1RB0LC_0RC0RA_1LD0RB_1LE0LC_0LA1LF_1LB---,List merging,0.92,False,False,False,8,1540,0.08,False,False,False,308,0.61,False,False,False,3378,0.07,False,False,2,0.07,False,False,8,0.07,False,False,0,0.07,False,False,0
1311,1RB0RE_0RC1RF_1LD0RE_0LE0LC_1RA0LD_1RD---,List merging,0.91,False,False,False,0,1057,0.1,False,False,False,598,0.41,False,False,False,1969,0.07,False,False,5,0.07,False,False,7,0.07,False,False,0,0.08,False,False,0
888,1RB0LA_0RC0RB_1LD0RF_1LD0LE_1RA1LE_---1RE,Bouncer + Chaotic Edge,0.69,False,False,False,0,4050,1.38,False,False,False,3212,120,True,,,,0.07,False,False,2,0.08,False,False,3,0.08,False,False,0,0.07,False,False,0
1313,1RB0RD_1LC1LA_1RA0LD_0LC0RE_0LB1RF_0RA---,List merging,0.83,False,False,False,0,1397,0.38,False,False,False,6538,0.4,False,False,False,1937,0.07,False,False,2,0.07,False,False,3,0.07,False,False,0,0.08,False,False,0
1312,1RB1LC_1LC0RD_0LF1LA_1LD0RE_0RB0LA_0LA---,List merging,1.59,False,False,False,0,882,0.08,False,False,False,23,0.33,False,False,False,680,0.07,False,False,3,0.08,False,False,2,0.07,False,False,0,0.07,False,False,0
1314,1RB0LE_0RC1RD_0RD---_1LA1RB_1RE0LF_0LA0RD,List merging,1.61,False,False,False,0,869,0.09,False,False,False,241,0.34,False,False,False,847,0.08,False,False,3,0.09,False,False,3,0.07,False,False,0,0.07,False,False,0
1315,1RB---_0RC1RD_1LA0LA_1LE0RB_1LF1LE_1LC0LD,Chaotic 1dCA-like in bell,1.16,False,False,False,0,524,0.38,False,False,False,8600,0.38,False,False,False,5305,0.08,False,False,11,0.08,False,False,10,0.08,False,False,0,0.07,False,False,0
1316,1RB0RE_0RC---_1LD1LE_1LE1LD_1RF0LC_1RA1RF,Chaotic 1dCA-like in bell,1.22,False,False,False,0,634,0.56,False,False,False,39550,0.39,False,False,False,8762,0.07,False,False,13,0.07,False,False,9,0.07,False,False,0,0.07,False,False,0
1317,1RB1RA_1LC0RF_1LD1LC_1LE0LB_0LF---_1RA1RB,Chaotic 1dCA-like in bell,1.11,False,False,False,0,592,0.5,False,False,False,31239,0.39,False,False,False,8659,0.07,False,False,11,0.07,False,False,7,0.07,False,False,0,0.07,False,False,0
1318,1RB0LE_1RC1RB_1RD0RA_0RE---_1LF1LA_1LA1LF,Chaotic 1dCA-like in bell,1.1,False,False,False,0,627,0.47,False,False,False,26553,0.38,False,False,False,8503,0.07,False,False,15,0.07,False,False,10,0.07,False,False,0,0.07,False,False,0
1319,1RB0RE_1RC0RC_1LD---_0LB1LE_1RF0LD_1RA1RF,Chaotic 1dCA-like in bell,1.23,False,False,False,0,634,0.46,False,False,False,25778,0.37,False,False,False,5641,0.09,False,False,11,0.08,False,False,4,0.08,False,False,0,0.07,False,False,0
1320,1RB0RB_1LC---_0LA1LD_1RE0LC_1RF1RE_1RA0RD,Chaotic 1dCA-like in bell,1.18,False,False,False,0,540,0.44,False,False,False,20373,0.38,False,False,False,5572,0.08,False,False,9,0.08,False,False,9,0.07,False,False,0,0.07,False,False,0
1321,1RB0LF_1RC1RB_1RD0RA_1RE0RE_1LF---_0LD1LA,Chaotic 1dCA-like in bell,1.12,False,False,False,0,627,0.41,False,False,False,17063,0.39,False,False,False,5542,0.08,False,False,4,0.08,False,False,12,0.08,False,False,0,0.07,False,False,0
1322,1RB1RC_1RC1RB_1LD0RA_1LE1LD_1LF0LC_0LA---,Chaotic 1dCA-like in bell,1.17,False,False,False,0,541,0.54,False,False,False,35537,0.4,False,False,False,8597,0.08,False,False,11,0.07,False,False,6,0.08,False,False,0,0.07,False,False,0
1323,1RB1RA_1RC0RF_1RD0RD_1LE---_0LC1LF_1RA0LE,Chaotic 1dCA-like in bell,1.15,False,False,False,0,653,0.45,False,False,False,23635,0.37,False,False,False,5684,0.07,False,False,15,0.08,False,False,9,0.07,False,False,0,0.07,False,False,0
1330,1RB1LB_1LC0RD_0LE1LA_0RF1RA_1LE0LA_---0RB,Chaotic 1dCA-like in bouncer,0.52,False,False,False,0,367,0.41,False,False,False,10989,0.38,False,False,False,5570,0.07,False,False,1,0.07,False,False,1,0.07,False,False,0,0.07,False,False,0
1329,1RB---_0RC1RD_1LD1LF_1LE0RB_1RF1LD_1LA0LC,Chaotic 1dCA-like in bouncer,1.14,False,False,False,1,810,0.41,False,False,False,11871,0.35,False,False,False,2551,0.07,False,False,8,0.07,False,False,6,0.07,False,False,0,0.07,False,False,0
1331,1RB---_0RC0LA_1LD0RB_1LE1LD_1LF0LC_1LB1RE,Chaotic 1dCA-like in bouncer,1.05,False,False,False,0,856,0.37,False,False,False,9692,0.35,False,False,False,3097,0.07,False,False,7,0.07,False,False,7,0.07,False,False,0,0.07,False,False,0
1333,1RB0LE_1RC0RE_1RD0RA_1RE1LC_0LA0RF_1LE---,Chaotic 1dCA-like in bouncer,1.04,False,False,False,0,424,0.38,False,False,False,10702,0.35,False,False,False,2971,0.07,False,False,7,0.07,False,False,6,0.07,False,False,0,0.07,False,False,0
1334,1RB1RA_1RC0RE_1RD1LB_0LE0RF_1RA0LD_1LD---,Chaotic 1dCA-like in bouncer,1.04,False,False,False,0,595,0.37,False,False,False,8447,0.35,False,False,False,3147,0.07,False,False,7,0.07,False,False,7,0.08,False,False,0,0.07,False,False,0
1295,1RB1RA_1LC1RE_1LA1LD_1LC0LF_---0RA_1LA0LA,Monotone list,9.89,False,False,False,0,1334,0.08,False,False,False,272,0.14,False,False,False,574,0.07,False,False,2,0.07,False,False,2,0.07,False,False,0,0.08,False,False,0
1336,1RB1RE_1LC0RA_---1LD_1LA0LF_0LB0LC_1RB0LB,Chaotic 1dCA-like in bouncer,0.81,False,False,False,160,490,0.16,False,False,False,804,0.33,False,False,False,876,0.07,False,False,2,0.07,False,False,2,0.07,False,False,0,0.07,False,False,0
1332,1RB0LE_0RC---_1RD0LA_1RE0RF_1LC1RD_1RE1RA,Chaotic 1dCA-like in bouncer,1.29,False,False,False,0,979,0.41,False,False,False,8563,0.34,False,False,False,1350,0.07,False,False,4,0.08,False,False,3,0.07,False,False,0,0.07,False,False,0
1335,1RB---_0RC0LA_1LD0RB_1LE0LB_1LF0LC_1LB1RE,Chaotic 1dCA-like in bouncer,1.03,False,False,False,0,856,0.37,False,False,False,9318,0.35,False,False,False,2973,0.07,False,False,6,0.07,False,False,7,0.07,False,False,0,0.07,False,False,0
1337,1RB1LE_0LC0RF_1RD0LB_1RE1RD_1RA0RC_1LB---,Chaotic 1dCA-like in bouncer,1.02,False,False,False,0,619,0.38,False,False,False,11621,0.35,False,False,False,3122,0.07,False,False,2,0.07,False,False,5,0.07,False,False,0,0.07,False,False,0
1338,1RB0RC_0LA0RA_0LD0RA_1LE---_0LF1LB_1LA1LD,Chaotic 1dCA-like in bouncer,1.01,False,False,False,0,710,0.4,False,False,False,16311,0.34,False,False,False,2645,0.07,False,False,4,0.06,False,False,6,0.07,False,False,0,0.06,False,False,0
1339,1RB0RE_1RC1RE_1LD1LC_0RB0LC_1RF0RB_---1RA,Chaotic 1dCA-like in bouncer,1.15,False,False,False,0,1719,0.12,False,False,False,2599,0.36,False,False,False,4502,0.07,False,False,2,0.06,False,False,2,0.06,False,False,0,0.06,False,False,0
1341,1RB1RD_1LC0LC_0RD0LB_1RF0LE_0RD---_0RA1RC,Chaotic 1dCA-like in bouncer,1.01,False,False,False,0,762,0.25,False,False,False,8732,0.34,False,False,False,3574,0.07,False,False,5,0.06,False,False,7,0.07,False,False,0,0.06,False,False,0
1342,1RB0LC_1LC0RF_1LD1RC_1LA0RE_1LB1RD_---0RD,Chaotic 1dCA-like in bouncer,0.87,False,False,False,0,504,0.35,False,False,False,8301,0.33,False,False,False,3118,0.07,False,False,4,0.07,False,False,5,0.07,False,False,0,0.07,False,False,0
1340,1RB0RD_1RC0RE_1RD1LB_0LE0RF_1RA0LD_1LD---,Chaotic 1dCA-like in bouncer,1.01,False,False,False,0,595,0.35,False,False,False,7857,0.34,False,False,False,2998,0.07,False,False,7,0.06,False,False,5,0.06,False,False,0,0.06,False,False,0
1236,1RB1LC_0LC---_1RE1LD_1RD0LA_1RF0RC_0RA1RC,Skelet 1-like Class 1,31.78,False,False,False,0,5096,0.37,False,False,False,11480,0.32,False,False,False,2882,0.06,False,False,4,0.06,False,False,4,0.06,False,False,0,0.06,False,False,0
1104,1RB0RC_1LC1RA_0RF0LD_1LE0RB_1LB0LD_---1RD,Bell-like,114.02,False,False,False,5,-2,0.3,False,False,False,418,0.33,False,False,False,236,0.06,False,False,7,0.06,False,False,8,0.06,False,False,0,0.06,False,False,0
1130,1RB0RE_1RC1LF_0LD0RE_---1LE_1RA0LB_1LB0LC,Bell-like,111.64,False,False,False,5,-2,0.14,False,False,False,278,0.3,False,False,False,301,0.06,False,False,7,0.06,False,False,7,0.06,False,False,0,0.06,False,False,0
