idx,tm,classification,lin_recur_elapsed,lin_recur_timeout,lr_decided,lr_period,lr_start,quick_sim_elapsed,quick_sim_timeout,qs_halted,qs_proven_inf,qs_rules,qs_nonzeros,cps_elapsed,cps_timeout,cps_success,cps_inf_loop,cps_num_configs,lin_recur_parse_error,quick_sim_parse_error,cps_parse_error
22,1RB1RC_0LC1RE_1RA0LD_1LB0RD_0RF---_0RA0RF,Unknown,1.26,False,False,0,0,0.19,False,False,False,0,1338,0.08,False,False,False,353,,,
25,1RB1RE_1LC1RC_0RF1LD_1LE0LB_1LB0RA_---1RA,Unknown,1.24,False,False,0,0,0.28,False,False,False,0,679,0.08,False,False,False,168,,,
28,1RB0LA_0LC0RA_1LA1LD_1LC0LE_1RF0LF_0RB---,Unknown,1.27,False,False,0,0,0.21,False,False,False,0,209,0.25,False,False,False,3706,,,
26,1RB1LC_1LA1RF_0RD1RD_0RA0LE_1LA0LE_0RC---,Unknown,1.28,False,False,0,0,0.16,False,False,False,0,274,0.39,False,False,False,5003,,,
23,1RB1LC_1LA0RE_0LD---_1LB1LD_1RB1RF_0LA0RB,Unknown,1.24,False,False,0,0,0.19,False,False,False,5,168,0.42,False,False,False,13213,,,
29,1RB1RA_1LC0RD_1LD1LB_1LE0LF_0RA---_0LB1LF,Unknown,1.25,False,False,0,0,0.27,False,False,False,0,227,0.4,False,False,False,8928,,,
24,1RB0LC_1RC1RA_1RD0RF_0LE---_1LA1LE_0RA1RF,Unknown,1.28,False,False,0,0,0.25,False,False,False,0,215,0.44,False,False,False,8186,,,
27,1RB1RD_1LC0LE_1LD0LB_0RB0RA_1RD1LF_0LC---,Unknown,1.31,False,False,0,0,0.33,False,False,False,2,259,0.35,False,False,False,5940,,,
30,1RB0LD_0RC0LE_1RD1RA_0RE1RF_1LF0RC_0LA---,Unknown,1.27,False,False,0,0,0.21,False,False,False,0,195,0.07,False,False,False,190,,,
31,1RB0LB_1RC0LD_0LA1RD_1LC1LE_1LF0RE_1LD---,Unknown,1.22,False,False,0,0,0.14,False,False,False,0,62,0.34,False,False,False,2954,,,
32,1RB0LA_1RC---_1RD1RA_0RE1LC_1LF0RF_1LD0RC,Unknown,1.23,False,False,0,0,0.22,False,False,False,0,188,0.33,False,False,False,2862,,,
34,1RB0RD_1RC0RA_0LA0LE_1LC1RF_1LA1LC_0RB---,Unknown,1.29,False,False,0,0,0.18,False,False,False,26,2020,0.36,False,False,False,6154,,,
33,1RB0LC_1RC1RA_0RD1LE_1RE1RF_1LC0RB_---1RD,Unknown,1.26,False,False,0,0,0.22,False,False,False,0,570,0.42,False,False,False,8459,,,
37,1RB0LB_1RC1LC_1LD1RE_---0LA_1LE0RF_1RA0LF,Unknown,1.24,False,False,0,0,0.18,False,False,False,0,180,0.33,False,False,False,3820,,,
35,1RB0RA_0LC0RF_0LB1RD_1LE---_1RA0LF_1LE0RC,Unknown,1.26,False,False,0,0,0.26,False,False,False,0,96,0.35,False,False,False,3372,,,
36,1RB1RB_0LC0LD_0LE1LD_1LB0RE_1RA0RF_1RD---,Unknown,1.33,False,False,0,0,0.25,False,False,False,0,209,0.51,False,False,False,12597,,,
39,1RB0LA_0RC1LE_0RD1RE_1LA1RF_1RB0LD_1RC---,Unknown,1.24,False,False,0,0,0.19,False,False,False,0,114,0.39,False,False,False,4163,,,
38,1RB0RE_1LC0LB_1RD0LB_1RF0LA_1RC---_0RA0LD,Unknown,1.23,False,False,0,0,0.44,False,False,False,0,1250,0.5,False,False,False,8866,,,
44,1RB1LD_1RC0RB_0LA1RE_1LA0LB_0RA0RF_---0LC,Unknown,1.26,False,False,0,0,0.21,False,False,False,0,130,0.07,False,False,False,119,,,
43,1RB1RF_1LC0LB_1RE1LD_1RE0LB_1RA0RE_---0RC,Unknown,1.26,False,False,0,0,0.14,False,False,False,0,56,0.39,False,False,False,10056,,,
42,1RB---_1LC0RF_1RF0LD_0LE1LC_0RC0LC_1RB0RA,Unknown,1.28,False,False,0,0,0.16,False,False,False,0,310,0.45,False,False,False,8683,,,
45,1RB1LD_0LC0RA_1RA1LC_1RE0LC_---1RF_0RD0RB,Unknown,1.28,False,False,0,0,0.2,False,False,False,0,221,0.46,False,False,False,8350,,,
40,1RB1LF_0LC0RE_1LA1RD_0LB1LB_1RC1RD_0LD---,Unknown,1.27,False,False,0,0,1.06,False,False,False,0,364,0.36,False,False,False,4662,,,
41,1RB0RE_1LC0RA_---0LD_1RE0LF_1RA0LB_1LD0LF,Unknown,1.28,False,False,0,0,0.14,False,False,False,0,393,1.45,False,False,False,9925,,,
46,1RB---_0RC1LC_1LD0RF_0LE0LD_0RF1LD_1RF1RA,Unknown,1.44,False,False,0,0,0.15,False,False,False,0,118,0.07,False,False,False,151,,,
47,1RB0LA_1RC0RB_1LD1RB_0LA0LE_---1LF_1LA1LC,Unknown,1.28,False,False,0,0,0.16,False,False,False,0,426,0.41,False,False,False,8676,,,
48,1RB0LE_1RC1RA_1RD0RF_1RE0RA_1LA1LD_1RA---,Unknown,1.23,False,False,0,0,0.22,False,False,False,0,176,0.49,False,False,False,18575,,,
49,1RB0LF_1RC0RB_0RD1LE_0LE0RA_1LC1LA_0LD---,Unknown,1.2,False,False,0,0,0.22,False,False,False,0,386,0.4,False,False,False,8445,,,
50,1RB0LF_1RC1RB_1LD0RA_1LA0LE_0LC1LC_1LE---,Unknown,1.26,False,False,0,0,0.31,False,False,False,3,1688,0.35,False,False,False,5502,,,
51,1RB0LB_1RC1LC_1LD1RE_---0LA_1RE0RF_1RA0LF,Unknown,1.22,False,False,0,0,0.16,False,False,False,0,131,0.29,False,False,False,3381,,,
52,1RB0RA_0LC1LF_1LE1LD_0LB---_1RA0LC_1LA1LC,Unknown,1.24,False,False,0,0,0.17,False,False,False,0,181,0.38,False,False,False,5215,,,
53,1RB0LD_1RC0RB_1RD1RF_1LE0LD_1RB1LA_---0RE,Unknown,1.27,False,False,0,0,0.15,False,False,False,0,131,0.47,False,False,False,9538,,,
54,1RB1RF_1LC0LF_---0LD_0LE1LD_0RF0LB_1RA1RE,Unknown,1.23,False,False,0,0,0.23,False,False,False,0,339,0.47,False,False,False,13448,,,
55,1RB0RD_1LC0LE_0RA0LB_1RC1RF_1LB1RD_0RC---,Unknown,1.26,False,False,0,0,0.2,False,False,False,28,355,0.34,False,False,False,2966,,,
56,1RB0LD_1RC1RB_1RD0RA_0LE1LF_---1LA_1LA0LC,Unknown,1.22,False,False,0,0,0.19,False,False,False,1,316,0.5,False,False,False,17886,,,
59,1RB0RA_0RC0LE_0LD1RA_1LB0RF_0LD1LC_1RD---,Unknown,1.26,False,False,0,0,0.23,False,False,False,0,981,0.07,False,False,False,100,,,
57,1RB---_0RC0RF_0RD0RA_1RE0LB_1LF0LE_1RC0LE,Unknown,1.23,False,False,0,0,0.18,False,False,False,0,170,0.66,False,False,False,27817,,,
58,1RB1RA_1RC0RE_0RD1LE_0LE---_1LF0LC_0RA1LC,Unknown,1.22,False,False,0,0,0.22,False,False,False,0,347,0.6,False,False,False,15768,,,
61,1RB---_1LC0RF_1LD0LC_0RE0LF_0RD1LA_1RB0LE,Unknown,1.25,False,False,0,0,0.24,False,False,False,0,102,0.35,False,False,False,3184,,,
60,1RB0RA_1LC0RA_0LD0LC_1RD1RE_1LF0LE_---0LB,Unknown,1.31,False,False,0,0,0.78,False,False,False,4,1351,0.49,False,False,False,16094,,,
62,1RB0RC_0LC0LE_1RA0RD_1LB1RF_1LC1LB_0RA---,Unknown,1.36,False,False,0,0,0.17,False,False,False,19,914,0.37,False,False,False,7995,,,
64,1RB0RA_1LC0RE_0LD0LB_1LA1LF_1RA0LF_1LC---,Unknown,1.35,False,False,0,0,0.14,False,False,False,0,1776,0.11,False,False,False,1910,,,
63,1RB0RC_1LA0LD_1RB0RD_1LE0RF_0LB0RB_1RC---,Unknown,1.25,False,False,0,0,0.25,False,False,False,0,98,0.39,False,False,False,9043,,,
65,1RB0LA_0RC0LE_0RD1RC_1LD1RE_1LA1RF_---0RB,Unknown,1.29,False,False,0,0,0.17,False,False,False,0,357,0.37,False,False,False,7156,,,
66,1RB1RE_1RC0RF_0LD---_1LE1LD_1RA0LB_0RE1RF,Unknown,1.25,False,False,0,0,0.25,False,False,False,0,181,0.39,False,False,False,7038,,,
68,1RB1RF_1LC0LB_1RE0LD_1LB0RF_0RA0RC_1RE---,Unknown,1.34,False,False,0,0,0.14,False,False,False,0,1572,0.07,False,False,False,609,,,
70,1RB1RF_0RC0LE_1RD0RF_1LB---_1LB1LE_1RA0LC,Unknown,1.21,False,False,0,0,0.18,False,False,False,0,91,0.19,False,False,False,4218,,,
71,1RB---_1RC1LE_1RD0RC_0LB1RF_1LB0LE_1RA0RE,Unknown,1.32,False,False,0,0,0.14,False,False,False,0,86,0.11,False,False,False,868,,,
69,1RB1RF_1RC1RA_1LD0LA_---0LE_0LF1LE_0RA0LC,Unknown,1.24,False,False,0,0,0.21,False,False,False,0,344,0.48,False,False,False,13907,,,
73,1RB0RD_0RC---_1LD0RC_1RE0LE_1RF1LE_0LD1RA,Unknown,1.23,False,False,0,0,0.13,False,False,False,0,114,0.34,False,False,False,2700,,,
72,1RB0LD_0RC---_0RD0RF_1LE0LA_1LF1LE_1RA0RD,Unknown,1.31,False,False,0,0,0.33,False,False,False,0,1332,0.34,False,False,False,5502,,,
74,1RB1RA_0LC0RA_1LF0LD_1LE0RC_1LB1LD_1RB---,Unknown,1.25,False,False,0,0,0.18,False,False,False,0,91,0.39,False,False,False,12530,,,
75,1RB1RA_1LC0RD_1LD1LB_1LE0LF_0RA---_0LB1RE,Unknown,1.24,False,False,0,0,0.26,False,False,False,0,153,0.37,False,False,False,8304,,,
78,1RB0RC_0RC1RC_0LD0RA_1LE0LF_0LA1LC_---1LA,Unknown,1.21,False,False,0,0,0.25,False,False,False,0,434,0.08,False,False,False,580,,,
76,1RB1RE_0RC0RF_1LC1RD_1RA0LE_0RA0LD_0RA---,Unknown,1.25,False,False,0,0,0.19,False,False,False,0,1415,0.47,False,False,False,5839,,,
77,1RB0LE_1RC0LF_0LD0RC_1RA1LD_1LB0LE_---0RE,Unknown,1.24,False,False,0,0,0.15,False,False,False,0,101,0.53,False,False,False,5713,,,
80,1RB0RE_1LC0RA_1LA1LD_0LC1LF_0LB1RB_1RA---,Unknown,1.27,False,False,0,0,0.27,False,False,False,0,709,0.1,False,False,False,1077,,,
79,1RB0RA_1LC0RD_0LD0LB_1RA0LE_1LF---_0RA1LB,Unknown,1.27,False,False,0,0,0.48,False,False,False,4,499,0.17,False,False,False,4694,,,
81,1RB1RE_1LC0RA_1LD1LB_1LE0LF_1LA0LB_1LB---,Unknown,1.27,False,False,0,0,0.2,False,False,False,0,737,0.49,False,False,False,21163,,,
82,1RB0LE_1LC0RA_1RD0RC_1LA0LD_1LB0LF_1LC---,Unknown,1.26,False,False,0,0,0.18,False,False,False,0,83,0.33,False,False,False,3108,,,
84,1RB0RC_1RC1LB_1LD1RA_1LE0LB_---1LF_0LF0LC,Unknown,1.31,False,False,0,0,0.22,False,False,False,0,170,0.08,False,False,False,278,,,
85,1RB0LE_0RC0RA_1RD1RB_0LA0RB_1LF---_1LD1LF,Unknown,1.22,False,False,0,0,0.21,False,False,False,0,398,0.07,False,False,False,107,,,
86,1RB1RE_1LC0RD_1LD0LD_1RA0LC_0LB0RF_0RA---,Unknown,1.29,False,False,0,0,0.23,False,False,False,0,141,0.37,False,False,False,9741,,,
67,1RB1LB_1LC0LF_1LD0RC_1RE0LA_1RE1RC_---0LE,Unknown,1.16,False,False,0,0,5.63,False,False,False,0,1630,0.07,False,False,False,238,,,
87,1RB1LC_1LA0RD_1LA0LA_---1RE_1RB0RF_1RC0RA,Unknown,1.2,False,False,0,0,0.2,False,False,False,0,522,0.54,False,False,False,15930,,,
88,1RB1LE_1RC1RF_0RD0LB_1LD0RA_0LA0LE_0RC---,Unknown,1.25,False,False,0,0,0.24,False,False,False,0,172,0.15,False,False,False,593,,,
83,1RB1LD_0RC0RB_1LD1LA_0LE---_1LF0LD_1LA0LB,Unknown,1.28,False,False,0,0,0.14,False,False,False,0,917,1.4,False,False,False,8029,,,
89,1RB0RF_0LC---_1LD1LC_1RE0LA_1RA1RD_0RD1RF,Unknown,1.28,False,False,0,0,0.22,False,False,False,0,186,0.34,False,False,False,6630,,,
90,1RB1RF_1RC1LC_1LD0LE_---1LE_1RF0LB_0RA1RE,Unknown,1.19,False,False,0,0,0.21,False,False,False,0,384,0.49,False,False,False,15287,,,
91,1RB0RF_1RC0RD_1LD1LB_1RE0LC_1RA1RD_1RD---,Unknown,1.36,False,False,0,0,0.19,False,False,False,1,814,0.52,False,False,False,22852,,,
92,1RB0LC_1LA1RD_1LA0LC_0RE---_0RF1RF_0RA0LB,Unknown,1.25,False,False,0,0,0.26,False,False,False,0,123,0.45,False,False,False,8626,,,
93,1RB0RE_1RC0LE_0RD---_0RE0RA_1LF0LB_1LA1LF,Unknown,1.26,False,False,0,0,0.27,False,False,False,0,146,0.35,False,False,False,5035,,,
96,1RB0LE_0RC0RA_1RD1RF_1LA0LD_1LD0RF_1RB---,Unknown,1.35,False,False,0,0,0.15,False,False,False,0,1776,0.08,False,False,False,1363,,,
94,1RB0LD_1RC1RE_1LD0RA_1LA0LA_0LC0RF_0RB---,Unknown,1.23,False,False,0,0,0.23,False,False,False,0,159,0.36,False,False,False,8566,,,
95,1RB1RE_1LC1LE_0RD0LB_1RF1RA_0RC0RE_0RA---,Unknown,1.23,False,False,0,0,0.32,False,False,False,0,162,0.45,False,False,False,5449,,,
97,1RB0RD_1RC1RB_1LD0LA_1LE0RA_0LF---_0LA0LC,Unknown,1.32,False,False,0,0,0.29,False,False,False,0,1343,0.34,False,False,False,5474,,,
98,1RB0LC_0RC0RF_1RD0LE_1LA1RA_1LC1RB_0RB---,Unknown,1.34,False,False,0,0,0.17,False,False,False,12,123167,0.34,False,False,False,3024,,,
99,1RB0RA_0RC1LD_0LD0RE_1LB1LE_1RA0LF_0LC---,Unknown,1.26,False,False,0,0,0.23,False,False,False,0,572,0.44,False,False,False,9400,,,
100,1RB0RF_1RC0LE_1LD0LC_1RE0RD_1LB0RA_1RC---,Unknown,1.21,False,False,0,0,0.16,False,False,False,0,97,0.32,False,False,False,2578,,,
101,1RB0RA_1LC0RA_1RB1LD_0LE---_0LF1LF_0LB0RC,Unknown,1.23,False,False,0,0,0.2,False,False,False,0,144,0.46,False,False,False,6289,,,
102,1RB0LB_1RC1LB_0LA1RD_1RE0RA_0RF---_1LA0RF,Unknown,1.32,False,False,0,0,0.13,False,False,False,0,107,0.34,False,False,False,3695,,,
103,1RB0LC_1LA1RD_1LA1LF_0RE---_1RA1RE_0RB0LA,Unknown,1.25,False,False,0,0,0.17,False,False,False,5,180,0.43,False,False,False,14161,,,
104,1RB0RA_1RC1RF_1LD0LC_1RA1LE_1RA0LC_---0RD,Unknown,1.27,False,False,0,0,0.15,False,False,False,0,364,0.5,False,False,False,3465,,,
105,1RB0LC_1RC1RA_1RD0RF_0LE---_1LA1LE_0RA1LD,Unknown,1.23,False,False,0,0,0.27,False,False,False,0,164,0.39,False,False,False,9526,,,
106,1RB1LB_1LC0LD_---1LD_1RE0LA_0RF1RD_1RA1RE,Unknown,1.21,False,False,0,0,0.21,False,False,False,0,381,0.45,False,False,False,14655,,,
108,1RB0LF_0LC0RE_0RA1LD_1LB0LD_0RA1RC_1LA---,Unknown,1.26,False,False,0,0,0.21,False,False,False,0,990,0.07,False,False,False,311,,,
109,1RB0LF_1RC0RB_1LD0RA_0LE0LC_1LB1LF_1LD---,Unknown,1.34,False,False,0,0,0.15,False,False,False,0,1782,0.09,False,False,False,1312,,,
107,1RB1RE_1LC0RA_1LD0LC_0RA1RF_0RD---_1RC1RA,Unknown,1.28,False,False,0,0,0.2,False,False,False,0,483,0.63,False,False,False,10569,,,
110,1RB0LD_0RC1RA_1RD1RB_1RE1LE_1LF0LA_---1LA,Unknown,1.23,False,False,0,0,0.21,False,False,False,0,395,0.42,False,False,False,13428,,,
112,1RB0RE_1LC---_0RA0LD_1LC1LD_1RF0LA_1RC1RE,Unknown,1.3,False,False,0,0,0.18,False,False,False,0,91,0.1,False,False,False,1340,,,
111,1RB1LA_1RC0LE_1RD0LF_0LA0RD_1LC0LE_---0RE,Unknown,1.24,False,False,0,0,0.15,False,False,False,0,110,0.61,False,False,False,5786,,,
113,1RB0RB_1LC0RA_1LE1LD_0RE0LF_1RA0LB_0LC---,Unknown,1.26,False,False,0,0,0.22,False,False,False,0,130,0.36,False,False,False,8501,,,
114,1RB0RA_1LC0RA_0LF0LD_1LE---_0LC0LB_1LA0RE,Unknown,1.26,False,False,0,0,0.18,False,False,False,0,170,0.64,False,False,False,27599,,,
116,1RB1RF_1LC0RB_1RD0LC_1LE1RA_0RC1LB_---1RE,Unknown,1.27,False,False,0,0,0.13,False,False,False,0,53,0.33,False,False,False,3267,,,
117,1RB0LF_0RC0RB_1LC1LD_1RE0RD_---0RA_1LA0LF,Unknown,1.26,False,False,0,0,0.19,False,False,False,5,1366,0.5,False,False,False,19228,,,
119,1RB1RA_1LC0RE_1LE0LD_0LB1LB_1RA0LF_1LD---,Unknown,1.24,False,False,0,0,0.45,False,False,False,3,1345,0.36,False,False,False,5389,,,
120,1RB0RC_1LC1LA_1RD0LB_1RE1RC_1RA0RF_1RC---,Unknown,1.25,False,False,0,0,0.22,False,False,False,0,183,0.53,False,False,False,19856,,,
118,1RB1LB_1LC0RE_0LE0LD_0LC---_1LA0RF_1RE1LC,Unknown,1.26,False,False,0,0,0.83,False,False,False,12,19252,0.34,False,False,False,3323,,,
115,1RB0LF_0LC1LB_0RD1LA_1RE0RA_---1RD_1RC1LF,Unknown,1.31,False,False,0,0,0.24,False,False,False,0,1206,1.5,False,False,False,10186,,,
121,1RB1RE_1RC0RF_0LD---_1LE1LD_1RA0LB_0RE1LC,Unknown,1.23,False,False,0,0,0.26,False,False,False,0,245,0.38,False,False,False,8518,,,
122,1RB---_0RC1RC_1RD0LE_1RE0RB_1LF0RA_1LC1LF,Unknown,1.23,False,False,0,0,0.2,False,False,False,0,109,0.37,False,False,False,5825,,,
123,1RB0LC_1RC0RC_1LD0RB_1LA1LE_0RA0LF_0LD---,Unknown,1.32,False,False,0,0,0.23,False,False,False,0,158,0.35,False,False,False,9179,,,
124,1RB0LE_1RC0LB_1RD0RC_1LA1RC_---1LF_1LB1LD,Unknown,1.26,False,False,0,0,0.19,False,False,False,22,3937,0.17,False,False,False,2321,,,
274,1RB0RC_1RC1LD_0RD0RA_1LE0LF_1LB---_1RC1LB,Shift-overflow counter,1.29,False,False,0,0,0.13,False,False,False,2,47,0.32,False,False,False,231,,,
275,1RB---_1RC---_1RD1LC_1LE1RF_1LC0LE_1RA0RD,Shift-overflow counter,1.36,False,False,0,0,0.14,False,False,False,0,51,0.08,False,False,False,85,,,
277,1RB0LA_1RC---_1RD1LC_1LC1RE_1LA1RF_0RB0RD,Shift-overflow counter,1.25,False,False,0,0,0.15,False,False,False,0,44,0.14,False,False,False,680,,,
276,1RB1LD_1RC0RB_1LA1RC_1LE0LA_1LF---_1LC---,Shift-overflow counter,1.33,False,False,0,0,0.14,False,False,False,0,33,0.43,False,False,False,501,,,
125,1RB0RD_1LC1LB_---1LD_1RA0RE_1RD0LF_1LE0LD,Unknown,1.23,False,False,0,0,0.17,False,False,False,0,454,0.81,False,False,False,15472,,,
278,1RB0LE_1RC1LA_1LD1RE_1LB0LD_1RF0RC_1RB---,Shift-overflow counter,1.27,False,False,0,0,0.14,False,False,False,1,59,0.09,False,False,False,333,,,
280,1RB1RF_1RC---_1RD1LC_1LE1RF_1LC0LE_1RA0RA,Shift-overflow counter,1.37,False,False,0,0,0.13,False,False,False,0,51,0.15,False,False,False,700,,,
279,1RB---_1LC0RF_0RA0LD_1LE1LF_1RF0LF_0LC0RA,Shift-overflow counter,1.24,False,False,0,0,0.15,False,False,False,0,40,0.32,False,False,False,2326,,,
281,1RB1LD_1RC0RE_1LA1RC_0LC0LA_0RF0RC_---0RB,Shift-overflow counter,1.26,False,False,0,0,0.13,False,False,False,0,23,0.31,False,False,False,197,,,
282,1RB0RA_1LC0RC_1LE0LD_1LC1LF_1RA1LC_1LC---,Shift-overflow counter,1.39,False,False,0,0,0.16,False,False,False,0,55,0.31,False,False,False,667,,,
285,1RB0LE_1LC0RE_0RA0LD_1LA1LF_0LC0RE_0LA---,Shift-overflow counter,1.23,False,False,0,0,0.16,False,False,False,0,40,0.33,False,False,False,938,,,
284,1RB1RF_1LC1RE_0LD0LC_1RD0RB_1RA0RB_1LB---,Shift-overflow counter,1.34,False,False,0,0,0.14,False,False,False,0,45,0.33,False,False,False,518,,,
286,1RB0LD_0RC---_1LD0RF_0LE0RA_0RA1LF_0LA1LB,Shift-overflow counter,1.22,False,False,0,0,0.16,False,False,False,0,45,0.35,False,False,False,2012,,,
283,1RB1RF_1RC0RA_1LD1RB_1LE0LD_1RB0LB_0RB---,Shift-overflow counter,1.34,False,False,0,0,0.16,False,False,False,0,58,0.64,False,False,False,1800,,,
288,1RB0LA_0RC---_1RD0LE_0LC0RE_1RF0RB_1LA1RD,Shift-overflow counter,1.2,False,False,0,0,0.16,False,False,False,0,44,0.35,False,False,False,1757,,,
287,1RB1LD_1RC0RB_1LA1RC_1LE0LA_0LF1LC_1RD---,Shift-overflow counter,1.32,False,False,0,0,0.15,False,False,False,0,33,0.43,False,False,False,501,,,
289,1RB0RC_1LC1RE_0LE0LD_1LC0LB_0RA0RF_1RA---,Shift-overflow counter,1.28,False,False,0,0,0.16,False,False,False,0,61,0.15,False,False,False,1030,,,
290,1RB0RE_0RC0RF_1LD1RA_1RE0LD_0LB1RC_1LE---,Shift-overflow counter,1.33,False,False,0,0,0.17,False,False,False,0,45,0.11,False,False,False,134,,,
291,1RB1LE_1LC0LF_1LA1RD_1LB0RD_0LC0LA_---1RA,Shift-overflow counter,1.31,False,False,0,0,0.13,False,False,False,0,52,0.13,False,False,False,352,,,
292,1RB0RF_1LC1RA_1LD0LC_0LE0LA_1RF---_1RA1RE,Shift-overflow counter,1.34,False,False,0,0,0.14,False,False,False,0,42,0.32,False,False,False,1172,,,
293,1RB---_1LC1LB_1LD1RC_1RF1LE_1LA0LD_1RC0RF,Shift-overflow counter,1.28,False,False,0,0,0.14,False,False,False,0,33,0.41,False,False,False,460,,,
294,1RB0LE_1LC0RE_0RA0LD_1LA1LF_0LC1RF_0LB---,Shift-overflow counter,1.27,False,False,0,0,0.15,False,False,False,0,37,0.32,False,False,False,417,,,
295,1RB0RA_1LC1RF_0LD0LC_1RE0RB_1RF---_1RA1RD,Shift-overflow counter,1.46,False,False,0,0,0.14,False,False,False,0,40,0.18,False,False,False,1032,,,
296,1RB1LF_0RC0RB_0LD0LA_1RE---_1LA1LC_1LE1RE,Shift-overflow counter,1.32,False,False,0,0,0.14,False,False,False,0,47,0.32,False,False,False,317,,,
297,1RB1LC_1LA0RE_1LD0LC_1LE0LB_0LF1RA_0RA---,Shift-overflow counter,1.23,False,False,0,0,0.17,False,False,False,0,73,0.29,False,False,False,1365,,,
298,1RB0RA_1RC0RD_1LD1LE_1LF0LC_0LD---_1RA1LD,Shift-overflow counter,1.36,False,False,0,0,0.19,False,False,False,0,90,0.14,False,False,False,1082,,,
299,1RB1RA_1LC1LE_1RA1LD_0LB0LC_1LF0RE_1LB---,Shift-overflow counter,1.22,False,False,0,0,0.13,False,False,False,0,79,0.29,False,False,False,2172,,,
300,1RB0LE_1LC0RE_0RA0LD_1LA1LF_0LC0RE_0LC---,Shift-overflow counter,1.29,False,False,0,0,0.16,False,False,False,0,40,0.32,False,False,False,2063,,,
302,1RB1LD_1LC0RD_0LA0RB_0LE1LF_1RF0LC_0RB---,Shift-overflow counter,1.23,False,False,0,0,0.16,False,False,False,0,46,0.32,False,False,False,659,,,
301,1RB0LE_1LC1RD_1LA0LC_1RA1RE_0RF0RB_1LC---,Shift-overflow counter,1.32,False,False,0,0,0.14,False,False,False,0,69,0.26,False,False,False,2178,,,
303,1RB0RC_0LA0LC_1LD0RB_1LE---_1RF0LB_1RA0RF,Shift-overflow counter,1.27,False,False,0,0,0.28,False,False,False,0,182,0.33,False,False,False,3651,,,
305,1RB0RC_1RC1LB_1LD1RE_1LB0LD_0RF1RA_1RD---,Shift-overflow counter,1.39,False,False,0,0,0.14,False,False,False,0,47,0.07,False,False,False,211,,,
304,1RB1LA_1LC1RE_0RD0LC_1LE1RF_1RA0RB_0RD---,Shift-overflow counter,1.38,False,False,0,0,0.14,False,False,False,0,50,0.36,False,False,False,511,,,
306,1RB0RE_1RC---_1RD1RD_1RE1LD_1LF1RA_1LC0LF,Shift-overflow counter,1.32,False,False,0,0,0.14,False,False,False,0,35,0.42,False,False,False,481,,,
307,1RB1LD_1RC0RB_1LA1RC_1RE0LA_1LF1LE_1LC---,Shift-overflow counter,1.31,False,False,0,0,0.14,False,False,False,0,33,0.42,False,False,False,501,,,
310,1RB0LD_1RC0RB_1LA0RD_1LA0RE_1RF---_0LC0LF,Shift-overflow counter,1.21,False,False,0,0,0.17,False,False,False,0,44,0.11,False,False,False,818,,,
308,1RB1LE_1RC0RB_1RD1LF_1LA0LC_1LD0LA_---0RE,Shift-overflow counter,1.23,False,False,0,0,0.14,False,False,False,0,31,0.31,False,False,False,147,,,
309,1RB0RE_1LC1RD_1LA0LC_1RA0RB_0RF1LC_0RB---,Shift-overflow counter,1.35,False,False,0,0,0.14,False,False,False,0,45,0.39,False,False,False,943,,,
312,1RB1LB_1LC1RB_1RF1LD_0LE0LC_0RC---_1LA0RF,Shift-overflow counter,1.28,False,False,0,0,0.14,False,False,False,0,29,0.08,False,False,False,65,,,
311,1RB0RA_1RC0RD_0LB0LD_1LE0RC_1LF---_1RA0LC,Shift-overflow counter,1.22,False,False,0,0,0.28,False,False,False,0,163,0.33,False,False,False,3313,,,
314,1RB1RE_1LC1RD_1LA1LC_0RA0RB_1RF0LE_1RA---,Shift-overflow counter,1.27,False,False,0,0,0.14,False,False,False,0,63,0.34,False,False,False,2988,,,
315,1RB0LA_0RC1RF_0LD1RE_1LA0RB_0RD---_1RA1RD,Shift-overflow counter,1.27,False,False,0,0,0.15,False,False,False,0,22,0.25,False,False,False,2003,,,
316,1RB0LD_0LC0RE_1LA0RD_0RB1LF_1RC0RF_0RA---,Shift-overflow counter,1.27,False,False,0,0,0.17,False,False,False,0,37,0.32,False,False,False,495,,,
317,1RB1LD_1RC0RB_1LA0LE_1LC0LA_0LF1RB_0RB---,Shift-overflow counter,1.34,False,False,0,0,0.14,False,False,False,0,26,0.31,False,False,False,46,,,
313,1RB0RD_1RC---_1LD1LE_1LE0LC_1RF1LD_1RA0RF,Shift-overflow counter,1.39,False,False,0,0,0.17,False,False,False,0,92,1.17,False,False,False,3647,,,
318,1RB---_1LC0RF_0RA0LD_1LE1LA_1RF0LF_0LC0RA,Shift-overflow counter,1.28,False,False,0,0,0.15,False,False,False,0,29,0.31,False,False,False,177,,,
319,1RB1RF_1RC0RA_1LD1RB_1LE0LD_0RA0LB_0RB---,Shift-overflow counter,1.24,False,False,0,0,0.18,False,False,False,0,64,0.43,False,False,False,1606,,,
320,1RB1RE_1LC1RD_1LA0LC_1RA0RB_1RF0LD_0RD---,Shift-overflow counter,1.32,False,False,0,0,0.14,False,False,False,0,50,0.32,False,False,False,67,,,
321,1RB0LB_0RC0LD_1LD1RE_0LA0RF_0RD1RB_0RC---,Shift-overflow counter,1.28,False,False,0,0,0.15,False,False,False,0,27,0.07,False,False,False,179,,,
322,1RB0RD_1LC1RE_0LD1LC_1RA0LA_1RF0RC_---1RA,Shift-overflow counter,1.46,False,False,0,0,0.16,False,False,False,0,78,0.35,False,False,False,2470,,,
324,1RB0RE_1LC1RA_1LD0LC_1LA0LA_1RA1RF_0RA---,Shift-overflow counter,1.37,False,False,0,0,0.17,False,False,False,0,81,0.14,False,False,False,1124,,,
323,1RB0RE_1LC1RD_1LA0LC_1RA0RB_1RF1LC_0RC---,Shift-overflow counter,1.3,False,False,0,0,0.14,False,False,False,0,28,0.31,False,False,False,63,,,
325,1RB1RF_1LC0RD_1RE0LD_0RE0LF_0LB0RA_0LC---,Shift-overflow counter,1.26,False,False,0,0,0.15,False,False,False,0,30,0.31,False,False,False,508,,,
326,1RB1LD_1RC0RB_1LD0RD_1LA0LE_1LD1LF_1LA---,Shift-overflow counter,1.24,False,False,0,0,0.17,False,False,False,0,85,0.36,False,False,False,2629,,,
327,1RB1RF_1LC0RE_1LE1LD_1RE0LC_1RA1RA_1RD---,Shift-overflow counter,1.21,False,False,0,0,0.17,False,False,False,0,146,0.06,False,False,False,15,,,
328,1RB0RF_1RC0RB_1LD1RA_1LE0LD_1RB0LA_0LD---,Shift-overflow counter,1.22,False,False,0,0,0.15,False,False,False,0,59,0.32,False,False,False,944,,,
329,1RB0LB_0RC0LD_1LD1RE_0LA0RF_1RB0RD_0RB---,Shift-overflow counter,1.25,False,False,0,0,0.15,False,False,False,0,27,0.47,False,False,False,8751,,,
331,1RB---_1RC0LC_0RD0LE_1LE1RF_0LB0RC_0RE0RA,Shift-overflow counter,1.29,False,False,0,0,0.16,False,False,False,0,35,0.11,False,False,False,485,,,
330,1RB1LD_1RC0RB_1LD0RD_1LA0LE_1LD0LF_1RD---,Shift-overflow counter,1.25,False,False,0,0,0.16,False,False,False,0,53,0.36,False,False,False,6443,,,
332,1RB0RC_1RC1LB_1LD1RA_0LE0LD_1LA1RF_0RE---,Shift-overflow counter,1.28,False,False,0,0,0.13,False,False,False,0,25,0.31,False,False,False,40,,,
334,1RB1LF_1LC0LD_1LD1RC_1RE1LB_0RA0RE_0LA---,Shift-overflow counter,1.24,False,False,0,0,0.14,False,False,False,0,28,0.31,False,False,False,92,,,
335,1RB0RE_1LC1RD_1LA0LC_1RA0RB_1RF1LC_1LA---,Shift-overflow counter,1.33,False,False,0,0,0.14,False,False,False,0,36,0.31,False,False,False,179,,,
333,1RB0RF_1RC0RA_1LD1RB_1LE0LD_1LB0LB_0RB---,Shift-overflow counter,1.33,False,False,0,0,0.16,False,False,False,0,49,0.81,False,False,False,3671,,,
336,1RB1LA_1LC1RE_1RA0LD_0LE0LD_1RF0RB_1RC---,Shift-overflow counter,1.23,False,False,0,0,0.14,False,False,False,0,38,0.41,False,False,False,481,,,
337,1RB---_1RC0RB_1LD1RC_0LF1LE_1LC0LD_0RA1LA,Shift-overflow counter,1.25,False,False,0,0,0.14,False,False,False,0,38,0.3,False,False,False,56,,,
338,1RB0LB_0RC0LE_1RD0RF_1LB1RB_0LA0RE_1RE---,Shift-overflow counter,1.26,False,False,0,0,0.16,False,False,False,0,38,0.07,False,False,False,179,,,
339,1RB1RF_1RC0RF_0RD0LC_1LE1RA_1LC---_1RB0RE,Shift-overflow counter,1.23,False,False,0,0,0.15,False,False,False,0,67,0.31,False,False,False,1779,,,
340,1RB0LF_0LC---_0LA0RD_1RE0LC_1LA0RC_1LD0LB,Shift-overflow counter,1.33,False,False,0,0,0.15,False,False,False,0,28,0.32,False,False,False,871,,,
341,1RB---_1LC1RE_1LD0LC_1RB0RF_1RD0RB_1RA1LC,Shift-overflow counter,1.36,False,False,0,0,0.14,False,False,False,0,36,0.31,False,False,False,56,,,
342,1RB0RE_1LC0LE_1LD0LC_1RA0LA_1RA1RF_1RA---,Shift-overflow counter,1.31,False,False,0,0,0.16,False,False,False,0,76,0.32,False,False,False,2140,,,
344,1RB0LE_0LC0RA_1LE0RD_0RB---_0LF0LD_1LA0LF,Shift-overflow counter,1.23,False,False,0,0,0.15,False,False,False,0,38,0.12,False,False,False,525,,,
343,1RB---_1LC0LB_1RE0RD_0RA1LB_1LB1RF_1RC0RE,Shift-overflow counter,1.26,False,False,0,0,0.14,False,False,False,0,51,0.32,False,False,False,558,,,
345,1RB0RE_1LC1RA_1LD0LC_1LA0LA_1RA0RF_0RA---,Shift-overflow counter,1.34,False,False,0,0,0.16,False,False,False,0,69,0.35,False,False,False,2317,,,
346,1RB1LD_1RC0RB_1LD0RD_1LA0LE_1LD1LF_0LD---,Shift-overflow counter,1.34,False,False,0,0,0.19,False,False,False,0,99,0.43,False,False,False,2541,,,
347,1RB0RE_1LC1RD_1LA0LC_1RA0RB_1RF1LC_0LC---,Shift-overflow counter,1.32,False,False,0,0,0.14,False,False,False,0,46,0.34,False,False,False,806,,,
348,1RB0LE_0LC0RB_1RD1LD_1RA1LF_0LB1LE_---1LB,Shift-overflow counter,1.32,False,False,0,0,0.13,False,False,False,0,37,0.31,False,False,False,371,,,
351,1RB0RE_0LC0RB_1RA1LD_1LE1RE_1LB0LF_---1LC,Shift-overflow counter,1.25,False,False,0,0,0.17,False,False,False,0,35,0.1,False,False,False,229,,,
352,1RB0LB_0RC0LD_1LD1RE_0LA0RB_0RD0RF_0LA---,Shift-overflow counter,1.3,False,False,0,0,0.16,False,False,False,0,27,0.08,False,False,False,174,,,
350,1RB0RF_1LC1LF_1RD1LC_---1RE_0RC1RF_1RA0LB,Shift-overflow counter,1.35,False,False,0,0,0.14,False,False,False,0,67,0.22,False,False,False,792,,,
349,1RB0RB_1LC0LE_1RD1LB_1RA0RD_1LB1LF_0LA---,Shift-overflow counter,1.4,False,False,0,0,0.18,False,False,False,0,74,0.4,False,False,False,2375,,,
353,1RB0LB_0RC0LD_1LD1RE_0LA0RB_0RD1RF_1RA---,Shift-overflow counter,1.3,False,False,0,0,0.18,False,False,False,0,55,0.17,False,False,False,2568,,,
354,1RB---_1RC0LF_1RD1RD_1RE1RA_1LF0RC_1LC1LB,Shift-overflow counter,1.35,False,False,0,0,0.18,False,False,False,0,123,0.07,False,False,False,67,,,
355,1RB0RB_1LC0LE_1RD1LB_1RA0RD_1LB1LF_1LE---,Shift-overflow counter,1.37,False,False,0,0,0.17,False,False,False,0,74,0.38,False,False,False,2409,,,
356,1RB0LE_1LC0RE_0RA0LD_1LA0LF_0LC0RA_0RE---,Shift-overflow counter,1.33,False,False,0,0,0.17,False,False,False,0,45,0.34,False,False,False,2252,,,
357,1RB1RF_1RC0RA_1LD1RB_1LE0LD_1RB0LB_1RA---,Shift-overflow counter,1.27,False,False,0,0,0.17,False,False,False,0,79,0.34,False,False,False,2400,,,
360,1RB0RF_1LC1RE_1LD0LC_0LE0RE_1RA1LD_1RB---,Shift-overflow counter,1.3,False,False,0,0,0.15,False,False,False,0,51,0.08,False,False,False,45,,,
359,1RB0LA_1RC---_1RD1RA_1LE1RF_1LC1LE_0RC0RD,Shift-overflow counter,1.28,False,False,0,0,0.15,False,False,False,0,71,0.32,False,False,False,2102,,,
358,1RB1LD_1RC0RB_1LA0LE_1LC0LA_0LF1RB_0LA---,Shift-overflow counter,1.36,False,False,0,0,0.15,False,False,False,0,51,0.33,False,False,False,406,,,
362,1RB1LA_1LC1RD_1LA0LC_1RE0RB_1RF1LC_1RA---,Shift-overflow counter,1.4,False,False,0,0,0.14,False,False,False,0,52,0.09,False,False,False,156,,,
361,1RB0RC_1RC0RA_1LD1RA_0LE0LD_1RF0RC_1RE---,Shift-overflow counter,1.33,False,False,0,0,0.14,False,False,False,0,35,0.32,False,False,False,65,,,
363,1RB0RE_1RC0RB_0RD0RF_0LE---_1LF1LE_1LA0LE,Shift-overflow counter,1.22,False,False,0,0,0.16,False,False,False,0,53,0.37,False,False,False,5711,,,
365,1RB1LD_1RC0RB_0RD0RD_1LE0LF_1LA0LE_0RB---,Shift-overflow counter,1.2,False,False,0,0,0.15,False,False,False,0,58,0.32,False,False,False,1001,,,
364,1RB1LC_0RC0RB_1LD0LA_1LE---_1LF0LA_1LA0LB,Shift-overflow counter,1.43,False,False,0,0,0.14,False,False,False,0,29,0.32,False,False,False,366,,,
366,1RB1LD_1RC0RB_1LA0LE_1LC0LA_0LF1RB_1LD---,Shift-overflow counter,1.3,False,False,0,0,0.15,False,False,False,0,46,0.32,False,False,False,521,,,
367,1RB0RB_1LC0LE_1RD1LB_1RA0RD_1LB1LF_0LB---,Shift-overflow counter,1.35,False,False,0,0,0.16,False,False,False,0,74,0.32,False,False,False,1506,,,
368,1RB1LE_1RC1LD_1RD0LF_0LA0RD_---1LB_0LD1LF,Shift-overflow counter,1.2,False,False,0,0,0.13,False,False,False,0,38,0.64,False,False,False,868,,,
369,1RB0LB_0RC0LE_1RD---_1LB0RE_0RF0LA_1LA0RC,Shift-overflow counter,1.28,False,False,0,0,0.15,False,False,False,0,25,0.08,False,False,False,178,,,
370,1RB1LE_1RC0RB_1LD0RE_1LA0LD_1LD0LF_0RB---,Shift-overflow counter,1.21,False,False,0,0,0.15,False,False,False,0,52,0.32,False,False,False,934,,,
372,1RB---_1RC0LC_0RD0LE_1LE1RF_0LB0RC_0RE1RA,Shift-overflow counter,1.22,False,False,0,0,0.16,False,False,False,0,47,0.17,False,False,False,2714,,,
371,1RB1LA_1LC1RD_1LA0LC_1RE0RB_1RB0RF_0RB---,Shift-overflow counter,1.32,False,False,0,0,0.14,False,False,False,0,36,0.32,False,False,False,247,,,
373,1RB1LD_1RC0RB_1LA0LE_1LC0LA_1LF1RB_1LB---,Shift-overflow counter,1.23,False,False,0,0,0.14,False,False,False,0,36,0.32,False,False,False,308,,,
374,1RB1RF_1RC0RA_1LD1RB_1LE0LD_1RB0LB_1RE---,Shift-overflow counter,1.22,False,False,0,0,0.17,False,False,False,0,79,0.34,False,False,False,2400,,,
375,1RB0LD_0LC0RE_1LA0RD_0RB0LF_1RC1LA_0RB---,Shift-overflow counter,1.25,False,False,0,0,0.17,False,False,False,0,44,0.32,False,False,False,1753,,,
376,1RB0LE_1LC0RE_0RA0LD_1LA0LF_0LC0RE_0LB---,Shift-overflow counter,1.31,False,False,0,0,0.17,False,False,False,0,37,0.33,False,False,False,815,,,
377,1RB---_0RC1LF_0RD1RB_1LE1RC_0LB0LE_0LE0LA,Shift-overflow counter,1.27,False,False,0,0,0.15,False,False,False,0,61,0.27,False,False,False,2006,,,
378,1RB1LC_1LA1RE_0RD0LA_---1LB_1LD0RF_0RE1RB,Shift-overflow counter,1.26,False,False,0,0,0.17,False,False,False,0,99,0.35,False,False,False,2490,,,
380,1RB0LB_0RC0LD_1LD1RE_0LA0RB_0RD0RF_1RD---,Shift-overflow counter,1.28,False,False,0,0,0.16,False,False,False,0,27,0.11,False,False,False,267,,,
381,1RB1LC_0RC0RB_1LD0LA_1LE---_1LF1RA_1LA1LA,Shift-overflow counter,1.35,False,False,0,0,0.14,False,False,False,0,24,0.09,False,False,False,144,,,
379,1RB1LF_0RC0RB_0LD1RB_1LE0LB_0LA1LC_0LB---,Shift-overflow counter,1.26,False,False,0,0,0.17,False,False,False,0,48,0.69,False,False,False,4935,,,
382,1RB1RE_0LC1RD_1LD0LD_1RA1LC_1RF0RA_---0RA,Shift-overflow counter,1.33,False,False,0,0,0.15,False,False,False,0,93,0.37,False,False,False,6989,,,
383,1RB1LA_1LC1RD_1LA0LC_1RE0RB_1RF0RB_1RA---,Shift-overflow counter,1.31,False,False,0,0,0.14,False,False,False,0,46,0.32,False,False,False,808,,,
385,1RB0LB_0RC0LE_1RD0RF_1LB1RB_0LA1RB_1RE---,Shift-overflow counter,1.18,False,False,0,0,0.17,False,False,False,0,38,0.07,False,False,False,179,,,
384,1RB1LA_1LC1RD_1LA0LC_1RE0RB_1RF1LA_1RA---,Shift-overflow counter,1.29,False,False,0,0,0.14,False,False,False,0,38,0.42,False,False,False,500,,,
386,1RB0LE_1LC0RE_0RA0LD_1LA1LF_0LC0RE_1LA---,Shift-overflow counter,1.2,False,False,0,0,0.15,False,False,False,0,39,0.32,False,False,False,1984,,,
387,1RB0LE_1LC0RE_0RA0LD_1LA1LF_0LC0RA_0LE---,Shift-overflow counter,1.28,False,False,0,0,0.15,False,False,False,0,37,0.31,False,False,False,472,,,
388,1RB0RE_1LC1RA_1LD0LC_1LA0LA_1RA1RF_0RD---,Shift-overflow counter,1.28,False,False,0,0,0.14,False,False,False,0,42,0.32,False,False,False,1168,,,
391,1RB1LE_0RC0RB_1RD1RF_1LA0LE_0LD0LB_---0RD,Shift-overflow counter,1.26,False,False,0,0,0.14,False,False,False,0,52,0.08,False,False,False,213,,,
392,1RB1LD_1RC0RB_1LA1RC_1LF1LE_0RC0LA_1LC---,Shift-overflow counter,1.24,False,False,0,0,0.14,False,False,False,0,46,0.07,False,False,False,20,,,
390,1RB1RF_1LC1RE_0LD0LC_1RD0RB_1RA0RB_1RA---,Shift-overflow counter,1.24,False,False,0,0,0.15,False,False,False,0,37,0.31,False,False,False,72,,,
389,1RB0LE_1LC0RE_0RA0LD_1LA1LF_0LC0RE_1LE---,Shift-overflow counter,1.3,False,False,0,0,0.15,False,False,False,0,30,0.31,False,False,False,163,,,
393,1RB0RA_0RC0LE_1LC0LD_1RA1LF_---1LD_1LD1LB,Shift-overflow counter,1.25,False,False,0,0,0.14,False,False,False,0,45,0.31,False,False,False,145,,,
394,1RB0LE_1LC0RE_0RA0LD_1LA1LF_0LC0RA_0LB---,Shift-overflow counter,1.27,False,False,0,0,0.15,False,False,False,0,37,0.31,False,False,False,455,,,
395,1RB0LB_0RC0LD_1LD1RE_0LA0RB_0RD0RF_0RA---,Shift-overflow counter,1.27,False,False,0,0,0.16,False,False,False,0,52,0.16,False,False,False,2568,,,
396,1RB1LD_1RC0RB_1LA0LE_1LC0LA_0LF1RB_1LC---,Shift-overflow counter,1.4,False,False,0,0,0.14,False,False,False,0,38,0.31,False,False,False,46,,,
397,1RB0RF_1LC1RE_0LD0LC_1RD0RB_1RA0RB_0LC---,Shift-overflow counter,1.3,False,False,0,0,0.15,False,False,False,0,34,0.27,False,False,False,139,,,
400,1RB0RA_1LC0RE_1LD0LC_1RA1LE_1LC0LF_0RA---,Shift-overflow counter,1.24,False,False,0,0,0.16,False,False,False,0,59,0.27,False,False,False,865,,,
399,1RB0LC_1LC0LD_1LE1LA_---1RA_1RF1LB_1RD0RF,Shift-overflow counter,1.25,False,False,0,0,0.14,False,False,False,0,22,0.31,False,False,False,116,,,
398,1RB0LB_0RC0LD_1LD1RE_0LA0RB_0RD0RF_1RA---,Shift-overflow counter,1.27,False,False,0,0,0.17,False,False,False,0,31,0.49,False,False,False,3027,,,
401,1RB0RA_1LC1RE_1RD0LC_0LE0RF_1RA1LD_---1RD,Shift-overflow counter,1.28,False,False,0,0,0.16,False,False,False,0,62,0.08,False,False,False,47,,,
402,1RB0RF_1LC1RE_0LD0LC_1RD0RB_1RA0RB_1RC---,Shift-overflow counter,1.42,False,False,0,0,0.14,False,False,False,0,31,0.31,False,False,False,100,,,
403,1RB1LD_1RC0RB_1LA1LE_1LC0LA_1LF0RD_0LB---,Shift-overflow counter,1.26,False,False,0,0,0.14,False,False,False,0,28,0.31,False,False,False,95,,,
404,1RB1RE_1RC1LB_1RD1RA_1LB---_1LF0RC_1RD0LF,Shift-overflow counter,1.28,False,False,0,0,0.14,False,False,False,0,53,0.31,False,False,False,595,,,
405,1RB1LA_1LB1RC_0RD0RB_1LE0RF_0LE1LA_0RC---,Shift-overflow counter,1.28,False,False,0,0,0.14,False,False,False,0,30,0.31,False,False,False,95,,,
406,1RB1LC_1RC0LF_0LD0RC_1RA1LE_---1LA_0LC1LF,Shift-overflow counter,1.27,False,False,0,0,0.13,False,False,False,0,45,0.34,False,False,False,690,,,
409,1RB1LD_1RC0RB_1LA0LE_1LF0LA_0LD1RB_1LC---,Shift-overflow counter,1.33,False,False,0,0,0.14,False,False,False,0,28,0.08,False,False,False,140,,,
407,1RB0RF_1LC0LF_1LD0LC_0LE0LA_1LF---_1RA1RF,Shift-overflow counter,1.33,False,False,0,0,0.17,False,False,False,0,57,0.32,False,False,False,1521,,,
408,1RB1RE_1LC1RD_1LA0LC_1RA0RB_1RF0LD_1LD---,Shift-overflow counter,1.36,False,False,0,0,0.15,False,False,False,0,47,0.31,False,False,False,274,,,
410,1RB0LC_1LC0RB_0LE1LD_1LB1LA_0RA1LF_0LA---,Shift-overflow counter,1.48,False,False,0,0,0.14,False,False,False,0,27,0.32,False,False,False,2193,,,
411,1RB1LD_1RC0RB_1LA1LE_1LC0LA_0LF0RD_0RA---,Shift-overflow counter,1.31,False,False,0,0,0.14,False,False,False,0,28,0.31,False,False,False,78,,,
413,1RB---_1RC1LF_1LD1RE_1LB0LD_1RA0RC_1RC0LE,Shift-overflow counter,1.34,False,False,0,0,0.15,False,False,False,1,35,0.15,False,False,False,339,,,
412,1RB0RE_1LC1RD_1LA0LC_1RA0RB_1RF1LC_1RC---,Shift-overflow counter,1.29,False,False,0,0,0.15,False,False,False,0,29,0.32,False,False,False,102,,,
414,1RB1LA_1LC1RE_0RD0LC_1LE1RF_1RA0RB_1RD---,Shift-overflow counter,1.3,False,False,0,0,0.15,False,False,False,0,45,0.32,False,False,False,273,,,
417,1RB---_1LC0LB_1RF1RD_1RA0LE_1RC0RF_1LB1RE,Shift-overflow counter,1.3,False,False,0,0,0.14,False,False,False,0,32,0.32,False,False,False,552,,,
416,1RB1LF_1RC0RB_1RD0RF_1RE---_1LF1LE_1LA0LE,Shift-overflow counter,1.4,False,False,0,0,0.15,False,False,False,0,75,0.33,False,False,False,3156,,,
415,1RB1RA_1RC0RA_1LD0LA_1LE0LD_1LF0LB_1RE---,Shift-overflow counter,1.38,False,False,0,0,0.16,False,False,False,0,59,0.61,False,False,False,1507,,,
419,1RB---_1LC1RF_0LE0RD_0RB0LC_1RD0LD_0RC0RA,Shift-overflow counter,1.27,False,False,0,0,0.15,False,False,False,0,32,0.06,False,False,False,59,,,
421,1RB0LB_0RC0LD_1LD1RE_0LA0RF_0RD1RF_0RC---,Shift-overflow counter,1.27,False,False,0,0,0.15,False,False,False,0,27,0.07,False,False,False,174,,,
420,1RB0LF_1LC1RC_0RA0LD_0LE1RE_0RF0LC_1RC---,Shift-overflow counter,1.28,False,False,0,0,0.16,False,False,False,0,48,0.14,False,False,False,534,,,
418,1RB---_1RC0RF_1LD1RB_1LE0LD_1RB0LB_1RB1RA,Shift-overflow counter,1.47,False,False,0,0,0.16,False,False,False,0,58,0.78,False,False,False,1839,,,
423,1RB0RE_1LC1RA_1LD0LC_1RA0LA_1RA1RF_0LB---,Shift-overflow counter,1.36,False,False,0,0,0.18,False,False,False,0,82,0.14,False,False,False,1208,,,
422,1RB0RC_1LC1LF_1LD0LB_1RE1LC_1RA0RE_0LC---,Shift-overflow counter,1.26,False,False,0,0,0.17,False,False,False,0,80,0.46,False,False,False,1328,,,
424,1RB0RE_1LC1RA_1LD0LC_1RA0LA_1RA1RF_1RE---,Shift-overflow counter,1.33,False,False,0,0,0.16,False,False,False,0,62,0.33,False,False,False,2573,,,
425,1RB1LD_1RC0RB_1LD1RC_1LF1LE_0LB0LD_1LA---,Shift-overflow counter,1.34,False,False,0,0,0.14,False,False,False,0,23,0.31,False,False,False,65,,,
426,1RB1LF_1LC0LD_1LD1RC_1RE1LB_0LA0RE_1LA---,Shift-overflow counter,1.26,False,False,0,0,0.14,False,False,False,0,34,0.31,False,False,False,216,,,
427,1RB1LD_1RC0RB_1LA1RC_1LE0LE_1LF1LD_1LC---,Shift-overflow counter,1.38,False,False,0,0,0.15,False,False,False,0,51,0.08,False,False,False,60,,,
428,1RB1RB_1RC1LB_1LD1RE_1LA0LD_1RF0RC_1RA---,Shift-overflow counter,1.28,False,False,0,0,0.14,False,False,False,0,33,0.44,False,False,False,577,,,
429,1RB1RA_1RC---_1RD1LC_1LE1RF_1LC0LE_1LA0RD,Shift-overflow counter,1.34,False,False,0,0,0.13,False,False,False,0,51,0.08,False,False,False,85,,,
432,1RB1RF_1RC0RA_1LD1RB_1LE0LD_1LB0LB_0RB---,Shift-overflow counter,1.34,False,False,0,0,0.16,False,False,False,0,55,0.1,False,False,False,147,,,
430,1RB0RA_0RC0RE_0LD---_1LE1LD_1LF0LD_1RA0RD,Shift-overflow counter,1.34,False,False,0,0,0.16,False,False,False,0,57,0.31,False,False,False,533,,,
431,1RB0LB_0RC---_1RD0RC_1LE1RD_0LA1LF_1LD0LE,Shift-overflow counter,1.31,False,False,0,0,0.14,False,False,False,0,25,0.45,False,False,False,915,,,
433,1RB0LC_0LC---_1LA0RD_1LE1RD_1LF1RC_1RD0LA,Shift-overflow counter,1.29,False,False,0,0,0.21,False,False,False,0,84,0.09,False,False,False,350,,,
434,1RB0RA_1LC0RC_1LE0LD_1LC1LF_1RA1LC_1LB---,Shift-overflow counter,1.29,False,False,0,0,0.14,False,False,False,0,41,0.32,False,False,False,1827,,,
435,1RB1LD_1RC0RB_1LA1LE_1LC0LA_0LF0RD_0LA---,Shift-overflow counter,1.36,False,False,0,0,0.14,False,False,False,0,46,0.31,False,False,False,400,,,
436,1RB0RF_1RC1LB_1LD1RE_1LB0LD_1RF0RC_1RA---,Shift-overflow counter,1.26,False,False,0,0,0.13,False,False,False,0,34,0.32,False,False,False,550,,,
437,1RB1LC_1LA0LF_1LD0LA_1RE0LB_1LB0RE_---1RA,Shift-overflow counter,1.29,False,False,0,0,0.13,False,False,False,0,28,0.31,False,False,False,259,,,
439,1RB1LD_1LC0RE_1LA1RC_0LC0LA_0RF0RC_---0RB,Shift-overflow counter,1.35,False,False,0,0,0.15,False,False,False,0,31,0.31,False,False,False,244,,,
438,1RB1LE_0RC0RB_1LD0LA_1LC---_1LF0LA_1LA0LE,Shift-overflow counter,1.39,False,False,0,0,0.15,False,False,False,0,28,0.35,False,False,False,1234,,,
441,1RB0RE_1LC0RA_0RA0LD_1LE---_1RF0LF_0LC0RA,Shift-overflow counter,1.25,False,False,0,0,0.15,False,False,False,0,31,0.31,False,False,False,312,,,
440,1RB1RF_1LC1RE_0LD0LC_1RD0RB_1RA0RB_1RE---,Shift-overflow counter,1.36,False,False,0,0,0.14,False,False,False,0,33,0.31,False,False,False,63,,,
442,1RB---_1RC1RF_1LD1RE_1LB1LD_0RB0RC_1RA0LF,Shift-overflow counter,1.26,False,False,0,0,0.13,False,False,False,0,80,0.33,False,False,False,2629,,,
443,1RB1RF_1RC0RA_1LD1RB_1LE0LD_1LA0LB_0RB---,Shift-overflow counter,1.27,False,False,0,0,0.16,False,False,False,0,77,0.34,False,False,False,3424,,,
445,1RB1RE_1RC0LA_0RD0RC_1LE0LB_1LF---_1RC1LD,Shift-overflow counter,1.23,False,False,0,0,0.14,False,False,False,0,45,0.24,False,False,False,164,,,
444,1RB---_1LC1LB_1LD0LB_1RE1LC_1RF0RE_1RA0RC,Shift-overflow counter,1.34,False,False,0,0,0.18,False,False,False,0,80,0.58,False,False,False,3546,,,
447,1RB1LA_1LA1RC_1RD0RB_1LE1LD_---1LF_1RA0LF,Shift-overflow counter,1.29,False,False,0,0,0.15,False,False,False,0,42,0.32,False,False,False,527,,,
448,1RB0RA_1LC0RC_1LE0LD_1LC1LF_1RA1LC_1LD---,Shift-overflow counter,1.29,False,False,0,0,0.15,False,False,False,0,41,0.33,False,False,False,1827,,,
446,1RB0LE_1LC0RE_0RA0LD_1LA1LF_0LC0RA_1LB---,Shift-overflow counter,1.33,False,False,0,0,0.17,False,False,False,0,37,0.33,False,False,False,879,,,
450,1RB1LD_0RC0RB_0LD1RE_0LA1LC_0RB0RF_1LC---,Shift-overflow counter,1.26,False,False,0,0,0.16,False,False,False,0,55,0.32,False,False,False,1200,,,
451,1RB1LD_1RC0RB_1LA1LE_1LC0LA_0LF0RD_1RC---,Shift-overflow counter,1.33,False,False,0,0,0.15,False,False,False,0,47,0.33,False,False,False,367,,,
452,1RB0RA_1RC0RE_1RD---_1LE1LD_1LF0LD_1RA1LE,Shift-overflow counter,1.29,False,False,0,0,0.16,False,False,False,0,85,0.6,False,False,False,3183,,,
453,1RB0RA_1LC1RB_1LF1LD_1RE0LC_---1RD_1RA1LC,Shift-overflow counter,1.27,False,False,0,0,0.13,False,False,False,0,28,0.3,False,False,False,19,,,
455,1RB0LB_0RC0LF_1LD1RE_0LA0RB_0RD0RF_0LA---,Shift-overflow counter,1.26,False,False,0,0,0.15,False,False,False,0,27,0.07,False,False,False,174,,,
456,1RB1LD_1RC0RB_1LA0RE_1LC1LE_1LF0LA_0RE---,Shift-overflow counter,1.37,False,False,0,0,0.14,False,False,False,0,59,0.31,False,False,False,2898,,,
454,1RB1LB_1RC1LE_1RD0LF_0LA0RD_---1LD_0LD1LF,Shift-overflow counter,1.21,False,False,0,0,0.12,False,False,False,0,38,0.63,False,False,False,868,,,
449,1RB0RF_1LC1RA_1LD0LC_1LE0LA_1LF---_1RA1RB,Shift-overflow counter,1.27,False,False,0,0,0.16,False,False,False,0,68,2.56,False,False,False,1474,,,
457,1RB---_1LC0LF_1RD1LB_1RE0RD_1LB0RB_1LB0LA,Shift-overflow counter,1.31,False,False,0,0,0.16,False,False,False,0,68,0.48,False,False,False,3178,,,
458,1RB1RF_0LC1LF_---1LD_1LE0LD_1RA0RC_1RE0RA,Shift-overflow counter,1.32,False,False,0,0,0.14,False,False,False,0,33,0.31,False,False,False,44,,,
460,1RB1LA_1LC1RD_1LA0LC_1RE0RB_1RB0RF_1RC---,Shift-overflow counter,1.31,False,False,0,0,0.14,False,False,False,0,36,0.32,False,False,False,247,,,
461,1RB0RF_1LC1RE_0LD0LC_1RD0RB_1RA0RB_0RB---,Shift-overflow counter,1.34,False,False,0,0,0.14,False,False,False,0,31,0.31,False,False,False,100,,,
459,1RB0RE_1LC1RA_1LD0LC_0RE0LA_1RA1RF_0RA---,Shift-overflow counter,1.18,False,False,0,0,0.16,False,False,False,0,66,0.9,False,False,False,2993,,,
463,1RB1LE_0RC1RA_0LD0RB_1LA1LF_0LC1RF_---0LA,Shift-overflow counter,1.27,False,False,0,0,0.18,False,False,False,0,147,0.35,False,False,False,5427,,,
464,1RB1LF_1LC1RB_1RE1LD_1LB0LC_1LA0RE_1LD---,Shift-overflow counter,1.29,False,False,0,0,0.14,False,False,False,0,42,0.33,False,False,False,329,,,
465,1RB---_1LC1LB_1LD0LB_1RE1LC_1RF0RE_0RA0RC,Shift-overflow counter,1.33,False,False,0,0,0.16,False,False,False,0,61,0.31,False,False,False,633,,,
466,1RB0RE_1LC1RA_1LD0LC_1RA0LA_1RA1RF_1RD---,Shift-overflow counter,1.33,False,False,0,0,0.15,False,False,False,0,62,0.32,False,False,False,2524,,,
468,1RB0RD_1RC---_1LD1LC_1LE0LC_1RF0RC_1RA0RF,Shift-overflow counter,1.27,False,False,0,0,0.14,False,False,False,0,51,0.35,False,False,False,3734,,,
467,1RB1RA_1RC0RA_1LD1RB_1LE0LD_1LF0LB_1LA---,Shift-overflow counter,1.35,False,False,0,0,0.16,False,False,False,0,59,0.35,False,False,False,2116,,,
469,1RB0LA_1RC0RD_1LB1RE_---1LC_1RF0RC_1LA0RB,Shift-overflow counter,1.31,False,False,0,0,0.14,False,False,False,0,52,0.23,False,False,False,580,,,
470,1RB0LD_0LC0RE_1LA0RD_0RB0LD_1RC1RF_1RA---,Shift-overflow counter,1.31,False,False,0,0,0.15,False,False,False,0,27,0.34,False,False,False,154,,,
462,1RB---_1LC1LD_1LD0LB_1RE1LC_1RF0RE_1RA0RC,Shift-overflow counter,1.37,False,False,0,0,0.16,False,False,False,0,77,2.31,False,False,False,3493,,,
471,1RB0LC_1LC1RD_1LA1LC_1LF0RE_0RF1RB_---1RE,Shift-overflow counter,1.37,False,False,0,0,0.21,False,False,False,0,64,0.14,False,False,False,810,,,
472,1RB0RE_1LC0RA_1RE1LD_0LB0LF_1RA1RA_0LD---,Shift-overflow counter,1.23,False,False,0,0,0.21,False,False,False,0,53,0.34,False,False,False,724,,,
473,1RB0LB_0RC1RF_1LD1RE_0LA0RB_0RD0LD_0LE---,Shift-overflow counter,1.32,False,False,0,0,0.17,False,False,False,0,30,0.76,False,False,False,2649,,,
475,1RB1LC_1LA1RB_1LD0LA_1RE1RD_---1RF_1LB0RF,Shift-overflow counter,1.36,False,False,0,0,0.14,False,False,False,0,36,0.31,False,False,False,219,,,
474,1RB---_1RC1RA_1RD0RB_1LE1RC_1LF0LE_1RC0LC,Shift-overflow counter,1.43,False,False,0,0,0.15,False,False,False,0,59,0.34,False,False,False,2479,,,
476,1RB0RD_1LC1RE_1LD0LC_0LE0LC_0RA0RF_1RA---,Shift-overflow counter,1.32,False,False,0,0,0.16,False,False,False,0,52,0.57,False,False,False,5815,,,
477,1RB0LD_1LC1RE_1LF0RA_1LA1LD_1RC0RE_---1LC,Shift-overflow counter,1.33,False,False,0,0,0.17,False,False,False,0,70,0.35,False,False,False,4455,,,
480,1RB0LB_0RC0LD_1LD1RE_0LA0RF_0RD0LC_0RC---,Shift-overflow counter,1.25,False,False,0,0,0.15,False,False,False,0,27,0.07,False,False,False,179,,,
478,1RB1RC_1RC0RA_1LD1RB_1LE0LD_1LF0LB_1LA---,Shift-overflow counter,1.31,False,False,0,0,0.16,False,False,False,0,109,0.34,False,False,False,1770,,,
479,1RB1LD_1RC0RB_1LA1LE_1LC0LA_1LF0RD_0LA---,Shift-overflow counter,1.36,False,False,0,0,0.14,False,False,False,0,32,0.31,False,False,False,289,,,
481,1RB---_0LC0RB_1RA1LD_1LE1LF_1LB0LF_0RC0LA,Shift-overflow counter,1.22,False,False,0,0,0.16,False,False,False,0,95,0.09,False,False,False,551,,,
482,1RB1LD_1RC0RB_1LA0LE_1LC0LA_1LF1RB_1LD---,Shift-overflow counter,1.38,False,False,0,0,0.15,False,False,False,0,54,0.32,False,False,False,567,,,
483,1RB1LD_1RC0RB_1LA1LE_1LC0LA_0LF0RD_0RC---,Shift-overflow counter,1.39,False,False,0,0,0.14,False,False,False,0,34,0.32,False,False,False,289,,,
487,1RB0RA_1RC0RC_1LD0LE_1RA1LC_1LC1LF_0LC---,Shift-overflow counter,1.39,False,False,0,0,0.17,False,False,False,0,64,0.13,False,False,False,318,,,
484,1RB0RF_1LC1RA_1LD0LC_0LE0LA_0RF---_1RA1RF,Shift-overflow counter,1.42,False,False,0,0,0.16,False,False,False,0,72,0.33,False,False,False,2203,,,
486,1RB---_0LC0RB_1RA1LD_0RD1LE_1LF0LA_1LB0LE,Shift-overflow counter,1.35,False,False,0,0,0.16,False,False,False,0,95,0.34,False,False,False,2498,,,
485,1RB0RA_1RC0RC_1LD0LE_1RA1LC_1LC0LF_0LC---,Shift-overflow counter,1.28,False,False,0,0,0.15,False,False,False,0,47,0.59,False,False,False,3138,,,
488,1RB0RE_1LC1RA_1LD0LC_1RA0LA_1RA1RF_0RA---,Shift-overflow counter,1.37,False,False,0,0,0.18,False,False,False,0,55,0.4,False,False,False,4016,,,
489,1RB0RA_0LC0RE_1LE1LD_0LE---_1LF0LC_1RA1LE,Shift-overflow counter,1.19,False,False,0,0,0.17,False,False,False,0,66,0.33,False,False,False,2638,,,
490,1RB---_1LC0LE_0LA1LD_1LE1RD_1RF1LB_1RD0RF,Shift-overflow counter,1.35,False,False,0,0,0.14,False,False,False,0,52,0.09,False,False,False,155,,,
491,1RB---_1LC1RE_0LD0LC_1RD0RB_1RF0RB_0LF1RA,Shift-overflow counter,1.38,False,False,0,0,0.14,False,False,False,0,41,0.31,False,False,False,42,,,
492,1RB0LB_0RC0LD_1LD1RE_0LA0RB_0RD1RF_1LA---,Shift-overflow counter,1.3,False,False,0,0,0.16,False,False,False,0,39,0.11,False,False,False,959,,,
496,1RB---_1RC0LE_1RD1LC_1LB1RF_1LC0LE_1RA0RD,Shift-overflow counter,1.23,False,False,0,0,0.14,False,False,False,0,51,0.09,False,False,False,171,,,
493,1RB0LC_1RC0RA_1LD1LA_1RE1LD_---1RF_0RD1RA,Shift-overflow counter,1.33,False,False,0,0,0.15,False,False,False,0,88,0.39,False,False,False,3210,,,
495,1RB1LD_1RC0RB_1LD1RC_1LF1LE_0LA0LD_1LA---,Shift-overflow counter,1.28,False,False,0,0,0.14,False,False,False,0,31,0.31,False,False,False,61,,,
497,1RB0LC_0RC---_1RD0RE_1RE1RA_1LF1RC_1LD0LF,Shift-overflow counter,1.3,False,False,0,0,0.13,False,False,False,0,33,0.41,False,False,False,1067,,,
494,1RB0RC_1LC1LD_1RD0LB_0LF1RE_1RA0RE_---1RB,Shift-overflow counter,1.3,False,False,0,0,0.18,False,False,False,0,70,0.98,False,False,False,797,,,
498,1RB1RE_1LC1RD_1LA0LC_1RA0RB_1RF0LD_1RC---,Shift-overflow counter,1.3,False,False,0,0,0.14,False,False,False,0,36,0.31,False,False,False,141,,,
499,1RB0RA_1LC0RC_1LE0LD_1LC1LF_1RA1LC_0LC---,Shift-overflow counter,1.27,False,False,0,0,0.16,False,False,False,0,75,0.39,False,False,False,2546,,,
501,1RB1LC_1LA1RB_1RD1LF_1LE0RD_1LB---_0LE0LA,Shift-overflow counter,1.3,False,False,0,0,0.14,False,False,False,0,42,0.09,False,False,False,185,,,
503,1RB---_1RC0LE_0LD0RF_1LB0RE_0RC0LE_1RD1RA,Shift-overflow counter,1.23,False,False,0,0,0.15,False,False,False,0,28,0.3,False,False,False,150,,,
502,1RB0RA_1LC1RB_1LF1LD_0LE0LC_1RA1LC_1LE---,Shift-overflow counter,1.33,False,False,0,0,0.14,False,False,False,0,26,0.3,False,False,False,147,,,
500,1RB0RA_0RC0RE_1LD---_1LE1LD_1RF0LD_1LB1RA,Shift-overflow counter,1.34,False,False,0,0,0.17,False,False,False,0,81,1.06,False,False,False,2804,,,
504,1RB---_1RC0RD_1RD1RA_1LE1RB_0LF0LE_1RF0RD,Shift-overflow counter,1.31,False,False,0,0,0.14,False,False,False,0,27,0.23,False,False,False,34,,,
505,1RB0LD_0LC0RE_1LA0RD_0RB0LC_1RC1RF_0LD---,Shift-overflow counter,1.21,False,False,0,0,0.16,False,False,False,0,51,0.32,False,False,False,1505,,,
506,1RB1LD_1RC0RB_1LA1LE_1LC0LA_1LF0RD_0LD---,Shift-overflow counter,1.31,False,False,0,0,0.14,False,False,False,0,45,0.32,False,False,False,403,,,
507,1RB0RF_1LC1RA_1LD0LC_1LE0LA_1LF---_1RA1RF,Shift-overflow counter,1.32,False,False,0,0,0.16,False,False,False,0,69,0.31,False,False,False,874,,,
508,1RB---_1RC0LC_1RD0RF_1LE1RC_1LB0LE_1RC1RA,Shift-overflow counter,1.38,False,False,0,0,0.15,False,False,False,0,59,0.35,False,False,False,2473,,,
509,1RB1LE_0LC0RB_1RE1LD_1LC---_1LF0LA_1LA1RF,Shift-overflow counter,1.31,False,False,0,0,0.14,False,False,False,0,45,0.13,False,False,False,75,,,
510,1RB---_1RC1LB_1LB1RD_1LF1RE_0RA0RC_1RA0LF,Shift-overflow counter,1.33,False,False,0,0,0.44,False,False,False,0,47,0.07,False,False,False,71,,,
511,1RB0LD_0LC0RE_1LA0RD_0RB0LC_1RC0RF_0LE---,Shift-overflow counter,1.3,False,False,0,0,0.15,False,False,False,0,31,0.31,False,False,False,183,,,
513,1RB0RC_1LC0RE_0LD0LB_1RA1LE_1LB1RF_---0RD,Shift-overflow counter,1.33,False,False,0,0,0.15,False,False,False,0,57,0.31,False,False,False,170,,,
512,1RB---_1LC1RE_0LE0LD_1LB0LC_1RA0RF_1LC1RB,Shift-overflow counter,1.38,False,False,0,0,0.13,False,False,False,2,42,0.31,False,False,False,173,,,
514,1RB1LD_1RC0RB_1LA1LE_1LC0LA_1LF0RD_1RE---,Shift-overflow counter,1.31,False,False,0,0,0.14,False,False,False,0,38,0.31,False,False,False,289,,,
515,1RB1LC_1LA1RD_1LA0LA_1LD0RE_0RF1RB_---0RC,Shift-overflow counter,1.31,False,False,0,0,0.16,False,False,False,0,95,0.33,False,False,False,3009,,,
517,1RB1RD_1LC0RD_1RE0LD_0RE0LF_0LB0RA_0LC---,Shift-overflow counter,1.23,False,False,0,0,0.15,False,False,False,0,30,0.31,False,False,False,855,,,
516,1RB0RA_1LC1RE_1LD0LC_1RA0LE_1RA0RF_0LC---,Shift-overflow counter,1.26,False,False,0,0,0.15,False,False,False,0,39,0.42,False,False,False,2190,,,
518,1RB1LD_1RC0RB_1LA1LE_1LC0LA_0LF0RD_1RA---,Shift-overflow counter,1.35,False,False,0,0,0.14,False,False,False,0,33,0.31,False,False,False,289,,,
519,1RB1LA_1LC1RD_1LA0LC_1RE0RB_1RF0LE_1RA---,Shift-overflow counter,1.29,False,False,0,0,0.14,False,False,False,0,42,0.09,False,False,False,278,,,
520,1RB1RF_1LC1RE_0LD0LC_1RD0RB_1RA0RB_1RC---,Shift-overflow counter,1.34,False,False,0,0,0.15,False,False,False,0,45,0.34,False,False,False,518,,,
521,1RB1LD_1RC0RB_1LA0LE_1LC0LA_1LF1RB_0LA---,Shift-overflow counter,1.33,False,False,0,0,0.17,False,False,False,0,36,0.33,False,False,False,363,,,
522,1RB1LD_1RC0RB_1LA1RE_1LF0LA_1LA0RD_1LC---,Shift-overflow counter,1.28,False,False,0,0,0.15,False,False,False,0,43,0.38,False,False,False,1263,,,
523,1RB1RE_1LC0LF_1LD0LC_1RA0RB_1RD---_0RA1RE,Shift-overflow counter,1.24,False,False,0,0,0.15,False,False,False,0,39,0.32,False,False,False,309,,,
525,1RB0LB_0RC0LD_1LD1RE_0LA0RB_0RD0RF_0LB---,Shift-overflow counter,1.29,False,False,0,0,0.16,False,False,False,0,32,0.29,False,False,False,2367,,,
526,1RB1RE_1LC1RD_1LA0LC_1RA0RB_0RF0LD_0RB---,Shift-overflow counter,1.29,False,False,0,0,0.15,False,False,False,0,49,0.34,False,False,False,558,,,
527,1RB1LE_1RC0RD_1LD0RE_0LA0LC_1LC1RF_---0RA,Shift-overflow counter,1.28,False,False,0,0,0.15,False,False,False,0,49,0.31,False,False,False,177,,,
524,1RB0RB_1LC0LE_1RD1LB_1RA0RD_1LB0LF_0LB---,Shift-overflow counter,1.31,False,False,0,0,0.18,False,False,False,0,72,0.89,False,False,False,3400,,,
528,1RB1RC_1LC1RE_---1LD_0LE0LD_1RA0RF_1LD1RB,Shift-overflow counter,1.31,False,False,0,0,0.14,False,False,False,0,49,0.31,False,False,False,220,,,
530,1RB1LE_1RC0RB_1LD1RC_1LA1LE_1LF0LA_1LC---,Shift-overflow counter,1.28,False,False,0,0,0.15,False,False,False,0,45,0.09,False,False,False,188,,,
529,1RB1LF_1LC0LD_1LD1RC_1RE1LB_0LA0RE_0LA---,Shift-overflow counter,1.45,False,False,0,0,0.14,False,False,False,0,27,0.31,False,False,False,98,,,
531,1RB0RF_1LC0RD_1RD0LC_1LE---_1RF1LE_1LB1RA,Shift-overflow counter,1.35,False,False,0,0,0.14,False,False,False,0,37,0.31,False,False,False,58,,,
532,1RB1RF_1RC0RF_0RD0LC_1LE1RA_1LC---_0LD0RE,Shift-overflow counter,1.22,False,False,0,0,0.15,False,False,False,0,67,0.32,False,False,False,1779,,,
533,1RB1LA_1LC1RD_1LA0LC_1RE0RB_1RF1RC_1RA---,Shift-overflow counter,1.29,False,False,0,0,0.14,False,False,False,0,46,0.32,False,False,False,808,,,
534,1RB1LD_1RC0RB_1LA1LE_1LC0LA_0LF0RD_0LD---,Shift-overflow counter,1.32,False,False,0,0,0.15,False,False,False,0,53,0.31,False,False,False,294,,,
535,1RB1LA_1LC1RE_1LD0LC_1RA1RA_1RF0RB_1RD---,Shift-overflow counter,1.33,False,False,0,0,0.14,False,False,False,0,35,0.19,False,False,False,495,,,
537,1RB0RE_1LC1RD_1LA0LC_1RA0RB_1RF1LC_1LE---,Shift-overflow counter,1.28,False,False,0,0,0.14,False,False,False,0,45,0.31,False,False,False,319,,,
536,1RB1LD_1LC0RF_1LA1RC_1LE0LA_1LB---_1RC0RF,Shift-overflow counter,1.2,False,False,0,0,0.14,False,False,False,0,33,0.45,False,False,False,529,,,
538,1RB---_1LC1RA_1RE0RD_1LF1RC_1RD1LE_0RB0LF,Shift-overflow counter,1.4,False,False,0,0,0.14,False,False,False,0,27,0.31,False,False,False,187,,,
540,1RB---_1LC1RF_0LF0LD_0RE0LC_1LC1RB_1RA0RE,Shift-overflow counter,1.29,False,False,0,0,0.13,False,False,False,3,51,0.3,False,False,False,252,,,
541,1RB---_1RC0LE_0LD0RF_1LB0RE_0RC0LD_1RD1RA,Shift-overflow counter,1.31,False,False,0,0,0.15,False,False,False,0,33,0.31,False,False,False,498,,,
543,1RB1RE_1LC1RF_1LD0LC_1RA1LD_1RD0RA_0LA---,Shift-overflow counter,1.36,False,False,0,0,0.14,False,False,False,0,29,0.35,False,False,False,762,,,
545,1RB1LD_0RC0LF_1LD1RE_0LA0RB_0RD1RB_0LD---,Shift-overflow counter,1.26,False,False,0,0,0.14,False,False,False,0,27,0.07,False,False,False,174,,,
542,1RB1LA_1LA1RC_1LF1RD_0RE0RB_1RA---_1RE0LF,Shift-overflow counter,1.5,False,False,0,0,0.17,False,False,False,0,47,0.39,False,False,False,3289,,,
544,1RB1LC_1LA1RB_1LD0LA_1RE0LF_1LF0RE_1LA---,Shift-overflow counter,1.3,False,False,0,0,0.14,False,False,False,0,28,0.32,False,False,False,309,,,
546,1RB1LF_1RC0RB_1LD1RC_1LA1LE_0RA0LD_1LC---,Shift-overflow counter,1.32,False,False,0,0,0.14,False,False,False,0,37,0.32,False,False,False,886,,,
547,1RB1LC_1RC0RB_1LD0LF_1LA1LE_1RF0LD_---1RB,Shift-overflow counter,1.31,False,False,0,0,0.14,False,False,False,0,30,0.3,False,False,False,61,,,
548,1RB0RE_1LC1RD_1LA0LC_1RA0RB_1RF1LC_0RB---,Shift-overflow counter,1.29,False,False,0,0,0.14,False,False,False,0,29,0.31,False,False,False,39,,,
549,1RB0LA_1RC---_1LD1RE_1RC1LD_1RF0RC_1LA0RB,Shift-overflow counter,1.27,False,False,0,0,0.14,False,False,False,0,52,0.17,False,False,False,496,,,
550,1RB0RE_1LC1RD_1LA0LC_1RA0RB_0RF1LF_1LA---,Shift-overflow counter,1.25,False,False,0,0,0.14,False,False,False,0,38,0.31,False,False,False,362,,,
551,1RB1LD_1RC0RB_1LA0LE_1LC0LA_0LF1RB_0RD---,Shift-overflow counter,1.28,False,False,0,0,0.14,False,False,False,0,38,0.32,False,False,False,392,,,
552,1RB0RA_1RC0LC_0LD1RF_1RA1LE_1LD0LB_0RE---,Shift-overflow counter,1.29,False,False,0,0,0.16,False,False,False,0,56,0.31,False,False,False,1243,,,
560,1RB1LA_1LA1RC_1RD0RB_1LE0LF_---1LD_0LE1LA,Shift-overflow bouncer counter,1.23,False,False,0,0,0.13,False,False,False,0,77,0.4,False,False,False,3359,,,
562,1RB0LE_0RC0RA_1LD0LC_1LA0LB_1RA1LF_---0LC,Shift-overflow bouncer counter,1.26,False,False,0,0,0.16,False,False,False,0,2573,0.34,False,False,False,913,,,
563,1RB1RF_1LC0RA_---0LD_0LE0LB_1RF1RB_1RE1LF,Shift-overflow bouncer counter,1.39,False,False,0,0,0.14,False,False,False,0,1849,0.07,False,False,False,302,,,
561,1RB1RD_1LC1RA_---1LD_1LE0RA_1LF0LE_0RB0LB,Shift-overflow bouncer counter,1.27,False,False,0,0,0.19,False,False,False,0,83,0.46,False,False,False,6867,,,
564,1RB0LE_1RC---_0RD0RB_1RE0LA_1RF0LF_1LD1RF,Shift-overflow bouncer counter,1.25,False,False,0,0,0.17,False,False,False,0,2271,0.21,False,False,False,4370,,,
566,1RB0LD_1LC1RB_0LA0LD_1LE0RB_1RF0RE_---0RD,Shift-overflow bouncer counter,1.29,False,False,0,0,0.15,False,False,False,0,1267,0.15,False,False,False,672,,,
569,1RB0LE_1RC0LD_1RD1RA_1RE0RB_0LA0RF_1LE---,Shift-overflow bouncer counter,1.33,False,False,0,0,0.15,False,False,False,0,3916,0.17,False,False,False,1433,,,
567,1RB1LF_1LC1RE_1LD1RD_1LA0LB_0RC---_1RC0LD,Shift-overflow bouncer counter,1.34,False,False,0,0,0.16,False,False,False,0,2204,0.42,False,False,False,4948,,,
568,1RB---_0RC0LA_1LD0RB_1LE0RF_1LF1LC_1LB0LD,Shift-overflow bouncer counter,1.29,False,False,0,0,0.14,False,False,False,0,4757,0.54,False,False,False,8605,,,
570,1RB0RB_1RC1RA_0LD1LC_0RA1LE_1LF0LC_---1LA,Shift-overflow bouncer counter,1.34,False,False,0,0,0.16,False,False,False,0,2359,0.81,False,False,False,1076,,,
571,1RB---_1LC1RE_1LA0LD_0RE1LC_1LC1RF_1RB0RD,Shift-overflow bouncer counter,1.34,False,False,0,0,0.13,False,False,False,0,3949,0.13,False,False,False,1082,,,
573,1RB0RE_1LC0RA_1LD0LC_0LE0LB_1RA1RF_0LC---,Shift-overflow bouncer counter,1.26,False,False,0,0,0.23,False,False,False,0,1569,0.06,False,False,False,173,,,
539,1RB1LF_1RC0RB_1RD0RF_1RE---_1LF1LA_1LA0LE,Shift-overflow counter,1.34,False,False,0,0,0.16,False,False,False,0,68,7.85,False,False,False,6648,,,
572,1RB1LE_0RC1RF_1LD1RD_1LA0LB_1RC0LD_0RC---,Shift-overflow bouncer counter,1.32,False,False,0,0,0.15,False,False,False,0,2204,0.43,False,False,False,5588,,,
574,1RB0RB_1LC1RA_1LF0LD_0LE1LD_1LA1LC_---1LA,Shift-overflow bouncer counter,1.33,False,False,0,0,0.16,False,False,False,0,2374,0.33,False,False,False,7412,,,
575,1RB1RC_1LC0RE_1LD0LB_1RA1LC_1RA0RF_---1RE,Shift-overflow bouncer counter,1.25,False,False,0,0,0.17,False,False,False,0,422,0.25,False,False,False,3112,,,
576,1RB0RB_1LC1RA_1LF0LD_0LE1LD_1RA1LC_---1LA,Shift-overflow bouncer counter,1.39,False,False,0,0,0.16,False,False,False,0,1812,0.54,False,False,False,15280,,,
578,1RB0RB_0LC1RA_1RD1LC_1LA1LE_1LF0LD_---0LA,Shift-overflow bouncer counter,1.35,False,False,0,0,0.14,False,False,False,0,386,0.06,False,False,False,52,,,
579,1RB1LB_1RC0LA_1LD1RF_1RB0LE_---1LA_1RD0RD,Shift-overflow bouncer counter,1.24,False,False,0,0,0.15,False,False,False,0,1362,0.24,False,False,False,2113,,,
580,1RB0RA_1RC0RC_1LD1RF_---1LE_1RF0LF_1RA0LE,Shift-overflow bouncer counter,1.21,False,False,0,0,0.16,False,False,False,0,1381,0.23,False,False,False,2016,,,
581,1RB0RA_0RC0RE_1LD1LF_1LE0LC_1RA0LD_0RA---,Shift-overflow bouncer counter,1.25,False,False,0,0,0.22,False,False,False,0,1539,0.07,False,False,False,407,,,
559,1RB1LC_1LA1RB_1LD0LA_1RE0RF_---1RD_0RE1RB,Shift-overflow bouncer counter,1.31,False,False,0,0,0.13,False,False,False,0,99,7.24,False,False,False,4513,,,
582,1RB0LD_1RC0LC_1LA1RC_1RE0LB_1RF---_0RA0RE,Shift-overflow bouncer counter,1.33,False,False,0,0,0.13,False,False,False,0,1442,0.15,False,False,False,1842,,,
584,1RB0LC_1RC1RE_1RD0RA_0LE0RF_1RA0LD_1LD---,Shift-overflow bouncer counter,1.2,False,False,0,0,0.13,False,False,False,0,1931,0.18,False,False,False,2053,,,
583,1RB0LD_0RC1RB_1RD1RF_0LE1LD_1LA1LE_---0RB,Shift-overflow bouncer counter,1.55,False,False,0,0,0.13,False,False,False,0,1093,0.07,False,False,False,115,,,
577,1RB0RD_1LC0RA_1LF1LD_0RE0LC_---1LB_1RB1RC,Shift-overflow bouncer counter,1.52,False,False,0,0,0.19,False,False,False,0,814,1.71,False,False,False,2999,,,
585,1RB1LD_1RC0RC_1LD1RB_1LF0LE_0LA1LE_---1LB,Shift-overflow bouncer counter,1.21,False,False,0,0,0.16,False,False,False,0,1568,0.46,False,False,False,1954,,,
587,1RB1RC_1LC0RA_1RA0LD_0RE0LF_0LB---_0RF0RE,Shift-overflow bouncer counter,1.33,False,False,0,0,0.16,False,False,False,0,830,0.4,False,False,False,1784,,,
586,1RB1LC_1RC1RE_1LD1LF_---0LE_1RB0RB_0LF1LA,Shift-overflow bouncer counter,1.32,False,False,0,0,0.14,False,False,False,0,2171,0.89,False,False,False,1891,,,
591,1RB0LF_1RC---_1LD0RF_1RA0LE_0LD1LD_0RD0RB,Shift-overflow bouncer counter,1.28,False,False,0,0,0.14,False,False,False,0,5019,0.12,False,False,False,585,,,
589,1RB1RC_1LC0RE_1LD0LB_1RA1LC_1RA1RF_---1RD,Shift-overflow bouncer counter,1.29,False,False,0,0,0.18,False,False,False,0,279,0.38,False,False,False,6154,,,
590,1RB1RD_1LC0LC_1RD1LB_1RF0RE_0RA1RE_---1RB,Shift-overflow bouncer counter,1.27,False,False,0,0,0.16,False,False,False,0,1571,0.55,False,False,False,14796,,,
592,1RB0RF_0RC1RD_0LD---_1LE1RA_1LA0LF_0RD0RC,Shift-overflow bouncer counter,1.28,False,False,0,0,0.15,False,False,False,0,2052,0.14,False,False,False,965,,,
593,1RB1LC_0LA0RD_1LA0LA_0RF1RE_1LA1RB_---0RB,Shift-overflow bouncer counter,1.23,False,False,0,0,0.21,False,False,False,0,3191,0.27,False,False,False,1169,,,
588,1RB1RE_1LC1LA_1RA0LD_1LC0LE_0LF0RA_---1RC,Shift-overflow bouncer counter,1.36,False,False,0,0,0.15,False,False,False,0,800,1.73,False,False,False,2350,,,
565,1RB1LE_1LC0RF_1LA0RD_1LC1RC_1LB0LB_---1RD,Shift-overflow bouncer counter,1.34,False,False,0,0,0.15,False,False,False,0,2024,9.7,False,False,False,848,,,
594,1RB0RB_1LC1RA_0LE1LD_0RE1LF_---1LA_1LD0LC,Shift-overflow bouncer counter,1.45,False,False,0,0,0.15,False,False,False,0,1097,0.31,False,False,False,7225,,,
597,1RB0RD_1LC1RE_1LA0LD_0RE0RF_1LC1RA_0LE---,Shift-overflow bouncer counter,1.27,False,False,0,0,0.15,False,False,False,0,3949,0.15,False,False,False,1069,,,
598,1RB1RC_1LC0RE_1LD0LB_1RA1LC_1RA0RF_---0RC,Shift-overflow bouncer counter,1.23,False,False,0,0,0.17,False,False,False,0,363,0.19,False,False,False,2188,,,
596,1RB1LB_1RC0RD_0LA1RE_0RF1LC_1LA0RB_---1LC,Shift-overflow bouncer counter,1.28,False,False,0,0,0.15,False,False,False,0,2359,0.37,False,False,False,4976,,,
602,1RB---_1LC0LC_1RD1LB_1LE1RD_0LA1LF_1LD0RF,Shift-overflow structural counter,1.32,False,False,0,0,0.27,False,False,False,0,633,0.11,False,False,False,752,,,
605,1RB0RC_1RC0LD_1LD1RA_1LF0LE_---0RD_1LB0LA,Shift-overflow structural counter,1.21,False,False,0,0,0.27,False,False,False,4,646,0.06,False,False,False,61,,,
595,1RB0RB_1LC1RA_0LF0LD_1LE1RB_1RA1LC_---1LA,Shift-overflow bouncer counter,1.36,False,False,0,0,0.16,False,False,False,0,2383,1.73,False,False,False,1329,,,
603,1RB1LE_0LC1RE_---1LD_0RD1LA_0RF1RF_1RA0LB,Shift-overflow structural counter,1.22,False,False,0,0,0.25,False,False,False,0,224,0.48,False,False,False,3334,,,
604,1RB0RC_1LC0RD_1RA1LD_0LB1LE_1LB0LF_---0LB,Shift-overflow structural counter,1.36,False,False,0,0,0.38,False,False,False,5,1686,0.08,False,False,False,268,,,
608,1RB1RA_1RC1RC_1LD1RE_1RA0LC_0RB0RF_---0RC,Shift-overflow structural counter,1.26,False,False,0,0,0.15,False,False,False,0,2023,0.11,False,False,False,336,,,
606,1RB0LE_0RC0RE_1LD1RA_0LA0RF_0RC0RD_1RB---,Shift-overflow structural counter,1.26,False,False,0,0,0.16,False,False,False,0,1257,0.24,False,False,False,2374,,,
607,1RB1LF_1LC1RB_1LF1LD_1LE0RD_1LB---_1LA0LA,Shift-overflow structural counter,1.29,False,False,0,0,0.29,False,False,False,0,1585,0.11,False,False,False,1162,,,
609,1RB1LF_1LC1RB_1LE1LD_1LB0RD_1LF---_1LA0LA,Shift-overflow structural counter,1.32,False,False,0,0,0.21,False,False,False,0,1474,0.08,False,False,False,326,,,
610,1RB0LC_1LA0LF_1LD---_1RE0RA_1RF0RE_1LB0RD,Shift-overflow structural counter,1.35,False,False,0,0,0.16,False,False,False,0,1314,0.14,False,False,False,1309,,,
612,1RB0RE_1LC0RA_0LD1LB_1LA1LF_0LB0RD_0LB---,Shift-overflow structural counter,1.26,False,False,0,0,0.18,False,False,False,0,173,0.43,False,False,False,8341,,,
611,1RB1LA_1RC1RE_1RD0RD_1LA1RC_1RF0LE_1RA---,Shift-overflow structural counter,1.3,False,False,0,0,0.21,False,False,False,0,1465,0.38,False,False,False,7631,,,
616,1RB0RE_1RC1LC_1LD1RE_1LB0LC_0RF0RA_---1RC,Shift-overflow structural counter,1.27,False,False,0,0,0.19,False,False,False,0,1654,0.08,False,False,False,296,,,
613,1RB0LF_1LC0RE_0LA1RD_---1RE_1RC1RA_0RB1RF,Shift-overflow structural counter,1.25,False,False,0,0,0.17,False,False,False,0,1452,0.44,False,False,False,697,,,
614,1RB---_0RC1RA_1RD1RF_1LE0LF_1RB0LD_0RE0LC,Shift-overflow structural counter,1.33,False,False,0,0,0.16,False,False,False,0,228,0.39,False,False,False,6973,,,
615,1RB1RF_1LC0LF_1RD0LB_0RA1RE_1RD---_0RC0LA,Shift-overflow structural counter,1.35,False,False,0,0,0.18,False,False,False,0,235,0.41,False,False,False,6981,,,
617,1RB1LC_0RC0LF_1LD0RE_0LA0LE_0LA0LB_1LD---,Shift-overflow structural counter,1.26,False,False,0,0,0.16,False,False,False,0,1452,0.17,False,False,False,1784,,,
618,1RB1RF_1RC---_1RD0RD_1LE1RC_1RA1LE_1RE0LF,Shift-overflow structural counter,1.32,False,False,0,0,0.17,False,False,False,0,162,0.13,False,False,False,1405,,,
620,1RB0RD_1RC1RF_0LA1RA_0RE0RC_1LE1LB_---0LE,Shift-overflow structural counter,1.3,False,False,0,0,0.17,False,False,False,0,5161,0.35,False,False,False,3877,,,
621,1RB1LE_0RC1RC_0RD0RB_1RE0RF_1LA0LE_---1RB,Chaotic Fractal Type 1,1.33,False,False,0,0,0.38,False,False,False,22,36455,0.07,False,False,False,58,,,
622,1RB0LF_1LC0RB_0LD1LA_0RA1LE_0LA0RA_1LA---,Chaotic Fractal Type 1,1.29,False,False,0,0,0.42,False,False,False,0,1972,0.07,False,False,False,62,,,
619,1RB0LD_0RC1RA_1RD1RF_1LA0LE_0RA0LC_0RA---,Shift-overflow structural counter,1.4,False,False,0,0,0.16,False,False,False,0,228,0.41,False,False,False,7803,,,
623,1RB0LA_0RC1RD_0LD1RE_1LA0RF_0RD0LD_1RD---,Chaotic Fractal Type 1,1.46,False,False,0,0,0.4,False,False,False,0,1972,0.07,False,False,False,154,,,
624,1RB0RE_0RC0RA_1LD1RF_1LA0LD_1RA0LC_1RE---,Chaotic Fractal Type 1,1.31,False,False,0,0,0.18,False,False,False,15,1635,0.63,False,False,False,15836,,,
626,1RB---_1LC0RA_1LD0LC_1RE0RF_0RB0RD_1RD0LB,Chaotic Fractal Type 1,1.31,False,False,0,0,0.19,False,False,False,61,110202,0.08,False,False,False,516,,,
625,1RB0LD_1RC0RA_0RD0RB_1LE1RF_1LB0LE_1RA---,Chaotic Fractal Type 1,1.22,False,False,0,0,0.19,False,False,False,22,3915,0.67,False,False,False,14365,,,
627,1RB0LF_1RC0RB_1LD0LE_0LA0LC_1LC0RA_1LA---,Chaotic Fractal Type 1,1.29,False,False,0,0,0.19,False,False,False,61,221295,0.09,False,False,False,892,,,
628,1RB0RA_1LC0LE_0LD0LB_1RA0LF_1LB0RD_1LD---,Chaotic Fractal Type 1,1.38,False,False,0,0,0.24,False,False,False,90,424654,0.09,False,False,False,582,,,
631,1RB0RE_0RC0RA_1LD0RF_1LA0LD_1RA0LC_1RC---,Chaotic Fractal Type 1,1.28,False,False,0,0,0.25,False,False,False,89,338626,0.08,False,False,False,368,,,
629,1RB0RA_1LC0LE_0LD0LB_1RA1LE_1LB0RF_1RA---,Chaotic Fractal Type 1,1.3,False,False,0,0,0.18,False,False,False,34,5596,0.6,False,False,False,20426,,,
630,1RB1LF_1RC0RB_1LD0LE_0LA0LC_1LC0RA_1LE---,Chaotic Fractal Type 1,1.31,False,False,0,0,0.21,False,False,False,22,4326,0.74,False,False,False,13155,,,
634,1RB0RE_0RC0RA_1LD0RF_1LA0LD_1RA0LC_0RD---,Chaotic Fractal Type 1,1.25,False,False,0,0,0.16,False,False,False,29,2899,0.09,False,False,False,773,,,
632,1RB1LE_1RC0RB_1LD0LE_0LA0LC_1LC0RF_1RB---,Chaotic Fractal Type 1,1.34,False,False,0,0,0.17,False,False,False,29,9786,0.5,False,False,False,16557,,,
633,1RB0RA_1LC0LE_0LD0LB_1RA0LF_1LB0RD_0RC---,Chaotic Fractal Type 1,1.3,False,False,0,0,0.17,False,False,False,30,6273,0.63,False,False,False,17961,,,
635,1RB---_1RC0LE_1RD0RB_0RE0RC_1LF1RA_1LC0LF,Chaotic Fractal Type 1,1.36,False,False,0,0,0.19,False,False,False,23,4307,0.63,False,False,False,14320,,,
636,1RB0LF_1RC0RA_0RD0RB_1LE1RA_1LB0LE_1LE---,Chaotic Fractal Type 1,1.36,False,False,0,0,0.2,False,False,False,31,10909,0.45,False,False,False,18010,,,
638,1RB0RA_1LC1RA_0LD1LD_0LE0LC_1LA0LF_---1LC,Chaotic Fractal Type 1,1.33,False,False,0,0,0.32,False,False,False,25,84583,0.06,False,False,False,52,,,
637,1RB0RE_0RC0RA_1LD1RE_1LA0LD_1RA0LF_1LD---,Chaotic Fractal Type 1,1.26,False,False,0,0,0.2,False,False,False,55,639102,0.6,False,False,False,16867,,,
641,1RB0RF_0LC0RA_1LE1RD_0RC---_1LA0LE_1RA0LC,Chaotic Fractal Type 1,1.3,False,False,0,0,0.19,False,False,False,18,35051,0.08,False,False,False,623,,,
639,1RB0LF_1RC0RB_1LD0LE_0LA0LC_1LC0RA_0RD---,Chaotic Fractal Type 1,1.36,False,False,0,0,0.26,False,False,False,28,2583,0.34,False,False,False,7501,,,
640,1RB0LF_1RC0RA_0RD0RB_1LE0RF_1LB0LE_1LE---,Chaotic Fractal Type 1,1.36,False,False,0,0,0.3,False,False,False,31,2175,0.38,False,False,False,6026,,,
644,1RB0RE_0RC---_1LD0LE_1RA0LD_1LC1RF_1RD1LA,Chaotic Fractal Others,1.3,False,False,0,0,0.14,False,False,False,0,175,0.07,False,False,False,237,,,
642,1RB0RA_1LC0LE_0LD0LB_1RA1LF_1LB0RD_1LE---,Chaotic Fractal Type 1,1.25,False,False,0,0,0.17,False,False,False,17,1673,0.78,False,False,False,16453,,,
643,1RB0RE_1RC---_0LD1LE_0RE1LD_1RF0LC_0RA1RE,Chaotic Fractal Others,1.37,False,False,0,0,0.17,False,False,False,0,1138,0.07,False,False,False,150,,,
646,1RB1LF_1RC1RB_1RD0RB_0LE0LF_---1LD_0LE1LA,Chaotic Fractal Others,1.23,False,False,0,0,0.13,False,False,False,0,330,0.08,False,False,False,838,,,
645,1RB0RF_0LC---_1LE1LD_1RE0LA_1RA0RD_1LB1RD,Chaotic Fractal Others,1.31,False,False,0,0,0.19,False,False,False,33,1211,0.45,False,False,False,12589,,,
649,1RB1LC_1RC0LB_1RD0RF_0RE---_1LB0LF_1LE1RA,Chaotic Fractal Others,1.22,False,False,0,0,0.14,False,False,False,0,184,0.08,False,False,False,267,,,
648,1RB1LF_0RC---_1RD1RF_1LE0LF_1LB0LA_1LD0RE,Chaotic Fractal Others,1.21,False,False,0,0,0.19,False,False,False,35,1459,0.44,False,False,False,11968,,,
647,1RB0LC_1RC0RA_1RD0RF_0LE---_1LB1LA_1LD1RA,Chaotic Fractal Others,1.27,False,False,0,0,0.19,False,False,False,36,1030,0.44,False,False,False,12174,,,
650,1RB0LA_1RC0RE_0RD---_1LA0LD_1LD1RF_1RA1LB,Chaotic Fractal Others,1.26,False,False,0,0,0.14,False,False,False,0,110,0.19,False,False,False,2027,,,
651,1RB---_0LC1LD_0RD1LC_1RE0LB_0RF1RD_1RA0RD,Chaotic Fractal Others,1.43,False,False,0,0,0.18,False,False,False,0,1222,0.07,False,False,False,20,,,
652,1RB0LA_1RC0RE_0RD---_1LA1LF_1LD1RF_1RA1LB,Chaotic Fractal Others,1.35,False,False,0,0,0.14,False,False,False,0,84,0.24,False,False,False,2986,,,
658,1RB0RE_1RC0RE_1LD1RB_1LA0LA_1RF0LC_---0RC,Spaghetti,1.18,False,False,0,0,0.23,False,False,False,0,319,0.34,False,False,False,6542,,,
659,1RB0RD_0LC1LD_1RA1LA_1RE1LB_---0RF_1RA1RF,Spaghetti,1.27,False,False,0,0,0.16,False,False,False,2,217,0.36,False,False,False,7281,,,
661,1RB0LC_0LA1RD_1LA0RE_1RE0RF_1LF---_1LB1RF,Spaghetti,1.2,False,False,0,0,0.22,False,False,False,0,159,0.12,False,False,False,983,,,
662,1RB0LA_0RC1LF_0RD0LA_1LD0LE_1RB1LF_---1LA,Spaghetti,1.25,False,False,0,0,0.14,False,False,False,0,134,0.34,False,False,False,5439,,,
660,1RB1RA_1LC0LF_1RA1LD_1LB1LE_1LC0LC_---0RA,Spaghetti,1.37,False,False,0,0,0.47,False,False,False,0,762,0.34,False,False,False,5297,,,
664,1RB0RF_1LC1RD_1LA1LC_1RA1RE_0RB0LD_---0LC,Spaghetti,1.23,False,False,0,0,0.17,False,False,False,0,205,0.34,False,False,False,5827,,,
663,1RB0LE_0LC0RF_1LD1LC_1RA0RD_0LA1LA_1RD---,Spaghetti,1.25,False,False,0,0,0.19,False,False,False,0,206,0.42,False,False,False,7033,,,
666,1RB0RC_1LC0RB_1RE1LD_0LB0LF_---0RA_1LB0RC,Spaghetti,1.29,False,False,0,0,0.24,False,False,False,0,168,0.09,False,False,False,400,,,
665,1RB0RA_1LC0RD_---0LD_1LE1LF_1RA1LB_1RC0LD,Spaghetti,1.28,False,False,0,0,0.22,False,False,False,0,443,0.66,False,False,False,5224,,,
667,1RB1LA_1RC1RD_0LA0LD_1RE1LC_0RF0LF_---0RA,Spaghetti,1.27,False,False,0,0,0.17,False,False,False,0,139,0.44,False,False,False,3432,,,
668,1RB1LE_0RC0RA_0RD1RF_1LD1LA_0LA0LE_0LB---,Spaghetti,1.34,False,False,0,0,0.17,False,False,False,0,173,0.36,False,False,False,6856,,,
669,1RB0RF_1LC1RD_1LA1LC_1RA1RE_1RB0RB_---0LC,Spaghetti,1.26,False,False,0,0,0.13,False,False,False,0,179,0.33,False,False,False,5145,,,
670,1RB0RC_1LC0RB_1RE1LD_0LB0LF_---0RA_1LB1LD,Spaghetti,1.2,False,False,0,0,0.23,False,False,False,0,178,0.09,False,False,False,418,,,
672,1RB0RF_1RC1RE_0LD---_1LE1LD_1RF0RF_0RA0LB,Spaghetti,1.29,False,False,0,0,0.18,False,False,False,0,351,0.46,False,False,False,4042,,,
673,1RB0LD_1LC0RE_---1LD_1LE1LA_1RA0LF_1LC1RE,Spaghetti,1.3,False,False,0,0,0.2,False,False,False,0,177,0.36,False,False,False,3889,,,
671,1RB1RA_1LC0LF_1RA1LD_1LB1LE_0LC0RD_---0RA,Spaghetti,1.3,False,False,0,0,0.4,False,False,False,0,970,0.33,False,False,False,5110,,,
674,1RB0LB_1RC1LE_1LD0RF_---1LB_0LA0LC_1LB1RA,Spaghetti,1.22,False,False,0,0,0.18,False,False,False,24,236,0.37,False,False,False,6891,,,
682,1RB1RA_1LC0RC_---0LD_0LE0RF_1RE0RA_0LF1LB,Cubic Mess,1.2,False,False,0,0,0.16,False,False,False,73,328,0.12,False,False,False,382,,,
675,1RB1RE_1RC0RF_1LD1RA_1LB1LD_1RC0RC_---0LD,Spaghetti,1.23,False,False,0,0,0.14,False,False,False,0,158,0.33,False,False,False,5621,,,
681,1RB0RB_1RC0LE_1LD1LA_---0LC_1RF1LE_1RA0RA,Cubic Mess,1.35,False,False,0,0,0.18,False,False,False,43,256,0.12,False,False,False,1242,,,
685,1RB0LE_1LC1RA_1RA1LD_0LC0LA_0RE1RF_0RC---,Cubic Mess,1.21,False,False,0,0,0.14,False,False,False,4,505,0.08,False,False,False,401,,,
684,1RB1LA_1RC0RF_1RD---_0LE1RB_---0LA_1LD1RF,Cubic Mess,1.41,False,False,0,0,0.15,False,False,False,38,552,0.1,False,False,False,498,,,
683,1RB0LE_0RC0RD_1LC0RB_0RE1RD_1LF1LE_0LA---,Cubic Mess,1.41,False,False,0,0,0.96,False,False,False,0,158,0.11,False,False,False,893,,,
686,1RB---_0RC0RD_1LD1RB_0LE0LC_1RA0LF_1LD1LE,Cubic Mess,1.36,False,False,0,0,0.14,False,False,False,4,1080,0.17,False,False,False,997,,,
687,1RB1RF_1LC1LF_0RE1LD_0LB1LD_---1RC_1RA0RD,Cubic Mess,1.25,False,False,0,0,0.58,False,False,False,0,714,0.07,False,False,False,67,,,
688,1RB1LC_1LC1RD_1LA0LB_0RB1RE_1RF0RA_---0RC,Cubic Mess,1.29,False,False,0,0,0.43,False,False,False,3,692,0.07,False,False,False,97,,,
689,1RB1RD_0LC1RA_0RA1LC_1RA1LE_1RF0LD_---0RE,Cubic Mess,1.26,False,False,0,0,0.63,False,False,False,0,1438,0.07,False,False,False,217,,,
690,1RB1RF_0LC0RF_1RD1LC_---0LE_0RC1LF_1RA0LE,Cubic Mess,1.41,False,False,0,0,0.51,False,False,False,0,743,0.12,False,False,False,1247,,,
692,1RB0LD_0RC1RB_0RD0RA_1LE0RD_1LF---_0LA1LA,Cubic Mess,1.26,False,False,0,0,0.15,False,False,False,9,728,0.06,False,False,False,19,,,
693,1RB0RC_1LC1RE_1RA1LD_0LC0LA_1RF1RD_---0RD,Cubic Mess,1.43,False,False,0,0,0.15,False,False,False,23,1055,0.07,False,False,False,87,,,
694,1RB1LA_0RC1RD_1LC0LA_1LE1RE_0RB0LF_---0LD,Cubic Mess,1.4,False,False,0,0,0.14,False,False,False,5,618,0.07,False,False,False,176,,,
691,1RB1LA_1LC0RE_1LF1LD_0RB0LA_1RC1RE_---0LD,Cubic Mess,1.62,False,False,0,0,0.22,False,False,False,1,-2,0.08,False,False,False,116,,,
695,1RB---_0RC0LD_1LB1RC_0LE0LF_1RD1LE_1RF1RA,Cubic Mess,1.29,False,False,0,0,0.14,False,False,False,18,325,0.2,False,False,False,2146,,,
696,1RB0LE_0RC1RB_1LC1RD_1RF0LA_0RD1LE_1RB---,Cubic Mess,1.44,False,False,0,0,0.16,False,False,False,23,431,0.11,False,False,False,620,,,
697,1RB0RF_1LC0RD_0LD0LC_1RE0RF_0RB---_1LB1RA,Cubic Mess,1.32,False,False,0,0,0.19,False,False,False,177,263,0.09,False,False,False,574,,,
698,1RB1LF_1RC1RF_0LD1RE_---1LC_0RB1RE_1LA0LE,Cubic Mess,1.32,False,False,0,0,0.58,False,False,False,0,558,0.19,False,False,False,1308,,,
701,1RB1LB_1RC---_1LD1LF_1LE0LD_0LA1RF_1LC0RE,Cubic Mess,1.28,False,False,0,0,0.14,False,False,False,18,1636,0.07,False,False,False,240,,,
700,1RB0LA_0RC---_0RD0RF_1LD0LE_0LA1LE_1RA0RE,Cubic Mess,1.21,False,False,0,0,0.16,False,False,False,65,705,0.35,False,False,False,6169,,,
702,1RB0RE_1RC0LD_1LD0RF_0LB0LA_1LC1RE_---0RE,Cubic Mess,1.26,False,False,0,0,0.16,False,False,False,31,571,0.43,False,False,False,7661,,,
705,1RB1LA_1LC0RA_0LF0LD_1RE1LD_1RE0RB_---0LC,Cubic Mess,1.31,False,False,0,0,0.16,False,False,False,46,510,0.12,False,False,False,542,,,
704,1RB0RE_0RC---_1LD0RA_0LA0LD_1LC1RF_1RC0RE,Cubic Mess,1.31,False,False,0,0,0.19,False,False,False,186,187,0.21,False,False,False,3478,,,
703,1RB1RD_0LC1RA_1LA1LC_1RA1LE_1RF0LD_---0RE,Cubic Mess,1.27,False,False,0,0,0.56,False,False,False,0,1091,0.07,False,False,False,385,,,
699,1RB0LD_1LC1RA_1RA1LC_1LE1LA_0RF1LD_---1RE,Cubic Mess,1.36,False,False,0,0,1.59,False,False,False,1,1459,0.06,False,False,False,93,,,
706,1RB1RC_1LC0LE_1RD1RC_1LB0RA_---0LF_1RD1LF,Cubic Mess,1.43,False,False,0,0,0.15,False,False,False,25,604,0.11,False,False,False,777,,,
707,1RB1RA_1RC---_1RD0LD_1LE1RF_0RA1LD_0RC0LC,Cubic Mess,1.26,False,False,0,0,0.17,False,False,False,0,86,0.37,False,False,False,10146,,,
709,1RB1LA_1LC0RE_---0LD_1LA0LF_1RA1RE_1LA0LB,Cubic Mess,1.38,False,False,0,0,0.16,False,False,False,36,366,0.07,False,False,False,174,,,
708,1RB1RA_0LC0RE_1LF1LD_1LA0LA_1LC1RB_---1LC,Cubic Mess,1.24,False,False,0,0,0.73,False,False,False,0,561,0.07,False,False,False,99,,,
711,1RB1LD_0RC0RF_1LC0LA_0LE1LD_1LA---_0RB0LF,Cubic Mess,1.18,False,False,0,0,0.13,False,False,False,24,814,0.34,False,False,False,3161,,,
710,1RB0LD_1RC1RF_0RD1RA_1LE1RC_0LA0LD_0RC---,Cubic Mess,1.32,False,False,0,0,0.18,False,False,False,0,199,0.33,False,False,False,4776,,,
712,1RB---_1RC0LD_0LB0RE_1LB1LC_1RD1RF_1RD1RA,Cubic Mess,1.42,False,False,0,0,0.17,False,False,False,0,180,0.38,False,False,False,3223,,,
713,1RB1RD_0LC1RA_1RA1LC_0RB1LE_1RF0LD_---0RE,Cubic Mess,1.25,False,False,0,0,0.42,False,False,False,1,697,0.09,False,False,False,981,,,
714,1RB1RA_1LC1LD_1LD0LB_1RE0RF_---1RD_1RA1RB,Cubic Mess,1.24,False,False,0,0,0.16,False,False,False,46,693,0.29,False,False,False,1555,,,
715,1RB0LA_0RC0RF_0RD0RA_1LD0LE_0LA1LE_---1LB,Cubic Mess,1.29,False,False,0,0,0.15,False,False,False,43,985,0.35,False,False,False,6136,,,
716,1RB1LA_1LA0RC_1RD1RC_1LE0RC_---0LF_1LE0LA,Cubic Mess,1.42,False,False,0,0,0.17,False,False,False,93,292,0.07,False,False,False,77,,,
717,1RB0LF_1RC1RA_0RD0RB_1LE---_0LA1LE_1RD1LA,Cubic Mess,1.37,False,False,0,0,0.4,False,False,False,0,839,0.07,False,False,False,175,,,
718,1RB0LA_0RC---_0RD0RF_1LD0LE_0LA1LE_0RA0LA,Cubic Mess,1.22,False,False,0,0,0.15,False,False,False,49,894,0.35,False,False,False,5862,,,
719,1RB0RB_1RC0RD_1LD1RC_1RF0LE_1LC1LE_---0RA,Cubic Mess,1.25,False,False,0,0,0.16,False,False,False,24,409,0.23,False,False,False,3033,,,
720,1RB0LC_1LC0RE_1LD1LC_1LA1RD_---0RF_0LB0RD,Cubic Mess,1.47,False,False,0,0,0.17,False,False,False,37,546,0.17,False,False,False,1968,,,
721,1RB0LC_1RC0RF_1LA0LD_0LE0RA_0RB1LD_0LA---,Cubic Mess,1.23,False,False,0,0,0.15,False,False,False,20,604,0.35,False,False,False,3718,,,
722,1RB1RD_1LC0LE_1RA0LB_1RB---_0LF0RC_0RA1LE,Cubic Mess,1.23,False,False,0,0,0.14,False,False,False,24,480,0.36,False,False,False,4325,,,
724,1RB0LE_0RC0RB_1LD0LD_1RA1LC_---1LF_1LA0LC,Cubic Mess,1.3,False,False,0,0,0.15,False,False,False,34,897,0.07,False,False,False,47,,,
723,1RB0LC_1LC0RE_1LD1LC_1LA1RD_1RF1RB_---0RB,Cubic Mess,1.41,False,False,0,0,0.13,False,False,False,20,909,0.06,False,False,False,18,,,
727,1RB1RF_1RC0RB_0RD1LF_1LE1RE_1LA---_1RA0LC,Cubic Mess,1.3,False,False,0,0,0.14,False,False,False,24,1971,0.07,False,False,False,373,,,
725,1RB0RE_1LC0RA_1LA1LD_1LA---_0RF0LB_0LD1RE,Cubic Mess,1.22,False,False,0,0,0.14,False,False,False,20,488,0.37,False,False,False,4765,,,
726,1RB1RF_0RC1RE_1LD1RB_0LE0LC_1RA0LC_0RB---,Cubic Mess,1.39,False,False,0,0,0.18,False,False,False,0,195,0.34,False,False,False,5422,,,
730,1RB1LA_1LC0RE_---0LD_1RE0LF_1RA1RE_1LA0LB,Cubic Mess,1.41,False,False,0,0,0.15,False,False,False,29,378,0.08,False,False,False,339,,,
728,1RB1LE_1RC1RA_0LD1RB_1LE1LD_1RF0LA_---0RE,Cubic Mess,1.25,False,False,0,0,0.72,False,False,False,0,765,0.08,False,False,False,563,,,
731,1RB1RA_1LC0RC_1RE0LD_0RE0LF_1RA---_1RB1LF,Cubic Mess,1.45,False,False,0,0,0.15,False,False,False,25,604,0.1,False,False,False,577,,,
732,1RB0LD_1LC1RD_0LE1LA_0RB1RD_---0LF_1RA1LF,Cubic Mess,1.45,False,False,0,0,0.15,False,False,False,25,497,0.14,False,False,False,1118,,,
729,1RB1RA_1LC1LB_1RE0LD_1RA0LB_---0RF_1RC0RA,Cubic Mess,1.42,False,False,0,0,0.82,False,False,False,0,154,0.07,False,False,False,68,,,
734,1RB1RD_0RC0RD_0LD1LE_1LC0RB_1LF---_1LA0LE,Cubic Mess,1.21,False,False,0,0,0.16,False,False,False,37,284,0.16,False,False,False,826,,,
733,1RB1RA_1RC1LB_1LD0RA_---0LE_1LC0LF_1RE0LB,Cubic Mess,1.42,False,False,0,0,0.17,False,False,False,26,561,0.15,False,False,False,1432,,,
735,1RB1LA_0RC0RD_1LC1LA_1RE1RD_1LF0LA_---0LE,Cubic Mess,1.45,False,False,0,0,0.14,False,False,False,6,583,0.07,False,False,False,72,,,
736,1RB1RA_1RC1LB_1LD0RA_1LB0LE_1LF1LD_---0LD,Cubic Mess,1.4,False,False,0,0,0.14,False,False,False,26,582,0.06,False,False,False,44,,,
737,1RB1RA_1RC1LB_1LD0RA_1LA0LE_---0LF_0RC0LB,Cubic Mess,1.42,False,False,0,0,0.15,False,False,False,37,537,0.08,False,False,False,228,,,
738,1RB0LC_1LA1RB_0LD1LC_1RE1LF_0RE0RB_---0LE,Cubic Mess,1.33,False,False,0,0,0.14,False,False,False,40,309,0.08,False,False,False,152,,,
747,1RB1RE_1LC0RA_0RD1LB_---1RC_1LF1RE_0LB0LE,Quadratic Mess,1.55,False,False,0,0,0.13,False,False,False,1,-2,0.1,False,False,False,889,,,
751,1RB1LE_1LB1LC_1RD0LE_---0RB_1RF1LA_0RA0RD,Quadratic Mess,1.35,False,False,0,0,0.14,False,False,False,11,-2,0.06,False,False,False,21,,,
748,1RB0LD_1LC0RA_1RA1LB_1LA1LE_1RF0LC_---0RE,Quadratic Mess,1.41,False,False,0,0,0.89,False,False,False,0,735100873,0.08,False,False,False,502,,,
749,1RB---_1RC1LE_0RD0RF_0RE0LA_1LF0LB_1LA1LD,Quadratic Mess,1.24,False,False,0,0,0.82,False,False,False,1,78646499,0.07,False,False,False,96,,,
752,1RB0RF_1RC1RF_1LD0LE_---1LC_1RA1LE_1LC1RB,Quadratic Mess,1.38,False,False,0,0,0.13,False,False,False,6,-2,0.1,False,False,False,537,,,
754,1RB0RB_1LB0LC_1RD1LC_1RE0RA_0RF1RA_---1LB,Quadratic Mess,1.25,False,False,0,0,0.14,False,False,False,10,2749006586,0.06,False,False,False,23,,,
753,1RB1LD_1RC0RA_1LA1RE_0LA0LB_0RB1RF_---1RD,Quadratic Mess,1.33,False,False,0,0,0.14,False,False,False,8,119819571,0.07,False,False,False,148,,,
758,1RB1RE_0RC---_1RD0RD_1LE0LF_1RA0LD_1LC1RB,Quadratic Mess,1.26,False,False,0,0,0.15,False,False,False,40,470906,0.08,False,False,False,454,,,
750,1RB1LE_1LC0RA_0RF0LD_1LE1LA_1RC0LB_---1RC,Quadratic Mess,1.26,False,False,0,0,2.15,False,False,False,0,2036,0.06,False,False,False,45,,,
757,1RB1LD_1LC1RE_1RA0LB_1LF1LA_0RB0RC_---0RE,Quadratic Mess,1.44,False,False,0,0,0.17,False,False,False,32,12955618,0.08,False,False,False,280,,,
759,1RB0RF_1LC0RA_1LD1LB_0LE---_1LA0LA_1RE1LD,Quadratic Mess,1.25,False,False,0,0,0.15,False,False,False,35,338224,0.07,False,False,False,409,,,
755,1RB1RE_1LC0RA_1RD0LB_1LB1RC_1LF0RD_---0LE,Quadratic Mess,2.15,False,False,0,0,0.68,False,False,False,0,-2,0.06,False,False,False,257,,,
760,1RB1RF_1LC0LA_---0LD_1LE1RB_0RA0LB_1RE0RE,Quadratic Mess,1.22,False,False,0,0,0.24,False,False,False,174,492092613,0.42,False,False,False,8315,,,
761,1RB0LC_0LC1RF_1LE1RD_0RC1RC_0LA1LA_---1RA,Quadratic Mess,1.37,False,False,0,0,0.18,False,False,False,31,-2,0.37,False,False,False,6870,,,
756,1RB1LC_1RC0LD_1LA0RB_1LB1LE_1RF0LA_---0RE,Quadratic Mess,1.85,False,False,0,0,0.85,False,False,False,0,178612420,0.06,False,False,False,300,,,
764,1RB0RC_1RC---_1LD1RE_1LE0LD_1RA0LF_0RC0RB,Quadratic Mess,1.26,False,False,0,0,0.19,False,False,False,99,30783,0.09,False,False,False,425,,,
762,1RB0LF_1LC0LD_1RD1LB_---1RE_0RA1RE_1LA0LE,Quadratic Mess,1.28,False,False,0,0,0.84,False,False,False,0,-2,0.11,False,False,False,573,,,
768,1RB1LF_0RC1RD_1LA1LD_1LE0RA_---1LC_0LA1LA,Quadratic Mess,1.27,False,False,0,0,0.17,False,False,False,0,-2,0.22,False,False,False,3505,,,
769,1RB0RE_1LC0LE_---1LD_1LE1LB_1RA0LF_0RD1LA,Quadratic Mess,1.21,False,False,0,0,0.13,False,False,False,0,162,0.35,False,False,False,4489,,,
767,1RB1RF_0RC1LE_0RD---_1LE0RE_1LF0RA_1RE0LB,Quadratic Mess,2.2,False,False,0,0,0.28,False,False,False,0,3417,0.07,False,False,False,344,,,
765,1RB1RF_1LC1LF_---1LD_1LE0RA_1RE1LB_1RD0LD,Quadratic Mess,2.87,False,False,0,0,0.22,False,False,False,109,225178,0.07,False,False,False,307,,,
770,1RB1RE_0LC0LF_0LA0LD_1LE1LC_1RA0LB_---0RE,Quadratic Mess,1.28,False,False,0,0,0.21,False,False,False,0,341,0.43,False,False,False,9593,,,
763,1RB0LC_1RC1RF_1LD0RA_1LE0LD_1RC0LA_0LA---,Quadratic Mess,1.96,False,False,0,0,1.6,False,False,False,0,1246413,0.08,False,False,False,699,,,
771,1RB0LD_1RC1RE_1LA0RA_1LE1LC_1RF1RC_---1RA,Quadratic Mess,1.36,False,False,0,0,0.23,False,False,False,122,188568,0.07,False,False,False,334,,,
772,1RB1RE_0LC1RF_---1LD_1LE0LD_1LA1LB_1RE0RA,Quadratic Mess,1.22,False,False,0,0,0.21,False,False,False,0,466,0.48,False,False,False,16226,,,
766,1RB0LD_1LC0RD_1LA0LC_1RE0LB_1RB1RF_0LD---,Quadratic Mess,1.3,False,False,0,0,2.75,False,False,False,0,4885321,0.07,False,False,False,316,,,
777,1RB0RE_1LC1LF_1RA0LD_1LB1LA_1RB1RC_---0LA,Quadratic Mess,1.34,False,False,0,0,0.2,False,False,False,108,938,0.06,False,False,False,22,,,
774,1RB0RA_1RC1RD_1LD1LB_0RF1LE_1LE0LC_---1RA,Quadratic Mess,1.25,False,False,0,0,0.2,False,False,False,0,579,0.53,False,False,False,15115,,,
776,1RB1LC_1LC0RD_0LE1LA_0RF1RA_1RD0LA_---0RB,Quadratic Mess,1.35,False,False,0,0,0.14,False,False,False,20,16321067,0.34,False,False,False,2505,,,
775,1RB0LF_1LC1RA_0RD1LB_0LA0RE_1RC1RB_---0LD,Quadratic Mess,1.25,False,False,0,0,0.48,False,False,False,0,278,0.25,False,False,False,4761,,,
778,1RB0LC_1RC1RA_0LD0LF_0LB0LE_1LA1LD_---0RA,Quadratic Mess,1.28,False,False,0,0,0.26,False,False,False,0,478,0.4,False,False,False,8356,,,
779,1RB1RD_1LC0RF_1LD0LB_1RE0RB_---1RA_0LA1RC,Quadratic Mess,1.26,False,False,0,0,0.13,False,False,False,0,195,0.33,False,False,False,4201,,,
780,1RB0RB_1LC0LF_1RD0LB_1RE1RC_0RA---_1LA1RE,Quadratic Mess,1.36,False,False,0,0,0.15,False,False,False,28,50425,0.09,False,False,False,585,,,
773,1RB1RE_1LC0RA_1LA0LD_1LB0LF_0RB0LE_0LA---,Quadratic Mess,2.62,False,False,0,0,0.5,False,False,False,22,18022,0.56,False,False,False,14695,,,
782,1RB0LE_1RC---_0RD0RE_1LE0RB_0LA0LF_0RC0LD,Quadratic Mess,1.2,False,False,0,0,0.2,False,False,False,10,249005,0.16,False,False,False,2118,,,
783,1RB0LE_0RC1RC_0RD1LA_1LD0LA_1LF1LC_---1LC,Quadratic Mess,1.29,False,False,0,0,0.19,False,False,False,50,10354,0.06,False,False,False,58,,,
781,1RB1LC_1LC0RD_0LE1LA_---1RA_1RF0LA_0RF0RB,Quadratic Mess,1.37,False,False,0,0,0.14,False,False,False,20,16321067,0.34,False,False,False,2505,,,
784,1RB0RE_1LC0RA_1RF0RD_---1LE_0LB1LE_1LE1RC,Quadratic Mess,1.2,False,False,0,0,0.84,False,False,False,0,-2,0.2,False,False,False,1250,,,
786,1RB0LE_0RC1RC_0RD1LA_1LD0LA_1LF1LC_---0LA,Quadratic Mess,1.29,False,False,0,0,0.19,False,False,False,50,10354,0.06,False,False,False,59,,,
785,1RB1RF_1LC---_1LE1RD_1RA0RC_0LF0LA_0LD0RB,Quadratic Mess,1.2,False,False,0,0,0.86,False,False,False,2,75571503,0.07,False,False,False,108,,,
787,1RB1LC_1LC0RD_0LE1LA_0RF1RA_1LA0LA_---0RB,Quadratic Mess,1.29,False,False,0,0,0.15,False,False,False,22,106017,0.36,False,False,False,4589,,,
789,1RB0LE_1LB1RC_0RF0RD_1RE0LA_1LA1RE_---0RB,Quadratic Mess,1.31,False,False,0,0,0.22,False,False,False,17,-2,0.12,False,False,False,347,,,
790,1RB1RC_1LC1LC_1RE0LD_1LB1RF_---1RA_0RD1RD,Quadratic Mess,1.29,False,False,0,0,0.17,False,False,False,0,-2,0.28,False,False,False,4027,,,
791,1RB1RE_0LC1RF_---1LD_1LE0LD_1LA1LB_1RF0RA,Quadratic Mess,1.24,False,False,0,0,0.21,False,False,False,0,466,0.49,False,False,False,16382,,,
793,1RB0LD_0RC0RF_1LD0RB_1LE---_0LA0LB_0LE0RA,Quadratic Mess,1.27,False,False,0,0,0.2,False,False,False,8,204694,0.12,False,False,False,1245,,,
792,1RB1RB_1LC0RE_---1LD_0RA1LB_1RA1LF_0LE1LE,Quadratic Mess,1.26,False,False,0,0,0.17,False,False,False,0,-2,0.18,False,False,False,2488,,,
788,1RB1RF_1LC0RA_---0LD_1RE1LD_0LF0LB_1RA1LE,Quadratic Mess,1.25,False,False,0,0,1.59,False,False,False,0,16339,0.06,False,False,False,15,,,
794,1RB1LD_0RC1LE_1RD0LA_1RE0RC_1LF0LC_---1LB,Quadratic Mess,1.23,False,False,0,0,0.13,False,False,False,0,168,0.34,False,False,False,4461,,,
796,1RB0LC_1RC0LE_1LA1RD_0RC0RA_1LF1RE_---1LB,Quadratic Mess,1.43,False,False,0,0,0.13,False,False,False,4,607352394,0.08,False,False,False,279,,,
795,1RB0LF_1LC1RA_0RE0RD_---1LE_1LF1RC_1LC1LA,Quadratic Mess,1.26,False,False,0,0,0.71,False,False,False,2,-2,0.07,False,False,False,313,,,
797,1RB1LD_1LC0RC_0RF1RA_0LE1LA_1RC0LA_---0RB,Quadratic Mess,1.38,False,False,0,0,0.15,False,False,False,38,102198,0.23,False,False,False,2913,,,
799,1RB1LD_0RC1LE_1RD0LA_1RE0RF_1LF0LC_---1LB,Quadratic Mess,1.19,False,False,0,0,0.13,False,False,False,0,175,0.34,False,False,False,4161,,,
798,1RB0RF_1RC0LD_1RD0RA_1LB1LE_0LB0RE_0RD---,Quadratic Mess,1.44,False,False,0,0,0.23,False,False,False,27,49383,0.67,False,False,False,13555,,,
801,1RB---_0LC0RB_1LE0LD_1LA1LC_1LF0RD_1RB1RF,Counter Class 1,1.22,False,False,0,0,0.13,False,False,False,0,7,1.84,False,False,False,994,,,
800,1RB0LE_1LC1LB_0RD0LC_1RA0RE_1RF1RD_0RA---,Counter Class 1,1.38,False,False,0,0,0.13,False,False,False,0,12,1.87,False,False,False,994,,,
802,1RB0RE_1RC0LE_1LD1LC_0RA0LD_1RF1RA_1LB---,Counter Class 1,1.27,False,False,0,0,0.13,False,False,False,0,14,2.03,False,False,False,1045,,,
803,1RB1RA_0LC0RB_1LF0LD_1LE1LC_0LF---_1LA1LF,Counter Class 1,1.32,False,False,0,0,0.13,False,False,False,0,8,1.83,False,False,False,996,,,
804,1RB1RA_0LC0RB_1LF0LD_1LE1LC_1LB---_1LA1LF,Counter Class 1,1.25,False,False,0,0,0.13,False,False,False,0,12,1.94,False,False,False,1037,,,
805,1RB0LE_1LC1LB_0RD0LC_1RA0RE_1RF1RD_0LA---,Counter Class 1,1.25,False,False,0,0,0.14,False,False,False,0,11,1.88,False,False,False,998,,,
810,1RB1RA_0LC0RB_1LF0LD_1LE1LC_1LC---_1LA0RD,Counter Class 1,1.3,False,False,0,0,0.13,False,False,False,0,9,1.26,False,False,False,1973,,,
812,1RB1RC_0RC---_1RD0RA_1RE1RD_1LF1LE_0RC0LF,Counter Class 1,1.29,False,False,0,0,0.13,False,False,False,0,12,1.24,False,False,False,1973,,,
811,1RB1RA_1LC1LB_0RD0LC_1RA0RE_1RF1RD_0LB---,Counter Class 1,1.34,False,False,0,0,0.14,False,False,False,0,15,1.27,False,False,False,1983,,,
806,1RB1RA_0LC0RB_1LF0LD_1LE1LC_0RB---_1LA1LF,Counter Class 1,1.35,False,False,0,0,0.14,False,False,False,0,9,4.04,False,False,False,1594,,,
813,1RB1RA_1LC1LB_0LD0LC_0RE0RF_0RF---_1RA1RD,Counter Class 1,1.29,False,False,0,0,0.14,False,False,False,0,12,1.59,False,False,False,923,,,
807,1RB0RE_1RC1RB_1LD1LC_0RA0LD_1RF1RA_0LC---,Counter Class 1,1.42,False,False,0,0,0.13,False,False,False,0,12,4.15,False,False,False,1594,,,
815,1RB1RA_0RC0RB_0LD0LE_0LE---_1LF1LC_1LA1LF,Counter Class 1,1.21,False,False,0,0,0.14,False,False,False,0,7,0.4,False,False,False,1222,,,
816,1RB1RC_1LA---_0RE1LD_0LF0LC_1RA1RF_1RE0LF,Counter Class 2,1.25,False,False,0,0,0.13,False,False,False,0,32,0.39,False,False,False,4227,,,
808,1RB0RE_1RC1RB_1LD1LC_0RA0LD_1RF1RA_0RA---,Counter Class 1,1.33,False,False,0,0,0.13,False,False,False,0,17,4.12,False,False,False,1586,,,
809,1RB0RE_1RC1RB_1LD1LC_0RA0LD_1RF1RA_1RA---,Counter Class 1,1.23,False,False,0,0,0.13,False,False,False,0,11,4.13,False,False,False,1589,,,
817,1RB1RD_1LC---_1LE0LD_0RE1LC_1RA1RF_1RE0LF,Counter Class 2,1.24,False,False,0,0,0.13,False,False,False,0,32,0.38,False,False,False,3597,,,
814,1RB0LE_1LC1LB_0RD0LC_1RA0RE_0RF1RD_0LD---,Counter Class 1,1.25,False,False,0,0,0.13,False,False,False,0,14,1.32,False,False,False,1983,,,
818,1RB0LF_1RC0LB_1RD1RB_1RE1RF_1LA---_0RC1LA,Counter Class 2,1.27,False,False,0,0,0.14,False,False,False,0,45,0.36,False,False,False,9995,,,
819,1RB0LA_1RC1RA_1RD1RE_1LC---_0RB1LF_1RA0LE,Counter Class 2,1.24,False,False,0,0,0.14,False,False,False,0,60,0.35,False,False,False,8423,,,
820,1RB---_0RC0RF_1LD0RC_1LE1LC_1LA1LF_0LD1RB,Counter Class 2,1.28,False,False,0,0,0.12,False,False,False,0,33,0.2,False,False,False,2503,,,
822,1RB1RD_1LC---_1RF0LD_0RE1LC_1RA1RF_1RE0LF,Counter Class 2,1.17,False,False,0,0,0.14,False,False,False,0,41,0.23,False,False,False,3758,,,
821,1RB1RF_1RC1RE_1LD---_0LF0LE_0RA1LD_1RA0LF,Counter Class 2,1.26,False,False,0,0,0.12,False,False,False,0,38,0.36,False,False,False,3709,,,
823,1RB1RA_1RC1LB_0LD0RA_1RF1LE_---1LF_1LC0LF,Counter Class 3,1.32,False,False,0,0,0.14,False,False,False,0,25,0.31,False,False,False,90,,,
824,1RB0RA_0RC0LD_1LA1RF_1LE1LD_1LB1RE_---1RA,Counter Class 3,1.41,False,False,0,0,0.14,False,False,False,0,24,0.31,False,False,False,42,,,
825,1RB0RA_0RC0LE_1LD1RF_1LB1RD_1LD1LE_---1RA,Counter Class 3,1.51,False,False,0,0,0.13,False,False,False,0,27,0.31,False,False,False,3,,,
826,1RB0LC_0LC1RE_1LD1LC_1LA1RD_---1RF_0RA0RF,Counter Class 3,1.44,False,False,0,0,0.13,False,False,False,0,34,0.31,False,False,False,156,,,
827,1RB1RA_1RC1LE_1RD1LC_0LB0RA_---1LF_1LD0LF,Counter Class 3,1.47,False,False,0,0,0.13,False,False,False,0,49,0.31,False,False,False,116,,,
830,1RB1LC_1RC1LB_1LD0RB_0LE1RD_---0LF_0LA1LF,Counter Class 4,1.23,False,False,0,0,0.15,False,False,False,0,31,0.31,False,False,False,148,,,
828,1RB0RA_0RC0LE_1LD1RF_1LB1RD_1LC1LE_---1RA,Counter Class 3,1.52,False,False,0,0,0.14,False,False,False,0,31,0.31,False,False,False,94,,,
831,1RB1LA_1LC0RA_0LD1RC_---0LE_0LF1LE_1RF1LB,Counter Class 4,1.25,False,False,0,0,0.15,False,False,False,0,32,0.12,False,False,False,32,,,
832,1RB0LA_1RC---_0LD1RD_0RA0RE_0RF1RC_1LF0LA,Translated Counter,1.19,False,False,0,0,0.17,False,False,False,0,868,0.35,False,False,False,4412,,,
829,1RB1RA_1RC1LB_0LD0RA_1RA1LE_---1LF_1LC0LF,Counter Class 3,1.71,False,False,0,0,0.14,False,False,False,0,48,0.31,False,False,False,1,,,
833,1RB0LA_1RC---_0LD1RD_1RA0RE_0RF1RC_1LF0LA,Translated Counter,1.23,False,False,0,0,0.17,False,False,False,0,851,0.17,False,False,False,1582,,,
834,1RB0RD_1RC---_0LA1RA_0RE1RC_1LE0LF_0RC0LF,Translated Counter,1.2,False,False,0,0,0.17,False,False,False,0,849,0.16,False,False,False,1094,,,
835,1RB---_0RC1LF_1LC1LD_1RE0RA_0RD1RF_0LD0LF,Translated Counter,1.3,False,False,0,0,0.15,False,False,False,0,309,0.07,False,False,False,159,,,
836,1RB0LA_1RC---_0LD1RD_0RB0RE_0RF0LD_1LF0LA,Translated Counter,1.23,False,False,0,0,0.14,False,False,False,0,1471,0.23,False,False,False,1789,,,
837,1RB1RF_0RC1RD_1LC1LA_0LE1RE_1RA0RB_---0LC,Translated Counter,1.24,False,False,0,0,0.25,False,False,False,0,269,0.33,False,False,False,3834,,,
838,1RB0RA_0LC0LA_1RF1LD_1LE0LD_1LC1LF_---1RA,Structural counter + counter,1.39,False,False,0,0,0.15,False,False,False,0,256,0.36,False,False,False,2887,,,
839,1RB0LC_1LA0RE_0RD0LA_1RE1RA_0LD1RF_0RB---,Structural counter + counter,1.27,False,False,0,0,0.17,False,False,False,0,109,0.27,False,False,False,2260,,,
842,1RB0LC_1LA0RE_0RD1LF_1LC1LB_0LD0RB_0LA---,Structural counter + counter,1.24,False,False,0,0,0.18,False,False,False,0,105,0.13,False,False,False,722,,,
840,1RB---_1LC1RE_1LD0LC_1LE1LC_1RF0RE_1RA0RB,Structural counter + counter,1.28,False,False,0,0,0.13,False,False,False,0,60,0.39,False,False,False,7288,,,
841,1RB1RC_0LA1RF_1RD0LE_1LC0RB_0RA0LC_0RD---,Structural counter + counter,1.22,False,False,0,0,0.18,False,False,False,0,106,0.33,False,False,False,2980,,,
850,1RB0LA_1RC1RD_1LB1RA_1RE0RE_1LF0RC_1LA---,Structural counter + chaotic edge,1.4,False,False,0,0,0.13,False,False,False,0,66,0.39,False,False,False,2919,,,
851,1RB1LD_1LC---_1RE0LD_1LC1LD_1RF0RE_1RA0RC,Structural counter + chaotic edge,1.34,False,False,0,0,0.19,False,False,False,0,255,0.09,False,False,False,1208,,,
854,1RB1RA_1LC0RA_1LD0LC_0LE0LB_1LF1RF_1LA---,Structural counter + chaotic edge,1.26,False,False,0,0,0.25,False,False,False,270,172,0.08,False,False,False,881,,,
855,1RB0RA_1LC0RC_1LF0RD_1RA1LE_0LC---_1LD0LA,Structural counter + chaotic edge,1.19,False,False,0,0,0.17,False,False,False,0,828,0.46,False,False,False,18889,,,
857,1RB0RE_0RC1RF_1LD1LE_0LC1RE_1RA0LE_1RD---,Structural counter + chaotic edge,1.38,False,False,0,0,0.26,False,False,False,0,10712,0.09,False,False,False,557,,,
856,1RB0RA_1RC0RF_0RD1LE_0LE---_1LF1LE_1RA0LC,Structural counter + chaotic edge,1.2,False,False,0,0,0.24,False,False,False,299,178,0.42,False,False,False,13333,,,
858,1RB0LF_1RC0RB_0RD0RA_1RE0LD_1LF---_1LA1LF,Structural counter + chaotic edge,1.29,False,False,0,0,0.17,False,False,False,0,289,0.56,False,False,False,26426,,,
859,1RB1LE_1RC0RB_1LD0RA_0LA0LC_0LD1LF_0LB---,Structural counter + chaotic edge,1.27,False,False,0,0,0.17,False,False,False,0,267,0.73,False,False,False,25518,,,
861,1RB0RA_1RC0RF_1RD1LE_1RE---_1LF1LE_1RA0LE,Structural counter + chaotic edge,1.3,False,False,0,0,0.19,False,False,False,0,321,0.07,False,False,False,232,,,
862,1RB0LF_1RC0RB_0RD0RA_1RE1LE_1RF---_1LA1LF,Structural counter + chaotic edge,1.32,False,False,0,0,0.19,False,False,False,0,258,0.07,False,False,False,349,,,
860,1RB1LC_1RC---_1LD1LC_1RE0LC_1RF0RE_1RA0RD,Structural counter + chaotic edge,1.23,False,False,0,0,0.19,False,False,False,0,344,0.61,False,False,False,25676,,,
863,1RB0RA_1LC0RD_0LD0LB_1RA0LE_1LF---_0RD1LB,Structural counter + chaotic edge,1.32,False,False,0,0,0.18,False,False,False,0,273,0.54,False,False,False,22935,,,
866,1RB0RD_1RC1LE_1LD---_1RF0LE_1LD1LE_1RA0RF,Structural counter + chaotic edge,1.3,False,False,0,0,0.24,False,False,False,0,273,0.08,False,False,False,537,,,
864,1RB---_1RC1RB_1LD0RB_1LE0LD_0LF0LC_1LA1RA,Structural counter + chaotic edge,1.34,False,False,0,0,0.18,False,False,False,0,295,0.9,False,False,False,34881,,,
865,1RB0RA_1LC0RD_0LD0LB_1RA1LE_0LC1LF_0LA---,Structural counter + chaotic edge,1.24,False,False,0,0,0.17,False,False,False,0,264,0.74,False,False,False,21008,,,
870,1RB0LD_1RC1LE_0RD1RA_1LE0RB_0LA0RF_---1RE,Bouncer + Complex Counter,1.87,False,False,0,0,0.16,False,False,False,0,92,0.2,False,False,False,2300,,,
871,1RB1LF_1RC0RE_1LD0RB_1LE0LD_0LA1RB_---1LB,Bouncer + Complex Counter,1.39,False,False,0,0,0.16,False,False,False,1,1482,0.06,False,False,False,59,,,
872,1RB0LD_0RC0LC_1LD0RA_1LE0LF_0LA1LC_0RA---,Bouncer + Complex Counter,1.86,False,False,0,0,0.22,False,False,False,0,101,0.14,False,False,False,1961,,,
873,1RB1LD_0RC1RE_1LD0RA_0LE0RF_1RA0LC_---1RD,Bouncer + Complex Counter,1.81,False,False,0,0,0.22,False,False,False,0,192,0.45,False,False,False,9757,,,
874,1RB0LD_1RC1RF_0RD1RA_1LE0RB_0LA0RA_1LE---,Bouncer + Complex Counter,1.86,False,False,0,0,0.16,False,False,False,0,100,0.17,False,False,False,2163,,,
868,1RB1RC_1LC0RF_1RE0LD_1LB0LD_---1RF_0LF0RA,Bouncer + Translated Counter,1.28,False,False,0,0,0.15,False,False,False,0,493,3.88,False,False,False,7549,,,
869,1RB0RA_1RC0LE_1LD0RA_---1LE_0RE0LF_1LB1LC,Bouncer + Translated Counter,1.33,False,False,0,0,0.16,False,False,False,0,495,3.87,False,False,False,7647,,,
875,1RB0LD_0RC0LF_1LD0RA_1LE1RB_0LA1LC_---1LB,Bouncer + Complex Counter,1.92,False,False,0,0,0.23,False,False,False,0,111,0.51,False,False,False,9245,,,
877,1RB0LE_1RC0RB_0RD1LE_1LE1RF_1LA0LC_---1RE,Bouncer + Complex Counter,1.32,False,False,0,0,0.18,False,False,False,2,1317,0.06,False,False,False,32,,,
876,1RB1RF_0RC1RE_1LD0RA_0LE0RE_1RA0LC_1LD---,Bouncer + Complex Counter,1.95,False,False,0,0,0.22,False,False,False,0,154,0.3,False,False,False,5522,,,
886,1RB0LC_1LC0RB_0LE0LD_1LC---_0RA1LF_1LA1LF,Bouncer + Chaotic Edge,1.31,False,False,0,0,0.17,False,False,False,0,1136,0.11,False,False,False,491,,,
885,1RB0RC_1RC1RA_1LD0RA_0LE1RA_---1LF_1RB0LF,Bouncer + Chaotic Edge,1.26,False,False,0,0,0.18,False,False,False,0,222,0.33,False,False,False,5905,,,
887,1RB1LD_0RC1RC_1LA1RE_---1LE_1RF0RC_0RB0LF,Bouncer + Chaotic Edge,1.23,False,False,0,0,0.18,False,False,False,0,361,0.5,False,False,False,6284,,,
889,1RB0LA_1RC0LA_1RD---_1LE1RF_1LF1LE_1LA0RF,Bouncer + Chaotic Edge,1.24,False,False,0,0,0.13,False,False,False,0,146,0.36,False,False,False,4912,,,
884,1RB1LD_1LC0RF_0RD0LB_1LB0LE_1LA---_0RA0RF,Bouncer + Chaotic Edge,1.32,False,False,0,0,0.14,False,False,False,0,99,1.6,False,False,False,2577,,,
888,1RB0LA_0RC0RB_1LD0RF_1LD0LE_1RA1LE_---1RE,Bouncer + Chaotic Edge,1.44,False,False,0,0,0.18,False,False,False,0,891,0.66,False,False,False,1574,,,
891,1RB0LD_1RC0RD_1LA0RC_1RE1LB_1LF0LA_---0LE,Bouncer + Chaotic Edge,1.22,False,False,0,0,0.17,False,False,False,0,228,0.38,False,False,False,5357,,,
892,1RB0RF_0RC---_0LD1RA_1RE1LF_1RC0RE_1LD0LF,Bouncer + Chaotic Edge,1.29,False,False,0,0,0.15,False,False,False,0,100,0.54,False,False,False,8237,,,
893,1RB1RD_1LC0RD_0LE1RD_1RA0RB_---1LF_1RA0LF,Bouncer + Chaotic Edge,1.32,False,False,0,0,0.19,False,False,False,0,159,0.54,False,False,False,10364,,,
895,1RB1LA_0LA0LC_---1LD_1LE1LB_1RF0RE_0LD0RE,Bouncer + Chaotic Edge,1.22,False,False,0,0,0.32,False,False,False,0,641,0.35,False,False,False,5673,,,
896,1RB1RA_0LC0RF_1LD1LC_1RE1LB_---0RA_1RF0RD,Bouncer + Chaotic Edge,1.19,False,False,0,0,0.2,False,False,False,0,166,1.38,False,False,False,7398,,,
899,1RB---_1LC1RD_1LD1LC_1LE0RD_1RF0LE_1RA0LE,Bouncer + Chaotic Edge,1.26,False,False,0,0,0.13,False,False,False,0,160,0.38,False,False,False,4616,,,
898,1RB1RA_1LC1RE_---0LD_1LE1LD_0RA0LF_1LF0LB,Bouncer + Chaotic Edge,1.19,False,False,0,0,0.2,False,False,False,0,167,1.42,False,False,False,7440,,,
900,1RB1LE_1LC1RD_0LA1LA_---1RE_1LF0LA_0LC0RF,Bouncer + Chaotic Edge,1.28,False,False,0,0,0.18,False,False,False,0,578,0.4,False,False,False,7245,,,
901,1RB0LE_1LC1RD_1LA0RB_1RC1RB_1LF0LC_---0RC,Bouncer + Chaotic Edge,1.3,False,False,0,0,0.19,False,False,False,0,179,0.45,False,False,False,4570,,,
897,1RB0RF_1RC0RD_0LD0LC_1RF1RE_1LC---_0RA1RD,Bouncer + Chaotic Edge,1.37,False,False,0,0,0.18,False,False,False,0,1302,2.77,False,False,False,2356,,,
902,1RB1LD_1RC0LA_1LA0RE_1LB1LA_1RF0RB_---0LB,Bouncer + Chaotic Edge,1.27,False,False,0,0,0.19,False,False,False,0,187,0.4,False,False,False,4595,,,
903,1RB1LD_1RC0RC_1LD0RE_0LB0LA_0RF1LA_---1RC,Bouncer + Chaotic Edge,1.22,False,False,0,0,0.25,False,False,False,0,147,0.38,False,False,False,3493,,,
904,1RB0LF_1LC0LA_---1RD_1RF1RE_1LF1RD_1LB0RE,Bouncer + Chaotic Edge,1.26,False,False,0,0,0.21,False,False,False,0,219,0.47,False,False,False,4739,,,
905,1RB0LD_0RC1RA_1LD1RC_1LE0RF_---1LA_1LF0LA,Bouncer + Chaotic Edge,1.22,False,False,0,0,0.14,False,False,False,0,137,0.48,False,False,False,5131,,,
906,1RB1RF_1LC0RF_1LE0LD_1RC0LB_---1RA_1LB1RA,Bouncer + Chaotic Edge,1.19,False,False,0,0,0.22,False,False,False,0,226,0.49,False,False,False,5265,,,
907,1RB0RD_0RC0LB_0RD1RD_1LE1RA_1RC1LF_---1LA,Bouncer + Chaotic Edge,1.25,False,False,0,0,0.15,False,False,False,0,287,0.43,False,False,False,6318,,,
909,1RB1RE_1RC0LD_1LB---_1RA1LD_1RA0RF_1RE0LC,Bouncer + Chaotic Edge,1.25,False,False,0,0,0.18,False,False,False,0,145,0.35,False,False,False,5167,,,
894,1RB0RD_1RC0LF_0LA0RB_1RE---_1LB1RA_0LE0LF,Bouncer + Chaotic Edge,1.35,False,False,0,0,0.16,False,False,False,0,76,8.13,False,False,False,1498,,,
908,1RB0LC_1LC0RE_1RA1LD_1LA1LC_1RF0RA_---0LA,Bouncer + Chaotic Edge,1.28,False,False,0,0,0.28,False,False,False,0,145,0.58,False,False,False,4592,,,
910,1RB0RC_1LC0RB_1LD0LD_1RA1LE_---0LF_1LB1LF,Bouncer + Chaotic Edge,1.25,False,False,0,0,0.15,False,False,False,0,187,0.19,False,False,False,3614,,,
913,1RB---_0LC1RF_1LE0RD_0RB1RC_1RD0LE_0RC1RA,Sync bouncer counter,1.36,False,False,0,0,0.15,False,False,False,0,812,0.07,False,False,False,77,,,
915,1RB0LA_0RC1RD_0LD1RE_1LA0RB_0RD1RF_1RB---,Sync bouncer counter,1.2,False,False,0,0,0.22,False,False,False,0,115,0.45,False,False,False,5554,,,
916,1RB0LF_0RC---_1RD0RA_1LE0RC_0LA0LE_1LE1LB,Sync bouncer counter,1.32,False,False,0,0,0.24,False,False,False,0,204,0.11,False,False,False,1014,,,
917,1RB0LF_1RC1RB_0RD0RC_1LE1LF_1LD---_0LB1LA,Sync bouncer counter,1.2,False,False,0,0,0.14,False,False,False,0,1622,0.07,False,False,False,327,,,
914,1RB0LA_0RC1RD_0LD1RE_1LA0RB_0RD0RF_0RA---,Sync bouncer counter,1.4,False,False,0,0,0.18,False,False,False,0,541,0.75,False,False,False,3534,,,
918,1RB0LA_0RC1RD_0LD1RE_1LA0RB_0RD0RF_0LA---,Sync bouncer counter,1.34,False,False,0,0,0.19,False,False,False,0,265,0.51,False,False,False,5002,,,
919,1RB0LA_0RC1RD_0LD1RE_1LA0RB_0RD1RF_1RC---,Sync bouncer counter,1.4,False,False,0,0,0.15,False,False,False,0,663,0.16,False,False,False,982,,,
920,1RB0LF_1LC0RB_0LD1LA_0RA1LE_0LA1LF_0LD---,Sync bouncer counter,1.37,False,False,0,0,0.19,False,False,False,0,275,0.16,False,False,False,1436,,,
921,1RB0LC_1LC0RB_0LD1LA_0RA1LE_0LA1LF_1LC---,Sync bouncer counter,1.39,False,False,0,0,0.21,False,False,False,0,73,0.35,False,False,False,3305,,,
922,1RB0LF_1LC0RB_0LD1LA_0RA1LE_0LA1LC_0LD---,Sync bouncer counter,1.38,False,False,0,0,0.2,False,False,False,0,275,0.15,False,False,False,1436,,,
929,1RB1RA_1LC1RE_0LD0LD_0LE1LF_1LA0RA_---1LC,Fractal in Bouncer,1.21,False,False,0,0,0.18,False,False,False,0,516,0.07,False,False,False,209,,,
923,1RB0LC_1LC0RB_0LD1LA_0RA1LE_0LA0LF_0LB---,Sync bouncer counter,1.47,False,False,0,0,0.16,False,False,False,0,2239,0.48,False,False,False,4265,,,
931,1RB0LB_1LC1LB_1RD1LA_0RE0RE_0RA1RF_---1RD,Fractal in Bouncer,1.23,False,False,0,0,0.19,False,False,False,0,495,0.07,False,False,False,56,,,
930,1RB0LE_1RC1RE_0RD1RC_1LA0LB_1LF0RB_---1LD,Fractal in Bouncer,1.24,False,False,0,0,0.32,False,False,False,0,1252,0.08,False,False,False,679,,,
924,1RB0LC_1LC0RB_0LD1LA_0RA1LE_0LA1LF_0LD---,Sync bouncer counter,1.38,False,False,0,0,0.19,False,False,False,0,275,0.44,False,False,False,4991,,,
853,1RB1LC_1LC1RE_1RD0LC_0LA0RA_0RB0RF_1RA---,Structural counter + chaotic edge,1.44,False,False,0,0,0.15,False,False,False,0,1452,25.5,False,False,False,1034,,,
932,1RB1LE_0LB1RC_0RD1RA_1RE1RF_1LC0LE_0RC---,Fractal in Bouncer,1.25,False,False,0,0,0.18,False,False,False,0,749,0.06,False,False,False,139,,,
933,1RB1LD_0RC0LE_1RD1RF_1LE0LD_0RC1RA_0RE---,Fractal in Bouncer,1.31,False,False,0,0,0.19,False,False,False,0,749,0.07,False,False,False,139,,,
938,1RB0RA_1RC0RE_0RD1RE_0LE---_1LF0LC_1RA0LC,Structural counter + bouncer,1.24,False,False,0,0,0.15,False,False,False,0,204,0.33,False,False,False,3355,,,
939,1RB0RF_0LC---_1LD1LC_1RE0LA_1RA1RD_0RD0RB,Chaotic Bell Class 1,1.22,False,False,0,0,0.25,False,False,False,0,267,0.36,False,False,False,6824,,,
940,1RB0RF_0LC1LB_1RD1LA_1RE0LC_0RA1RD_---0RC,Chaotic Bell Class 1,1.24,False,False,0,0,0.21,False,False,False,0,257,0.37,False,False,False,6956,,,
941,1RB1RE_1RC0RF_0LD---_1LE1LD_1RA0LB_0RE0RF,Chaotic Bell Class 1,1.2,False,False,0,0,0.21,False,False,False,0,207,0.38,False,False,False,7886,,,
852,1RB---_1RC1LD_1LD1RF_1RE0LD_0LB0RB_0RC0RA,Structural counter + chaotic edge,1.28,False,False,0,0,0.15,False,False,False,0,629,27.59,False,False,False,1057,,,
943,1RB0LE_1RC1RA_1LD0RE_1LA1LD_1LD0RF_0RA---,Chaotic Bell Class 1,1.21,False,False,0,0,0.24,False,False,False,0,348,0.37,False,False,False,9177,,,
942,1RB1RA_1LC0RD_1LD1LB_1RA0LE_0LB0LF_0RA---,Chaotic Bell Class 1,1.21,False,False,0,0,0.48,False,False,False,0,254,0.4,False,False,False,8596,,,
946,1RB1RA_1LC0RD_1LD1LB_1RA0LE_0LB1LF_1RC---,Chaotic Bell Class 1,1.2,False,False,0,0,0.2,False,False,False,0,190,0.08,False,False,False,716,,,
944,1RB0LE_1RC1RB_1LD0RA_1LA1LC_0LC0LF_0RB---,Chaotic Bell Class 1,1.26,False,False,0,0,0.22,False,False,False,0,450,0.37,False,False,False,8611,,,
947,1RB1RA_1LC0RE_1LD1LB_1RA0LE_1RA0LF_0LB---,Chaotic Bell Class 1,1.32,False,False,0,0,0.21,False,False,False,0,190,0.08,False,False,False,714,,,
945,1RB0LC_1RC1RA_1LD0RE_1LA1LD_0RA1RF_0LC---,Chaotic Bell Class 1,1.3,False,False,0,0,0.25,False,False,False,0,348,0.37,False,False,False,9363,,,
948,1RB0LE_1RC1RB_1LD0RE_1LA1LC_1RB0LF_0LC---,Chaotic Bell Class 1,1.3,False,False,0,0,0.32,False,False,False,0,294,0.36,False,False,False,9336,,,
949,1RB1RE_1RC0RF_0LD---_1LE1LD_1RA0LB_0RE0RC,Chaotic Bell Class 1,1.19,False,False,0,0,0.22,False,False,False,0,214,0.37,False,False,False,7830,,,
950,1RB0RF_0LC---_1LD1LC_1RE0LA_1RA1RD_0RD0RF,Chaotic Bell Class 1,1.2,False,False,0,0,0.25,False,False,False,0,481,0.37,False,False,False,7969,,,
951,1RB1RA_1LC0RD_1LD1LB_1LE0LF_0RA---_0LB0LF,Chaotic Bell Class 1,1.17,False,False,0,0,0.22,False,False,False,0,330,0.37,False,False,False,8653,,,
952,1RB0LC_1RC1RA_1RD0RF_0LE---_1LA1LE_0RA0RF,Chaotic Bell Class 1,1.2,False,False,0,0,0.25,False,False,False,0,419,0.35,False,False,False,7313,,,
953,1RB1RD_1LC0RE_1LD1LC_1RA0LB_0RD0RF_0LC---,Chaotic Bell Class 1,1.29,False,False,0,0,0.22,False,False,False,0,232,0.38,False,False,False,9391,,,
954,1RB0LE_1RC1RB_1LD0RA_1LA1LC_0LC1LF_0RA---,Chaotic Bell Class 1,1.33,False,False,0,0,0.33,False,False,False,0,294,0.37,False,False,False,9426,,,
955,1RB1RD_1LC0RE_1LD1LC_1RA0LE_1LC0RF_0RD---,Chaotic Bell Class 1,1.32,False,False,0,0,0.2,False,False,False,0,188,0.39,False,False,False,9760,,,
956,1RB0LC_1RC1RA_1RD0RF_0LE---_1LA1LE_0RA0RD,Chaotic Bell Class 1,1.23,False,False,0,0,0.28,False,False,False,0,275,0.38,False,False,False,7483,,,
957,1RB0LC_1RC1RA_1LD0RE_1LA1LD_0RA0RF_0LD---,Chaotic Bell Class 1,1.23,False,False,0,0,0.27,False,False,False,0,202,0.4,False,False,False,9161,,,
958,1RB0LE_0RC1RA_1RD0RF_0LE1LD_1RA1LC_---0RE,Chaotic Bell Class 1,1.26,False,False,0,0,0.21,False,False,False,0,134,0.35,False,False,False,6316,,,
959,1RB1LD_1RC0LA_0RD1RB_1RE0RF_0LA1LE_---0RA,Chaotic Bell Class 1,1.25,False,False,0,0,0.27,False,False,False,0,472,0.35,False,False,False,6120,,,
960,1RB1RD_1LC0RE_1LD1LC_1RA0LB_0RD0RF_0RD---,Chaotic Bell Class 1,1.32,False,False,0,0,0.21,False,False,False,0,188,0.4,False,False,False,9767,,,
961,1RB1RA_1LC0RD_1LD1LB_1LE0LF_0RA---_0LB0LE,Chaotic Bell Class 1,1.23,False,False,0,0,0.25,False,False,False,0,214,0.38,False,False,False,7323,,,
966,1RB1RF_1LC1LB_1RD1LD_1RE0RA_---0LB_0LF0RC,Chaotic Bell Class 2,1.38,False,False,0,0,0.23,False,False,False,24,2927865,0.41,False,False,False,6848,,,
967,1RB1RF_1RC1RB_1LD0RA_1LA1LE_---0LF_0LC1LF,Chaotic Bell Class 2,1.2,False,False,0,0,0.21,False,False,False,0,562,0.55,False,False,False,5556,,,
969,1RB0LF_0RC1RD_0LD0RA_1RC0RE_1RF---_1LA0LB,Chaotic Bell Class 2,1.17,False,False,0,0,0.38,False,False,False,78,606498,0.34,False,False,False,4672,,,
970,1RB0LA_1LC1LA_0RD0LB_0RE1RC_1LB0RF_1RD---,Chaotic Bell Class 2,1.28,False,False,0,0,0.23,False,False,False,0,366,0.19,False,False,False,4344,,,
968,1RB---_0RC0RD_1LD0RF_0LE0LC_1RA0LC_1RC0RA,Chaotic Bell Class 2,1.73,False,False,0,0,0.36,False,False,False,43,544361551,0.06,False,False,False,81,,,
971,1RB0RE_1LC0RA_0LD0LB_1RE0LB_1RF---_0RB0RC,Chaotic Bell Class 2,1.43,False,False,0,0,0.36,False,False,False,47,7820643112,0.1,False,False,False,845,,,
972,1RB---_1LC0LD_1RD0LB_0RF1RE_1RF0RA_0LE0RC,Chaotic Bell Class 2,1.19,False,False,0,0,0.35,False,False,False,79,89143,0.37,False,False,False,5263,,,
973,1RB0LD_1RC---_0RD0RE_1LE0RF_0LA0LD_1RD0RB,Chaotic Bell Class 2,1.6,False,False,0,0,0.4,False,False,False,46,89608,0.07,False,False,False,158,,,
975,1RB---_1RC0LE_1RD1RF_1LB0LB_0RD0LD_0RC0RA,Chaotic Bell Class 2,1.27,False,False,0,0,0.27,False,False,False,0,178,0.07,False,False,False,237,,,
976,1RB0LF_1LC1LA_1LD0LC_1RE1LB_0RB1RA_---0RD,Chaotic Bell Class 2,1.21,False,False,0,0,0.26,False,False,False,24,1479,0.08,False,False,False,444,,,
974,1RB1RE_1LC1LF_1LD1LC_1RA0LB_---0RF_0RD1RF,Chaotic Bell Class 2,1.21,False,False,0,0,0.22,False,False,False,0,495,0.57,False,False,False,5712,,,
977,1RB0LE_1RC0LB_1RD1RF_1RE0RB_1LA0RD_0RE---,Chaotic Bell Class 3,1.39,False,False,0,0,0.21,False,False,False,10,536,1.02,False,False,False,13395,,,
978,1RB0LE_1RC1RF_1RD0RA_1LE0RC_1LC0LD_0RD---,Chaotic Bell Class 3,1.52,False,False,0,0,0.25,False,False,False,2,207,0.78,False,False,False,14160,,,
980,1RB0LC_1RC0RA_1LA0LD_1LE0RB_1RB1LF_0LA---,Chaotic Bell Class 3,1.34,False,False,0,0,0.22,False,False,False,0,475,0.74,False,False,False,14194,,,
981,1RB0LC_1RC0RA_1LA0LD_1LE0RB_1LC1LF_0LA---,Chaotic Bell Class 3,1.74,False,False,0,0,0.27,False,False,False,2,200,0.73,False,False,False,14060,,,
983,1RB0LC_1LA1RF_1LD0LE_1RE0RA_1LC0RD_0RE---,Chaotic Bell Class 3,1.44,False,False,0,0,0.19,False,False,False,0,436,0.91,False,False,False,14523,,,
979,1RB0LC_1RC0RA_1LA0LD_1LE0RB_1RD1LF_0LA---,Chaotic Bell Class 3,2.84,False,False,0,0,0.19,False,False,False,0,408,0.7,False,False,False,13541,,,
985,1RB0RD_1LC0RA_1LA0LB_1RE0LC_1LC1RF_0RB---,Chaotic Bell Class 3,1.41,False,False,0,0,0.21,False,False,False,0,717,0.93,False,False,False,13633,,,
986,1RB0RC_1LC0LD_1RA0LB_1LE0RA_1RA1LF_0LC---,Chaotic Bell Class 3,1.43,False,False,0,0,0.21,False,False,False,6,787,0.66,False,False,False,12765,,,
989,1RB0LE_1LC0RA_1LD0RC_1LE1LF_1LA0LC_0LA---,Chaotic Bell Class 3,1.3,False,False,0,0,0.23,False,False,False,11,569,0.91,False,False,False,13686,,,
982,1RB0RC_1LC0LD_1RA0LB_1LE0RA_1RD1LF_0LC---,Chaotic Bell Class 3,1.53,False,False,0,0,3.19,False,False,False,2,699,0.81,False,False,False,16117,,,
987,1RB0RD_1LC0RA_1LA0LB_1RE0LC_1RA1RF_0RB---,Chaotic Bell Class 3,2.15,False,False,0,0,0.22,False,False,False,0,786,0.84,False,False,False,13917,,,
991,1RB1LC_1LA0RE_0LD---_1RE0LF_1RF0RD_1LD0LB,Chaotic Bell Class 3,1.32,False,False,0,0,0.25,False,False,False,6,372,0.16,False,False,False,2327,,,
988,1RB0RC_1LC0LD_1RA0LB_1LE0RA_1LB1LF_0LC---,Chaotic Bell Class 3,1.92,False,False,0,0,0.21,False,False,False,0,733,1.11,False,False,False,14588,,,
984,1RB1RF_1RC0RE_1LD0RB_1RE0LC_1RA0LE_0RC---,Chaotic Bell Class 3,4.05,False,False,0,0,0.2,False,False,False,7,1852,1.1,False,False,False,15214,,,
990,1RB0RD_1LC0RA_1LA0LB_1RE0LC_1LD1RF_0RB---,Chaotic Bell Class 3,2.1,False,False,0,0,0.21,False,False,False,4,887,0.77,False,False,False,14018,,,
992,1RB0RE_1RC0RA_0LD0LB_0LA1LE_1LC1LF_0LA---,Chaotic Bell Class 3,1.4,False,False,0,0,0.26,False,False,False,0,760,0.45,False,False,False,9851,,,
993,1RB1RA_0LC1RF_0LD1LD_1LE1LC_0RB0RA_---1RE,Chaotic Bell Class 3,1.65,False,False,0,0,0.19,False,False,False,11,703,0.07,False,False,False,240,,,
995,1RB1RF_0RC0RE_0RD1RA_1LE0LA_1LB0LD_0RD---,Chaotic Bell Class 3,1.47,False,False,0,0,0.24,False,False,False,0,446,0.34,False,False,False,6658,,,
994,1RB0LC_1LA0RE_0LD0LB_1RA1LD_0RC1RF_0RA---,Chaotic Bell Class 3,1.77,False,False,0,0,0.17,False,False,False,12,600,0.23,False,False,False,2814,,,
997,1RB0LF_1LC1RF_---1LD_0LE0LB_0RA0LA_0RA1RB,Chaotic Bell Class 3,1.34,False,False,0,0,0.21,False,False,False,0,902,0.1,False,False,False,1220,,,
996,1RB0LC_1LA0RD_0LD1LF_0RE0RA_1LB1RE_0LB---,Chaotic Bell Class 3,1.38,False,False,0,0,0.18,False,False,False,12,711,0.67,False,False,False,12990,,,
998,1RB1LA_1RC0LD_1LB0RE_0LA0LC_0RD1RF_0RB---,Chaotic Bell Class 3,1.35,False,False,0,0,0.16,False,False,False,16,1331,0.24,False,False,False,3262,,,
1000,1RB0LB_0LC0RE_1LA1LD_0LB1LF_1RA1RD_0LB---,Chaotic Bell Class 4,1.32,False,False,0,0,0.29,False,False,False,12,14969,0.18,False,False,False,1731,,,
999,1RB0LB_0LC0RE_1LA1LD_0LB1LD_1RA0RF_1RA---,Chaotic Bell Class 4,1.39,False,False,0,0,0.28,False,False,False,12,14969,0.2,False,False,False,2214,,,
1002,1RB1RE_1LC0RC_0RA0LD_1LB1LE_0RC1LF_---1RA,Chaotic Bell Class 4,1.17,False,False,0,0,0.25,False,False,False,6,2342,0.2,False,False,False,2010,,,
1001,1RB0LB_0LC0RE_1LA1LD_0LB1LF_1RA0RE_0RC---,Chaotic Bell Class 4,1.35,False,False,0,0,0.28,False,False,False,12,14969,0.13,False,False,False,1055,,,
1003,1RB1LA_0LB1LC_1RD0LD_0LA0RE_1RC1RF_0LD---,Chaotic Bell Class 4,1.25,False,False,0,0,0.25,False,False,False,6,2331,0.21,False,False,False,1927,,,
1004,1RB0LB_0LC0RE_1LA1LD_0LB1RF_1RA1RD_---1LC,Chaotic Bell Class 4,1.34,False,False,0,0,0.28,False,False,False,12,14969,0.23,False,False,False,2284,,,
1005,1RB0RE_1RC0RA_0LD0RB_1LA0LE_1LC1LF_0LC---,Bell eats counter,1.26,False,False,0,0,0.13,False,False,False,0,77,0.32,False,False,False,1874,,,
1006,1RB0LD_0RC---_0LD0RF_1LE1LD_0LA0RD_0RB1RA,Bell eats counter,1.18,False,False,0,0,0.13,False,False,False,0,37,0.33,False,False,False,3696,,,
1007,1RB0LE_0RC---_1LC0RD_0RB1RA_1LF1LE_0LA1LF,Bell eats counter,1.16,False,False,0,0,0.13,False,False,False,0,34,0.33,False,False,False,3713,,,
1008,1RB0LC_1LC0RE_1LA1LD_1LA1LB_0RF1RA_---0RE,Bell eats counter,1.22,False,False,0,0,0.13,False,False,False,0,178,0.07,False,False,False,259,,,
1010,1RB1LC_1RC0RB_1LD0RF_1LA1LE_1LE0LD_---0RE,Bell eats counter,1.21,False,False,0,0,0.13,False,False,False,0,393,0.09,False,False,False,289,,,
1009,1RB1LE_1RC0RB_0LC1LD_0LE0RD_1LA0LF_1LE---,Bell eats counter,1.27,False,False,0,0,0.13,False,False,False,0,108,0.32,False,False,False,1365,,,
1011,1RB1RA_1LC1LE_1RF1LD_1RE0LD_0LB0RA_---0RC,Bell eats counter,1.32,False,False,0,0,0.12,False,False,False,0,128,0.69,False,False,False,2989,,,
1012,1RB0RA_1LC0LF_1LE0LD_1LB---_1RA1LB_0LB0RC,Bell eats counter,1.28,False,False,0,0,0.15,False,False,False,0,175,0.34,False,False,False,4701,,,
1013,1RB1LF_0RC0RB_0LD1LA_1LC0LE_0LA---_1LA1LF,Bell eats counter,1.29,False,False,0,0,0.14,False,False,False,0,64,0.07,False,False,False,183,,,
1014,1RB0RF_1RC0LD_1RD0RA_1LE0LC_1LB0LE_0RC---,Bell eats counter,1.26,False,False,0,0,0.15,False,False,False,0,520,0.26,False,False,False,3517,,,
1015,1RB0LC_1LC0RE_1LA1LD_1LA1LF_0RB1RA_1LC---,Bell eats counter,1.23,False,False,0,0,0.14,False,False,False,0,178,0.07,False,False,False,259,,,
1016,1RB0LF_1LC0RE_0LD1LC_1LA---_0RB1RA_0LE1LF,Bell eats counter,1.2,False,False,0,0,0.17,False,False,False,0,48,0.1,False,False,False,499,,,
1017,1RB1RF_0RC0LB_1LD1RE_1LB1RF_---0RF_1RD0RA,Bell eats counter,1.24,False,False,0,0,0.13,False,False,False,0,126,0.13,False,False,False,1280,,,
1018,1RB0RF_1LC1RA_0RD0LC_1LB1RE_---0RA_1RC1RA,Bell eats counter,1.23,False,False,0,0,0.14,False,False,False,0,105,0.19,False,False,False,1645,,,
1019,1RB0LA_0LC0RB_1RA0RD_1LE0LD_1LF---_1LA1LC,Bell eats counter,1.19,False,False,0,0,0.15,False,False,False,0,218,0.34,False,False,False,3877,,,
1020,1RB0RA_1LC0LD_1LE1LD_0LB0RE_1RF0LA_---0RA,Bell eats counter,1.27,False,False,0,0,0.14,False,False,False,0,277,0.36,False,False,False,3703,,,
1021,1RB0LF_1LC0RE_0LD1LC_1LA---_0RB1RA_1LC1LF,Bell eats counter,1.23,False,False,0,0,0.16,False,False,False,0,134,0.32,False,False,False,5139,,,
1022,1RB0LF_1LC0RD_1LA1LC_---0RE_0RB1RA_1LC1LF,Bell eats counter,1.25,False,False,0,0,0.15,False,False,False,0,129,0.33,False,False,False,3666,,,
1023,1RB0RA_1LC0LD_1LE1LD_0LB0RF_1RA1LB_1RA---,Bell eats counter,1.22,False,False,0,0,0.14,False,False,False,0,188,0.35,False,False,False,4794,,,
1024,1RB0RA_1LC0LD_1LE1LD_0LB0RE_1RF1LB_---0RA,Bell eats counter,1.21,False,False,0,0,0.14,False,False,False,0,188,0.35,False,False,False,4794,,,
1025,1RB0RA_1LC0LF_1LE0LD_1LB---_1RA1LB_0LD0RC,Bell eats counter,1.18,False,False,0,0,0.14,False,False,False,0,157,0.35,False,False,False,4085,,,
1026,1RB0LF_1LC0RD_1LA1LC_---0RE_0RB1RA_0LE1LF,Bell eats counter,1.22,False,False,0,0,0.15,False,False,False,0,129,0.33,False,False,False,3489,,,
1028,1RB0LC_1LC0RE_0LC0LD_1RD1LB_0RF1RA_0RB---,Bell eats counter,1.26,False,False,0,0,0.14,False,False,False,0,316,0.1,False,False,False,712,,,
1029,1RB---_1RC1RE_1LD0RC_0RE0LD_1LC0LF_1RA0RF,Bell eats counter,1.23,False,False,0,0,0.15,False,False,False,0,222,0.09,False,False,False,376,,,
1027,1RB0RB_0LC0RA_1LE1LD_0LE---_1LF0LC_1RA1LB,Bell eats counter,1.27,False,False,0,0,0.14,False,False,False,0,128,0.36,False,False,False,4829,,,
1030,1RB0RE_1RC1RE_1LD1RA_1LA0LD_0RA0LF_1LD---,Bell eats counter,1.21,False,False,0,0,0.14,False,False,False,0,213,0.35,False,False,False,4849,,,
1031,1RB0RF_1RC0RE_1LD1RA_1LA0LD_1RA---_0RA0LB,Bell eats counter,1.24,False,False,0,0,0.14,False,False,False,0,200,0.34,False,False,False,4269,,,
1032,1RB0RC_1LC0RE_0LC0LD_1RD1LB_0RF1RA_0RB---,Bell eats counter,1.2,False,False,0,0,0.14,False,False,False,0,316,0.1,False,False,False,713,,,
1033,1RB0RF_1LC0RE_0LC0LD_1RD1LB_0RF1RA_0RB---,Bell eats counter,1.26,False,False,0,0,0.14,False,False,False,0,251,0.14,False,False,False,1231,,,
1036,1RB1LD_1LC1RA_0LD0LC_0RE1RB_1RD0RF_0RB---,Bell eats counter,1.22,False,False,0,0,0.16,False,False,False,0,64,0.08,False,False,False,297,,,
1034,1RB0RA_1RC0RD_1RD0LC_1LE1RA_---1LF_1RB0LC,Bell eats counter,1.22,False,False,0,0,0.15,False,False,False,0,140,0.33,False,False,False,2761,,,
1035,1RB1RF_1RC0RA_1LD1RE_1LE0LE_0RA0LD_0RB---,Bell eats counter,1.27,False,False,0,0,0.14,False,False,False,0,120,0.36,False,False,False,4737,,,
1037,1RB0RF_1RC0RE_1LD1RA_1LA0LD_1RA---_0RE0LB,Bell eats counter,1.19,False,False,0,0,0.14,False,False,False,0,151,0.18,False,False,False,2380,,,
1038,1RB1RE_1LC1RD_1LD0LC_1RA0LF_1RE0RA_---0LE,Bell eats counter,1.23,False,False,0,0,0.13,False,False,False,0,453,0.11,False,False,False,380,,,
1039,1RB0RE_1LC1RD_1LD0LD_0RE0LC_1RA1RF_0RA---,Bell eats counter,1.28,False,False,0,0,0.13,False,False,False,0,114,0.35,False,False,False,4952,,,
1042,1RB0RC_1LC1RB_0RE1LD_0LC1LA_1RF1RA_---0RB,Bell eats counter,1.27,False,False,0,0,0.14,False,False,False,0,95,0.08,False,False,False,234,,,
1040,1RB0RE_1LC1RD_1LD0LC_1RA0RF_1RD---_0RD0LA,Bell eats counter,1.28,False,False,0,0,0.14,False,False,False,0,203,0.35,False,False,False,5302,,,
1041,1RB1RF_1LC1RE_---0LD_1LE0LD_1RA0RF_0RE0LB,Bell eats counter,1.24,False,False,0,0,0.14,False,False,False,0,130,0.35,False,False,False,6339,,,
1043,1RB---_1RC0RF_1RD0RA_1LE1RB_1LB0LE_0RB0LC,Bell eats counter,1.27,False,False,0,0,0.14,False,False,False,0,199,0.26,False,False,False,3709,,,
1044,1RB1RF_1LC0RD_---0LD_1LE0LD_1RA0RF_0RE0LB,Bell eats counter,1.21,False,False,0,0,0.14,False,False,False,0,197,0.34,False,False,False,3533,,,
1045,1RB0RF_1RC1RF_1LD1RA_---0LE_1LA0LE_0RA0LC,Bell eats counter,1.21,False,False,0,0,0.14,False,False,False,0,213,0.34,False,False,False,4625,,,
1046,1RB0RA_1LC0RE_0LC0LD_1RD1LB_0RF1RA_0RB---,Bell eats counter,1.3,False,False,0,0,0.13,False,False,False,0,238,0.35,False,False,False,4173,,,
1047,1RB---_1RC0RF_1RD0RA_1LE1RB_1LB0LE_0RA0LC,Bell eats counter,1.27,False,False,0,0,0.14,False,False,False,0,178,0.21,False,False,False,2971,,,
1048,1RB1RE_1LC1RD_1LD0LC_1RA0RF_0RD---_0RD0LB,Bell eats counter,1.24,False,False,0,0,0.14,False,False,False,0,130,0.34,False,False,False,5298,,,
1050,1RB0LA_1LC1RF_---1LD_1RE0LA_1RA0RB_1RE0RF,Bell eats counter,1.21,False,False,0,0,0.14,False,False,False,0,142,0.19,False,False,False,2335,,,
1049,1RB1RD_1LC0RB_0RD0LC_1LB0LE_1RF0RE_1RA---,Bell eats counter,1.27,False,False,0,0,0.15,False,False,False,0,200,0.33,False,False,False,3047,,,
1051,1RB0RF_1RC1RF_1LD0RE_---0LE_1LA0LE_0RA0LC,Bell eats counter,1.25,False,False,0,0,0.14,False,False,False,0,314,0.31,False,False,False,3203,,,
1070,1RB0LC_1LA1RF_1LD1RF_1LE0LA_0RB---_0RA1RE,Bell-like,1.28,False,False,0,0,0.14,False,False,False,21,-2,0.3,False,False,False,3334,,,
1071,1RB0LA_0RC0RB_1LD1LA_1LC1RE_1RF0RD_1LC---,Bell-like,1.41,False,False,0,0,0.13,False,False,False,21,-2,0.08,False,False,False,571,,,
1075,1RB0LC_1LA1RE_1LD1RE_1RE0LA_0RA1RF_0RB---,Bell-like,1.28,False,False,0,0,0.15,False,False,False,21,-2,0.35,False,False,False,4057,,,
1074,1RB1LE_1LC1RC_1LA1RD_1LD0RB_0LC0LF_0LB---,Bell-like,1.24,False,False,0,0,0.17,False,False,False,83,-2,0.44,False,False,False,8766,,,
1073,1RB1RD_1LC0LE_1RA0LB_1RA1RF_0RA0RC_1RE---,Bell-like,1.38,False,False,0,0,0.14,False,False,False,11,-2,0.45,False,False,False,1475,,,
1076,1RB0RB_1LC1RF_0RD0LB_0RA1LE_1LD---_0RB0RC,Bell-like,1.27,False,False,0,0,0.17,False,False,False,46,-2,0.5,False,False,False,2598,,,
1077,1RB1LF_1LC1RD_1RA1LA_0RA0RE_0RC---_1RF0LC,Bell-like,1.25,False,False,0,0,0.17,False,False,False,86,-2,0.45,False,False,False,7203,,,
1072,1RB1RF_1LC1RD_1LA1LC_1RA0RE_1RD1LA_---0LE,Bell-like,1.44,False,False,0,0,0.99,False,False,False,96,-2,0.2,False,False,False,3960,,,
1078,1RB1RE_1LC1RE_---1LD_1LE0LB_0RF0LD_1RD1RA,Bell-like,1.32,False,False,0,0,0.18,False,False,False,50,-2,0.12,False,False,False,1822,,,
1081,1RB---_1LC0RB_0LD0LC_1RE1RB_1RD1LF_1LA0LE,Bell-like,1.48,False,False,0,0,0.13,False,False,False,26,2,0.08,False,False,False,783,,,
1080,1RB1RD_1RC1LD_0LA1RA_1LE0RC_---1LF_0LA0LB,Bell-like,1.24,False,False,0,0,0.26,False,False,False,8,4976,0.43,False,False,False,21742,,,
1084,1RB1LF_1LC0RD_---1LD_1RB1RE_1LA0LB_0LA0LE,Bell-like,1.21,False,False,0,0,0.24,False,False,False,15,3522,0.37,False,False,False,4597,,,
1079,1RB0RD_1RC0LF_1LA0LB_---1RE_1LB1RA_0LC0RA,Bell-like,1.22,False,False,0,0,1.15,False,False,False,0,768,0.08,False,False,False,331,,,
1083,1RB0LE_1LC0RD_0RA1LD_0LC1RA_1LF1LA_---1LA,Bell-like,1.4,False,False,0,0,0.14,False,False,False,16,-2,0.42,False,False,False,7756,,,
1085,1RB0LF_1LC0LA_1RA0RD_---1RE_1LA1RC_0LB0RC,Bell-like,1.22,False,False,0,0,0.18,False,False,False,0,686,0.07,False,False,False,181,,,
1082,1RB0RE_1LC1RF_---0LD_0LE1LB_1LF1LD_1RD0RA,Bell-like,1.24,False,False,0,0,0.63,False,False,False,0,1616,0.61,False,False,False,8713,,,
1086,1RB1LF_1RC1LD_1LB1LE_1LE0LD_0LA0RE_1RD---,Bell-like,1.32,False,False,0,0,0.22,False,False,False,0,12204,0.39,False,False,False,3358,,,
1087,1RB1LC_1LA1LD_1LD0LC_0LE0RD_1RA1LF_1RC---,Bell-like,1.32,False,False,0,0,0.21,False,False,False,0,14097,0.41,False,False,False,3671,,,
1090,1RB0RE_0LC1LE_0RD1LD_1RA1LF_1LC0RA_0LB---,Bell-like,1.28,False,False,0,0,0.16,False,False,False,37,18,0.25,False,False,False,1037,,,
1091,1RB1RA_1LC0RB_1LD0LB_1RA0LE_---1LF_1LB0LA,Bell-like,1.46,False,False,0,0,0.14,False,False,False,10,600,0.12,False,False,False,1251,,,
1089,1RB0LD_0RC1RA_1RD1RE_1LA0LE_0RA0RF_1RC---,Bell-like,1.37,False,False,0,0,0.14,False,False,False,9,-2,0.36,False,False,False,1625,,,
1088,1RB1RA_1LC0RB_1LE0LD_0LB1LD_0RA0LF_---0RE,Bell-like,1.17,False,False,0,0,0.22,False,False,False,2,1729,0.82,False,False,False,9117,,,
1092,1RB0LC_1LC0RE_1RF1LD_1LA0LB_1RD1RA_1LB---,Bell-like,1.24,False,False,0,0,0.18,False,False,False,0,167,0.45,False,False,False,6395,,,
1093,1RB0RF_0LC1RE_---1LD_1LE0LB_0RF0LD_1RD1RA,Bell-like,1.27,False,False,0,0,0.47,False,False,False,0,1047,0.07,False,False,False,115,,,
1095,1RB1RF_1RC0LD_1LB1RA_1RE1LE_0RC0LB_0RB---,Bell-like,1.27,False,False,0,0,0.16,False,False,False,65,-2,0.07,False,False,False,125,,,
1096,1RB1LC_1LA0RD_0LB1LF_1RE1LC_1LC0RB_0LA---,Bell-like,1.28,False,False,0,0,0.14,False,False,False,23,-2,0.35,False,False,False,3377,,,
1094,1RB1RC_1LC0LE_0RA1RD_1RF1LB_1LD0LA_---0RC,Bell-like,1.37,False,False,0,0,0.15,False,False,False,17,-2,0.75,False,False,False,9635,,,
1099,1RB---_1LC0LD_0RF0LD_0LE0RA_0LC1RA_1RC1RD,Bell-like,1.22,False,False,0,0,0.2,False,False,False,25,-2,0.31,False,False,False,753,,,
1097,1RB0RE_1RC0RF_1LD1RA_1LB1LD_1RA1LB_---0LD,Bell-like,1.34,False,False,0,0,0.95,False,False,False,96,-2,0.2,False,False,False,3696,,,
1098,1RB1LC_1RC0RF_1RD0LB_1RE0LD_1LF---_0RA1LA,Bell-like,1.27,False,False,0,0,0.17,False,False,False,5,-2,0.79,False,False,False,2412,,,
1101,1RB1LC_1LA0RD_1LB1LF_1LE1RE_0LA0RB_0LB---,Bell-like,1.33,False,False,0,0,0.17,False,False,False,70,2544485087,0.06,False,False,False,40,,,
1100,1RB0LE_1RC0RF_0RD0RB_1RE0RC_1LA0LA_1RA---,Bell-like,1.34,False,False,0,0,0.2,False,False,False,69,-2,0.27,False,False,False,2998,,,
1102,1RB---_1RC1RE_1LD0LE_1RF0LC_0RD0RA_0RB1RD,Bell-like,1.34,False,False,0,0,0.13,False,False,False,9,-2,0.38,False,False,False,1770,,,
1103,1RB0RE_0LC---_1RE1LD_0LE1LB_1LC0RF_1RA1LD,Bell-like,1.27,False,False,0,0,0.14,False,False,False,23,-2,0.36,False,False,False,4505,,,
1105,1RB---_0RC0RB_1LD1LE_1LC1RF_1RB0LE_1RA0RD,Bell-like,1.42,False,False,0,0,0.13,False,False,False,19,6,0.07,False,False,False,269,,,
1107,1RB1LE_1RC0RF_0LD---_1RF1LE_0LF1LC_1LD0RA,Bell-like,1.31,False,False,0,0,0.15,False,False,False,33,-2,0.26,False,False,False,3287,,,
1108,1RB0LA_1RC0RE_0LD0RF_1LA1LD_0RA1RE_---0LC,Bell-like,1.23,False,False,0,0,0.21,False,False,False,3,2341,0.7,False,False,False,9219,,,
1109,1RB0RE_1RC---_0RD0RC_1LE1LF_1LD1RA_1RC0LF,Bell-like,1.43,False,False,0,0,0.13,False,False,False,21,-2,0.07,False,False,False,336,,,
1111,1RB0RA_0RC0LB_1LD1RF_1LE1RA_1RD1RB_1LA---,Bell-like,1.23,False,False,0,0,0.21,False,False,False,0,15364,0.26,False,False,False,2050,,,
1106,1RB1LB_1LC1LA_1RD0LB_1RA1RE_1RF0RD_---1RD,Bell-like,1.39,False,False,0,0,1.9,False,False,False,0,1964,0.08,False,False,False,485,,,
1110,1RB1RE_1LC0LB_1LD1LC_0RA1RF_1RD1RE_---1LB,Bell-like,1.53,False,False,0,0,0.63,False,False,False,38,148,0.27,False,False,False,2071,,,
1112,1RB0LC_1RC1RE_1LA0LD_0RB0RA_1RB1RF_1RD---,Bell-like,1.4,False,False,0,0,0.14,False,False,False,15,-2,0.52,False,False,False,1585,,,
1113,1RB0LD_0RC1RD_1LA1RA_1LE0LE_1RF0LA_0RA---,Bell-like,1.36,False,False,0,0,0.2,False,False,False,82,-2,0.27,False,False,False,5312,,,
1117,1RB1LB_0RC0LD_1LD1RE_1RC0LA_1RD1RF_0RD---,Bell-like,1.26,False,False,0,0,0.16,False,False,False,65,-2,0.06,False,False,False,48,,,
1116,1RB1RE_1LC0LE_1RD0LB_0RA1RC_0RC0RF_1RA---,Bell-like,1.32,False,False,0,0,0.14,False,False,False,9,-2,0.4,False,False,False,1406,,,
1115,1RB0LE_1RC---_1RD1RE_1LA0RF_0RC0LA_0LC0RB,Bell-like,1.25,False,False,0,0,0.44,False,False,False,0,2838,0.26,False,False,False,3336,,,
890,1RB1RA_1LC0RA_1LF0LD_0LE0RB_1LB---_0RB0LB,Bouncer + Chaotic Edge,1.3,False,False,0,0,0.14,False,False,False,0,2991,60,True,,,,,,
1118,1RB0RF_1LC---_1RD0LC_0RE0RD_1LF1LC_1LE1RA,Bell-like,1.44,False,False,0,0,0.14,False,False,False,21,-2,0.09,False,False,False,692,,,
1114,1RB0RA_1LC0LE_1RA1LD_0LB1LF_1LD0RC_1LB---,Bell-like,1.27,False,False,0,0,2.1,False,False,False,6,2735,0.17,False,False,False,2505,,,
1119,1RB1LB_1RC1LD_1LA1RE_1RD0LA_0RB0RF_0RA---,Bell-like,1.28,False,False,0,0,0.18,False,False,False,98,-2,0.41,False,False,False,6340,,,
1120,1RB1LC_1LC0RF_0LF1LD_0LE---_1RF1LC_1LE0RA,Bell-like,1.3,False,False,0,0,0.15,False,False,False,33,-2,0.28,False,False,False,3631,,,
1121,1RB1LA_1LC0RE_1LF1LD_1RE0LC_1LB1RA_---0LA,Bell-like,1.42,False,False,0,0,0.14,False,False,False,4,-2,0.16,False,False,False,551,,,
1122,1RB0RC_1LC1RF_1RE0LD_1LC1LA_---1RD_0RB0RA,Bell-like,1.31,False,False,0,0,0.25,False,False,False,18,38973,0.38,False,False,False,4819,,,
1123,1RB0RF_1LC---_1LF1LD_1RE0LD_0RC0RE_1LC1RA,Bell-like,1.61,False,False,0,0,0.13,False,False,False,19,-2,0.1,False,False,False,754,,,
1124,1RB1RD_1LC0RD_1RF1RB_1LE0RA_0LB0LE_---0RC,Bell-like,1.27,False,False,0,0,0.17,False,False,False,33,-2,0.06,False,False,False,30,,,
1126,1RB1RC_1LC0LF_1RF0LD_0RE1LB_1RC---_1LD0RA,Bell-like,1.24,False,False,0,0,0.18,False,False,False,0,169,0.43,False,False,False,5925,,,
1125,1RB0RE_1LC0RA_0LD1LB_1LA1LE_0LB0LF_1LD---,Bell-like,1.61,False,False,0,0,0.13,False,False,False,9,-2,0.35,False,False,False,1323,,,
1129,1RB0LA_0RC0RB_1LD1LA_1LC1RE_1RF0RD_1LA---,Bell-like,1.34,False,False,0,0,0.13,False,False,False,29,-2,0.08,False,False,False,801,,,
1128,1RB0RE_1LC1RD_1LA0LC_0RA1RF_1RD0LB_1RA---,Bell-like,1.34,False,False,0,0,0.41,False,False,False,35,3118052,0.3,False,False,False,5155,,,
1131,1RB1RE_1LC1LB_1LE0LD_1LE1LC_0RF1RA_---1RA,Bell-like,1.42,False,False,0,0,0.25,False,False,False,86,-2,0.1,False,False,False,466,,,
1127,1RB1RA_0LC0RA_1RC1LD_0LB1LE_1LF0RC_---0LD,Bell-like,1.23,False,False,0,0,0.9,False,False,False,1,260,0.35,False,False,False,5833,,,
1133,1RB1LD_0LC1RC_1RA1RD_1LE0RB_---1LF_0LC0LA,Bell-like,1.23,False,False,0,0,0.33,False,False,False,8,7430,0.44,False,False,False,25296,,,
1132,1RB1LF_1LC0RD_---1LA_0LA0RE_1LA1RA_1LB0LD,Bell-like,1.23,False,False,0,0,0.14,False,False,False,23,-2,0.76,False,False,False,2704,,,
1134,1RB1LD_0RC1RC_1RD0RE_0LA0LF_0RF---_1RA1LA,Bell-like,1.25,False,False,0,0,0.19,False,False,False,152,-2,0.42,False,False,False,7725,,,
1135,1RB0RE_0LC0RF_1LD1LC_1RA0LD_0RD1RE_---0LB,Bell-like,1.24,False,False,0,0,0.23,False,False,False,2,1868,0.68,False,False,False,10538,,,
1138,1RB---_0RC0RA_1RD1RC_1LE1LF_0LB0LD_0LE0RC,Chaotic Ack-like Bell,1.3,False,False,0,0,0.15,False,False,False,5,-2,0.48,False,False,False,8413,,,
1137,1RB1RA_1LC1LE_0LD0LB_0RA0RF_0LC0RA_1RD---,Chaotic Ack-like Bell,1.22,False,False,0,0,0.43,False,False,False,10,2298655515,0.55,False,False,False,7948,,,
1139,1RB0LA_1LC0RD_0LD1LA_1LF0RE_1LB1RE_1RD---,Chaotic Ack-like Bell,1.24,False,False,0,0,0.27,False,False,False,29,8598,0.34,False,False,False,4130,,,
1140,1RB1RC_1LC0RC_0RA0LD_0LE---_0LF1LD_1LC1LE,Chaotic Ack-like Bell,1.38,False,False,0,0,0.16,False,False,False,5,531,0.42,False,False,False,15742,,,
1142,1RB1RE_0RC0RA_0LD0LF_1LA1LD_0RB0LD_1LC---,Chaotic Ack-like Bell,1.32,False,False,0,0,0.13,False,False,False,5,-2,0.57,False,False,False,7515,,,
1143,1RB0RF_1LC0RC_0LD1LC_1RE1LB_1RF---_1LE1RA,Chaotic Ack-like Bell,1.26,False,False,0,0,0.57,False,False,False,0,1523,0.47,False,False,False,10506,,,
1141,1RB0LB_0LC0RD_1LA1LB_0RE---_0RF1RD_1RB1RE,Chaotic Ack-like Bell,2.12,False,False,0,0,0.17,False,False,False,6,1323,0.63,False,False,False,22136,,,
1146,1RB---_1RC0RA_1LD0RB_0LE0LC_1RE1LF_0RD0RB,Chaotic Ack-like Bell,1.37,False,False,0,0,0.16,False,False,False,4,1897,0.06,False,False,False,116,,,
1144,1RB0LE_0RC0RA_1LC1RD_0LB0LE_1LA0LF_1LE---,Chaotic Ack-like Bell,2.56,False,False,0,0,0.17,False,False,False,4,2962,0.07,False,False,False,137,,,
1147,1RB1LC_1LA---_1LD0LA_1RE0LE_0RF1RE_1LB1RD,Chaotic Ack-like Bell,1.24,False,False,0,0,0.23,False,False,False,28,352,0.17,False,False,False,2962,,,
1149,1RB1LC_1RC---_0LD1RF_0LE1LE_0LA1LE_0RC0RB,Skelet 17-like,1.28,False,False,0,0,0.15,False,False,False,0,74,0.09,False,False,False,591,,,
1148,1RB---_0LC1RF_0LD1LC_1RE1LB_0RE1LA_0RB0RA,Skelet 17-like,1.34,False,False,0,0,0.14,False,False,False,0,99,0.08,False,False,False,302,,,
1145,1RB0LF_1RC0RA_1LD0RB_0LE0LC_0LA0LC_0LB---,Chaotic Ack-like Bell,2.28,False,False,0,0,0.67,False,False,False,15,2663,0.08,False,False,False,578,,,
1150,1RB1LD_1RC---_0LD1RE_0LF1RE_0RC0RB_0LA1LF,Skelet 17-like,1.25,False,False,0,0,0.15,False,False,False,0,82,0.08,False,False,False,232,,,
1151,1RB---_0LC1RF_0LD1LC_1RE1LB_1RD0LD_0RB0RA,Skelet 17-like,1.27,False,False,0,0,0.14,False,False,False,0,99,0.07,False,False,False,305,,,
1152,1RB---_0LC1RF_1RA1LD_0LE1RF_0LC1LE_0RD0RA,Skelet 17-like,1.27,False,False,0,0,0.14,False,False,False,0,97,0.07,False,False,False,172,,,
1154,1RB1LC_1RC---_0LD1RE_0LA1LD_0RC1RF_0LF0RB,Skelet 17-like,1.27,False,False,0,0,0.14,False,False,False,0,72,0.08,False,False,False,439,,,
1153,1RB---_0RC1RF_0LD1RF_0LE1LD_1RA1LC_0RC0RA,Skelet 17-like,1.3,False,False,0,0,0.14,False,False,False,0,83,0.07,False,False,False,182,,,
1155,1RB1LC_1RC0RF_0LD1RE_0LA1LD_0RC0RB_0RE---,Skelet 17-like,1.32,False,False,0,0,0.15,False,False,False,0,72,0.07,False,False,False,272,,,
1156,1RB0RF_1LC1RA_0LE0LD_0LB0RD_1RD0RA_0RE---,Quadratic Skelet 17-like,1.3,False,False,0,0,0.14,False,False,False,0,578,0.7,False,False,False,22190,,,
1158,1RB1RA_0LC1RE_1RD1LB_0RA---_0RB0RF_1LF0RC,Quadratic Skelet 17-like,1.19,False,False,0,0,0.14,False,False,False,0,1777,0.08,False,False,False,455,,,
1157,1RB0RF_1LC1RA_0LE0LD_0LB0RD_1RA0RA_0RE---,Quadratic Skelet 17-like,1.28,False,False,0,0,0.13,False,False,False,0,578,0.69,False,False,False,22497,,,
1159,1RB1RA_0LC1RE_1RD1LB_0RA---_0RE0RF_1LF0RC,Quadratic Skelet 17-like,1.29,False,False,0,0,0.15,False,False,False,0,1752,0.08,False,False,False,589,,,
1161,1RB0LA_0RC1RF_1LC0RD_1RC0LE_1LA1RA_1RD---,Quadratic Skelet 17-like,1.18,False,False,0,0,0.24,False,False,False,0,924,0.47,False,False,False,6143,,,
1160,1RB0RF_1LC1RA_0LE0LD_0LB1LC_1RD0RA_0RE---,Quadratic Skelet 17-like,1.27,False,False,0,0,0.14,False,False,False,0,578,0.83,False,False,False,28684,,,
1168,1RB0LC_0RC1RF_1RD0RE_1LE0RA_0LA0LE_1RE---,Skelet 1-like Class 1,1.3,False,False,0,0,0.14,False,False,False,0,1569,0.26,False,False,False,4028,,,
1169,1RB0LC_1LA0RD_1RA0LA_1RE1RD_1RA1RF_1LC---,Skelet 1-like Class 1,1.29,False,False,0,0,0.14,False,False,False,0,848,0.29,False,False,False,5204,,,
1170,1RB0LC_1LC0RE_1LD1LB_1LA1LD_1RF0RA_---1RE,Skelet 1-like Class 1,1.28,False,False,0,0,0.15,False,False,False,0,1315,0.3,False,False,False,9796,,,
1171,1RB0LB_1RC0LA_1RD---_0RE1LD_1LF0RF_1LA1RB,Skelet 1-like Class 1,1.27,False,False,0,0,0.19,False,False,False,0,209,0.35,False,False,False,4853,,,
1172,1RB0LD_1RC0RF_1LA1RF_0LA0RE_1LD---_0RA0RD,Skelet 1-like Class 1,1.45,False,False,0,0,0.15,False,False,False,1,4287,0.25,False,False,False,4351,,,
1173,1RB0LC_0RC0RF_1RD0RE_1LE0RA_0LA0LE_0RC---,Skelet 1-like Class 1,1.26,False,False,0,0,0.14,False,False,False,0,1219,0.26,False,False,False,4009,,,
1174,1RB1LD_1RC1RE_1LA0RA_1RC0LB_0LA1RF_---1RB,Skelet 1-like Class 1,1.25,False,False,0,0,0.14,False,False,False,0,2382,0.33,False,False,False,5655,,,
1175,1RB0LC_0RC0RB_1LD0RE_0LE0LF_1LA0LB_1RA---,Skelet 1-like Class 1,1.38,False,False,0,0,0.14,False,False,False,0,2121,0.18,False,False,False,3042,,,
1176,1RB0RC_1LC0RD_0LD0LC_1RE0LA_0RA0RF_1RC---,Skelet 1-like Class 1,1.32,False,False,0,0,0.14,False,False,False,0,1892,0.26,False,False,False,4097,,,
1177,1RB1RC_1LC1LE_1RD0RA_1LB0RA_0LD1LF_1LD---,Skelet 1-like Class 1,1.28,False,False,0,0,0.15,False,False,False,0,2098,0.27,False,False,False,12287,,,
1179,1RB0LD_1RC0RF_0LD0LE_1RF1LC_0LB1LE_0RA---,Skelet 1-like Class 1,1.27,False,False,0,0,0.15,False,False,False,0,1613,0.4,False,False,False,8645,,,
1178,1RB0RE_0RC1RE_1RD1LE_0LE---_1RA1LF_1RF0LC,Skelet 1-like Class 1,1.23,False,False,0,0,0.13,False,False,False,0,1053,0.58,False,False,False,14965,,,
1180,1RB0RC_1LC0RD_0LD0LC_1RE0LA_0RA0RF_0RD---,Skelet 1-like Class 1,1.28,False,False,0,0,0.14,False,False,False,0,1215,0.19,False,False,False,3044,,,
1181,1RB1LD_1RC1RE_1LA0RA_1RC0LB_0LA1RF_---1RD,Skelet 1-like Class 1,1.32,False,False,0,0,0.15,False,False,False,0,2270,0.31,False,False,False,4912,,,
1182,1RB0RC_1LC0RD_0LD0LC_1RE0LA_0RA0RF_0LC---,Skelet 1-like Class 1,1.39,False,False,0,0,0.14,False,False,False,0,1858,0.27,False,False,False,4096,,,
1184,1RB---_0LC0LB_1RF0LD_1RE0RB_1LB0RC_0RD1RA,Skelet 1-like Class 1,1.28,False,False,0,0,0.14,False,False,False,0,1219,0.2,False,False,False,3415,,,
1185,1RB0RB_1RC1LC_0LD1RA_1LF1LE_0LA1LC_1LB---,Skelet 1-like Class 1,1.25,False,False,0,0,0.13,False,False,False,0,1804,0.24,False,False,False,3879,,,
1183,1RB1RB_0LC0RE_1LD1LB_1RE1LF_1RC0RA_1LC---,Skelet 1-like Class 1,1.23,False,False,0,0,0.14,False,False,False,0,704,1.22,False,False,False,14881,,,
1186,1RB0LB_1LC1RE_1LA1LD_0RB1LF_1LA0RC_---1LC,Skelet 1-like Class 1,1.3,False,False,0,0,0.15,False,False,False,1,2493,0.3,False,False,False,5122,,,
1187,1RB0LC_0RC0RB_1LD0RE_0LE0LF_1LA0LB_0LC---,Skelet 1-like Class 1,1.36,False,False,0,0,0.14,False,False,False,0,1830,0.15,False,False,False,2262,,,
1188,1RB0LC_0RC0RF_1RD0RE_1LE0RA_0LA0LE_1LD---,Skelet 1-like Class 1,1.34,False,False,0,0,0.14,False,False,False,0,1215,0.26,False,False,False,4011,,,
1189,1RB0LC_0RC0RB_1LD0RE_0LE0LF_1LA0LB_0RB---,Skelet 1-like Class 1,1.31,False,False,0,0,0.14,False,False,False,0,1218,0.18,False,False,False,3043,,,
1191,1RB1RE_1RC1LE_1LD0RA_1LF0LA_1LB0LC_---1RA,Skelet 1-like Class 1,1.22,False,False,0,0,0.16,False,False,False,0,3155,0.08,False,False,False,213,,,
1192,1RB0LD_1RC1RE_1LD0LA_1RB1LA_0RF---_1RA1LB,Skelet 1-like Class 1,1.21,False,False,0,0,0.14,False,False,False,0,835,0.3,False,False,False,3724,,,
1190,1RB1LD_1LC0RE_1LA0LD_0LB0LE_0RB0LF_1RE---,Skelet 1-like Class 1,1.73,False,False,0,0,0.15,False,False,False,1,2325,0.27,False,False,False,4259,,,
1193,1RB0LE_0RC---_1RD0LA_1RE0RA_0LF1LD_1LC1RF,Skelet 1-like Class 1,1.23,False,False,0,0,0.2,False,False,False,0,2586,0.24,False,False,False,3800,,,
1194,1RB1LB_1RC0LA_1RD0RE_1LA0LB_1RF---_1RB1LD,Skelet 1-like Class 1,1.25,False,False,0,0,0.14,False,False,False,0,1035,0.32,False,False,False,3509,,,
1195,1RB0LD_1RC1RE_1LA0LD_1LB1LC_0RA1RF_1RA---,Skelet 1-like Class 1,1.24,False,False,0,0,0.15,False,False,False,0,2082,0.29,False,False,False,9862,,,
1196,1RB1RE_0LC0RE_1LD1LB_1RE0LF_1RC0RA_1LC---,Skelet 1-like Class 1,1.24,False,False,0,0,0.14,False,False,False,0,704,0.34,False,False,False,6357,,,
1198,1RB1RE_1LC1RB_1RA0LD_1RC0LB_0RF---_0LD1RA,Skelet 1-like Class 1,1.31,False,False,0,0,0.17,False,False,False,0,233,0.16,False,False,False,2720,,,
1197,1RB1RF_1LC0RE_1RD0LC_0LB0RA_1LD1RD_1RB---,Skelet 1-like Class 1,1.3,False,False,0,0,0.14,False,False,False,0,2029,0.48,False,False,False,10215,,,
1199,1RB1RE_1LC0RC_1RA1LD_1RB0LA_0LC1RF_---1RD,Skelet 1-like Class 1,1.34,False,False,0,0,0.15,False,False,False,0,2283,0.32,False,False,False,4879,,,
1200,1RB0RC_1LC0RD_0LD0LC_1RE0LA_0RA0RF_0RA---,Skelet 1-like Class 1,1.34,False,False,0,0,0.14,False,False,False,0,1218,0.27,False,False,False,4096,,,
1202,1RB---_0RC0LA_1LD0RB_1LE0LF_1RC1LF_0LC0LB,Skelet 1-like Class 1,1.27,False,False,0,0,0.15,False,False,False,0,2873,0.38,False,False,False,6411,,,
1203,1RB1LD_0RC---_1RD1LE_1RE0LA_1RF1RB_1LA0LD,Skelet 1-like Class 1,1.25,False,False,0,0,0.15,False,False,False,0,2299,0.36,False,False,False,4159,,,
1201,1RB0RE_1LC1LF_1RA1LD_1LB---_1RF1RF_0LB0RA,Skelet 1-like Class 1,1.25,False,False,0,0,0.14,False,False,False,0,700,0.96,False,False,False,16963,,,
1204,1RB0LD_0LB1RC_0RD---_1RE0RF_1LF0RA_0LA0LF,Skelet 1-like Class 1,1.26,False,False,0,0,0.15,False,False,False,0,1569,0.29,False,False,False,4307,,,
1205,1RB0LC_0RC0RB_1LD0RE_0LE0LF_1LA0LB_1LA---,Skelet 1-like Class 1,1.34,False,False,0,0,0.14,False,False,False,0,1615,0.19,False,False,False,3043,,,
1206,1RB0RF_1LC1RF_1RA0LD_0LC0RE_1LD---_0RC0RD,Skelet 1-like Class 1,1.22,False,False,0,0,0.16,False,False,False,4,4501,0.27,False,False,False,4533,,,
1207,1RB0RC_1LC0RD_0LD0LC_1RE0LA_0RA0RF_0LA---,Skelet 1-like Class 1,1.31,False,False,0,0,0.14,False,False,False,0,1892,0.27,False,False,False,4097,,,
1209,1RB0LC_0RC0RB_1LD0RE_0LE0LF_1LA0LB_0RE---,Skelet 1-like Class 1,1.31,False,False,0,0,0.14,False,False,False,0,1227,0.19,False,False,False,3042,,,
1104,1RB0RC_1LC1RA_0RF0LD_1LE0RB_1LB0LD_---1RD,Bell-like,1.27,False,False,0,0,30.2,False,False,False,5,-2,0.1,False,False,False,269,,,
1210,1RB0RD_0LC0RA_1LA1LC_1RE0LF_0RA1RF_1LB---,Skelet 1-like Class 1,1.25,False,False,0,0,0.14,False,False,False,0,1122,0.3,False,False,False,4981,,,
1211,1RB1RD_0LC0LB_0RE0LD_1LB0RB_1RF---_0RA0RC,Skelet 1-like Class 1,1.27,False,False,0,0,0.13,False,False,False,0,1056,0.23,False,False,False,4110,,,
1212,1RB0LC_0RC0RB_1LD0RE_0LE0LF_1LA0LB_1LC---,Skelet 1-like Class 1,1.26,False,False,0,0,0.14,False,False,False,0,1447,0.16,False,False,False,2262,,,
1208,1RB0RE_1LC0RE_1LA1LD_0LB1LF_1RC1RA_1LB---,Skelet 1-like Class 1,1.2,False,False,0,0,0.15,False,False,False,0,3264,0.69,False,False,False,29960,,,
1213,1RB0LF_0RC0LC_1LA1LD_1RE1LC_---1RA_0LC0RD,Skelet 1-like Class 1,1.26,False,False,0,0,0.17,False,False,False,0,2557,0.43,False,False,False,8730,,,
1216,1RB0LC_0RC0RB_1LD0RE_0LE1LF_1LA0LB_1LD---,Skelet 1-like Class 1,1.3,False,False,0,0,0.14,False,False,False,0,1348,0.19,False,False,False,3043,,,
1214,1RB0LB_1RC1LD_1LD0RD_1LE0RC_1LF---_0LA1RF,Skelet 1-like Class 1,1.22,False,False,0,0,0.19,False,False,False,0,2522,0.37,False,False,False,4971,,,
1215,1RB0RC_1LC0RD_0LD0LC_1RE0LA_0RA0RF_1LB---,Skelet 1-like Class 1,1.32,False,False,0,0,0.15,False,False,False,0,1271,0.27,False,False,False,4097,,,
1217,1RB1LF_1LC0RD_0LD0LC_1RE0LA_0RA0RC_0RE---,Skelet 1-like Class 1,1.25,False,False,0,0,0.15,False,False,False,0,1698,0.28,False,False,False,4110,,,
1218,1RB0LC_0RC0RF_1RD0RE_1LE0RA_0LA0LE_1RE---,Skelet 1-like Class 1,1.31,False,False,0,0,0.14,False,False,False,0,1760,0.27,False,False,False,3997,,,
1219,1RB0LC_0RC0RB_1LD0RE_0LE0LB_1LA1RF_0LD---,Skelet 1-like Class 1,1.37,False,False,0,0,0.14,False,False,False,0,1580,0.19,False,False,False,3008,,,
1220,1RB0LC_0RC0RB_1LD0RE_0LE1LF_1LA0LB_0RE---,Skelet 1-like Class 1,1.29,False,False,0,0,0.14,False,False,False,0,1580,0.19,False,False,False,3043,,,
1224,1RB0LC_0RC0RB_1LD0RE_0LE0LF_1LA0LB_0LE---,Skelet 1-like Class 1,1.27,False,False,0,0,0.14,False,False,False,0,1217,0.19,False,False,False,3043,,,
1225,1RB0LC_0RC0RF_1RD0RE_1LE0RA_0LA0LE_0RA---,Skelet 1-like Class 1,1.3,False,False,0,0,0.14,False,False,False,0,1426,0.17,False,False,False,2594,,,
1226,1RB0LC_0RC1RF_1RD0RE_1LE0RA_0LA0LE_0RB---,Skelet 1-like Class 1,1.21,False,False,0,0,0.14,False,False,False,0,2001,0.17,False,False,False,2707,,,
1223,1RB0RC_1LC1RF_1RA1LD_1RD0LE_1LD1LC_0RE---,Skelet 1-like Class 1,1.32,False,False,0,0,0.13,False,False,False,0,1047,0.62,False,False,False,15008,,,
1221,1RB0LC_0RC1RF_1RD0RE_1LE0RA_0LA0LE_1RB---,Skelet 1-like Class 1,2.15,False,False,0,0,0.14,False,False,False,0,1628,0.17,False,False,False,2727,,,
1222,1RB---_1RC1RF_1LD1RA_1LB0LE_1LF1LF_0RB0LD,Skelet 1-like Class 1,1.22,False,False,0,0,0.13,False,False,False,0,705,1.1,False,False,False,14590,,,
1227,1RB0LC_0RC0RF_1RD0RE_1LE0RA_0LA0LE_0LE---,Skelet 1-like Class 1,1.29,False,False,0,0,0.14,False,False,False,0,1221,0.26,False,False,False,3991,,,
1230,1RB0LD_1LC0RD_1RE0RA_1LE0RF_1LA1RC_0LB---,Skelet 1-like Class 1,1.21,False,False,0,0,0.18,False,False,False,0,270,0.08,False,False,False,209,,,
1228,1RB0RC_1LC0RD_0LD0LC_1RE0LA_0RA1RF_1RE---,Skelet 1-like Class 1,1.37,False,False,0,0,0.14,False,False,False,0,1493,0.28,False,False,False,4340,,,
1231,1RB0RC_1LC0RD_0LD0LC_1RE0LA_0RA1RF_0RC---,Skelet 1-like Class 1,1.38,False,False,0,0,0.14,False,False,False,0,1493,0.28,False,False,False,4340,,,
1233,1RB1LF_0RC1RC_1LD0RD_0LE0LA_1RA0LB_---1LD,Skelet 1-like Class 1,1.25,False,False,0,0,0.14,False,False,False,1,2283,0.06,False,False,False,22,,,
1232,1RB0LC_0RC0RF_1RD0RE_1LE0RA_0LA0LE_1RA---,Skelet 1-like Class 1,1.25,False,False,0,0,0.14,False,False,False,0,1434,0.17,False,False,False,2596,,,
1229,1RB0RE_1LC1LF_1RA0LD_1LB---_1RF1RA_0LB0RA,Skelet 1-like Class 1,1.26,False,False,0,0,0.13,False,False,False,0,700,1.11,False,False,False,21481,,,
1234,1RB1LE_1RC1LF_0RD1RD_1LE0RE_0LA0LB_---1LE,Skelet 1-like Class 1,1.3,False,False,0,0,0.14,False,False,False,1,2261,0.06,False,False,False,26,,,
1235,1RB0RC_1LC0RD_0LD0LC_1RE0LA_0RA0RF_0LB---,Skelet 1-like Class 1,1.35,False,False,0,0,0.14,False,False,False,0,1224,0.27,False,False,False,4097,,,
1236,1RB1LC_0LC---_1RE1LD_1RD0LA_1RF0RC_0RA1RC,Skelet 1-like Class 1,1.24,False,False,0,0,0.14,False,False,False,0,1061,0.59,False,False,False,14108,,,
1239,1RB0RD_0LC0LF_1RD1LB_0RE---_1RA0LC_0LA1LF,Skelet 1-like Class 1,1.26,False,False,0,0,0.16,False,False,False,0,1691,0.13,False,False,False,1755,,,
1237,1RB0LB_1RC0LA_1LB0RD_1RE1RD_1RB1RF_1LA---,Skelet 1-like Class 1,1.34,False,False,0,0,0.14,False,False,False,0,876,0.23,False,False,False,4461,,,
1238,1RB---_1RC1LE_1RD0LF_1RE0RA_1LF0LC_1RC1LC,Skelet 1-like Class 1,1.3,False,False,0,0,0.14,False,False,False,0,8761,0.42,False,False,False,4515,,,
1130,1RB0RE_1RC1LF_0LD0RE_---1LE_1RA0LB_1LB0LC,Bell-like,1.38,False,False,0,0,30.13,False,False,False,5,-2,0.12,False,False,False,206,,,
1240,1RB1RF_1LC1RD_1RA1LD_1RE0LA_---0RC_0LC1RB,Skelet 1-like Class 1,1.34,False,False,0,0,0.15,False,False,False,0,2283,0.33,False,False,False,5529,,,
1241,1RB0RC_1LC1RC_1LD0RB_1LA0LE_1LF---_1LC1RA,Skelet 1-like Class 1,1.31,False,False,0,0,0.14,False,False,False,1,1023,0.45,False,False,False,4671,,,
1242,1RB0LC_0RC0RB_1LD0RE_0LE1LF_1LA0LB_1LB---,Skelet 1-like Class 1,1.31,False,False,0,0,0.14,False,False,False,0,1580,0.19,False,False,False,3043,,,
1243,1RB0LC_0RC1RF_1RD0RE_1LE0RA_0LA0LE_0LA---,Skelet 1-like Class 1,1.26,False,False,0,0,0.14,False,False,False,0,1607,0.26,False,False,False,4009,,,
1244,1RB0RF_1LC0RA_0LD0LB_1RD1LE_0RC0RA_1RA---,Skelet 1-like Class 1,1.53,False,False,0,0,0.16,False,False,False,3,4956,0.06,False,False,False,278,,,
1245,1RB---_0RC0LD_1RD1RC_1LB0LE_1LF0RA_0LD1LA,Skelet 1-like Class 1,1.31,False,False,0,0,0.14,False,False,False,0,1123,0.35,False,False,False,4961,,,
1246,1RB0LC_0RC0RE_1RD1LF_1LE0RA_0LA0LE_0RB---,Skelet 1-like Class 1,1.34,False,False,0,0,0.14,False,False,False,0,1569,0.27,False,False,False,4027,,,
1247,1RB1RE_1LC1RF_1LA0LD_1LE1RD_0RA0LC_0LA---,Skelet 1-like Class 1,1.24,False,False,0,0,0.13,False,False,False,0,1322,0.3,False,False,False,5184,,,
1248,1RB0RE_1LC1LF_1RA1LD_0LB---_1RF1LE_0LB0RA,Skelet 1-like Class 1,1.2,False,False,0,0,0.13,False,False,False,0,1270,0.21,False,False,False,3748,,,
1250,1RB0LC_0RC0RB_1LD0RE_0LE1LF_1LA0LB_0LD---,Skelet 1-like Class 1,1.35,False,False,0,0,0.13,False,False,False,0,1218,0.19,False,False,False,3042,,,
1249,1RB---_1LC0RC_0LD0LC_1RE1RA_0RD1LF_0LE0LF,Skelet 1-like Class 1,1.4,False,False,0,0,0.14,False,False,False,0,1030,0.54,False,False,False,11515,,,
1251,1RB0RC_1LC0RD_0LD0LC_1RE0LA_0RA1RF_0RE---,Skelet 1-like Class 1,1.28,False,False,0,0,0.14,False,False,False,0,1221,0.28,False,False,False,4399,,,
1254,1RB1RB_1LC1RF_1RA1LD_1RE0LC_---1RC_1LC0RD,Skelet 1-like Class 1,1.31,False,False,0,0,0.15,False,False,False,0,2622,0.07,False,False,False,220,,,
1255,1RB1LE_1LC1RE_1LE1LD_1LC0LA_1RF0LA_---0RA,Skelet 1-like Class 1,1.35,False,False,0,0,0.14,False,False,False,0,4540,0.23,False,False,False,4034,,,
1256,1RB0RC_1LC0RD_0LD0LC_1RE0LA_0LE1RF_0RA---,Skelet 1-like Class 1,1.25,False,False,0,0,0.14,False,False,False,0,1698,0.28,False,False,False,4098,,,
1253,1RB1RE_1LC0LD_1RA0LD_1LA1LB_0RC1RF_1RC---,Skelet 1-like Class 1,1.3,False,False,0,0,0.15,False,False,False,0,2847,0.72,False,False,False,36988,,,
1252,1RB0LC_0RC1RF_1RD0RE_1LE0RA_0LA0LE_0RE---,Skelet 1-like Class 1,2.11,False,False,0,0,0.14,False,False,False,0,1628,0.18,False,False,False,2727,,,
1257,1RB1LC_1RC0LE_1RD1RF_1LE0LB_1RF1LB_0RA---,Skelet 1-like Class 1,1.26,False,False,0,0,0.14,False,False,False,0,26152,0.39,False,False,False,4742,,,
1259,1RB0LC_0RC0RB_1LD0RE_0LE0LF_1LA0LB_1LB---,Skelet 1-like Class 1,1.25,False,False,0,0,0.14,False,False,False,0,1770,0.19,False,False,False,3042,,,
1258,1RB0LF_1LC0RC_1RA1LD_0RB0LE_1LC0LB_---1LA,Skelet 1-like Class 1,1.26,False,False,0,0,0.16,False,False,False,0,2132,0.46,False,False,False,8005,,,
1260,1RB1LD_1RC1RF_1LA1RD_1RE0LB_---0RA_0LA1RC,Skelet 1-like Class 1,1.32,False,False,0,0,0.14,False,False,False,0,2270,0.31,False,False,False,4985,,,
1262,1RB0LC_0RC0RB_1LD0RE_0LE1LF_1LA0LB_0LB---,Skelet 1-like Class 1,1.27,False,False,0,0,0.14,False,False,False,0,1348,0.19,False,False,False,3043,,,
1261,1RB1LA_0LC0RE_1LD1LB_1RE1LF_1RC0RA_0RC---,Skelet 1-like Class 1,1.24,False,False,0,0,0.13,False,False,False,0,1311,0.36,False,False,False,6143,,,
1263,1RB0LC_0RC1RF_1RD0RE_1LE0RA_0LA0LE_1LD---,Skelet 1-like Class 1,1.3,False,False,0,0,0.14,False,False,False,0,1862,0.26,False,False,False,3997,,,
1264,1RB0RC_1LC0RD_0LD0LC_1RE0LA_0RA1RF_0LD---,Skelet 1-like Class 1,1.33,False,False,0,0,0.14,False,False,False,0,1220,0.26,False,False,False,4096,,,
1265,1RB0LD_1LC1RE_1LA1RC_1RA0LC_0RF---_0LD1RB,Skelet 1-like Class 1,1.35,False,False,0,0,0.17,False,False,False,0,284,0.2,False,False,False,3745,,,
1267,1RB1RD_1RC1RB_1LD0RA_1RA0LE_1LF0LC_---1LE,Skelet 1-like Class 1,1.24,False,False,0,0,0.15,False,False,False,0,1421,0.21,False,False,False,7268,,,
1266,1RB0LC_0RC0RB_1LD0RE_0LE0LF_1LA0LB_0RA---,Skelet 1-like Class 1,1.37,False,False,0,0,0.14,False,False,False,0,1296,0.19,False,False,False,3042,,,
1268,1RB0RC_1LC0RD_0LD0LC_1RE0LA_0RA0RF_1RD---,Skelet 1-like Class 1,1.47,False,False,0,0,0.14,False,False,False,0,1780,0.19,False,False,False,3044,,,
1269,1RB0LC_0RC0RF_1RD0RE_1LE0RA_0LA0LE_0LD---,Skelet 1-like Class 1,1.37,False,False,0,0,0.14,False,False,False,0,1286,0.26,False,False,False,3994,,,
1270,1RB1LE_0RC---_1RD0LA_1RE0RB_0LA0LF_0LD1LF,Skelet 1-like Class 1,1.28,False,False,0,0,0.14,False,False,False,31,1496,0.31,False,False,False,6674,,,
1271,1RB1RD_1LC0RF_0LA0RA_1LE1RA_---1LB_0RA0LD,Skelet 1-like Class 1,1.24,False,False,0,0,0.16,False,False,False,0,2559,0.44,False,False,False,9284,,,
1272,1RB1RE_1LC0RF_1LA0LD_1LE1LC_0RA0LC_1RA---,Skelet 1-like Class 1,1.29,False,False,0,0,0.13,False,False,False,0,709,0.33,False,False,False,6300,,,
1273,1RB1LF_1RC0RA_0RD1RA_1RE1LA_0LA---_1RF0LD,Skelet 1-like Class 1,1.32,False,False,0,0,0.14,False,False,False,0,1063,0.55,False,False,False,13839,,,
1274,1RB0RB_1LC0RA_1LE0LD_1LC1LF_1RA0LD_1LC---,Skelet 1-like Class 2,1.26,False,False,0,0,0.14,False,False,False,0,758,0.51,False,False,False,15064,,,
1275,1RB0RE_1LC0RE_1LD0LD_1RA0LC_1RA1RF_1RA---,Skelet 1-like Class 2,1.27,False,False,0,0,0.14,False,False,False,0,758,0.52,False,False,False,16493,,,
1277,1RB1LB_0LC1RD_0RA1LC_0RB1RE_0RD0LF_---1LE,Skelet 1-like Class 2,1.26,False,False,0,0,0.14,False,False,False,0,680,0.12,False,False,False,2207,,,
1276,1RB0LD_1RC0RA_1RD1RF_1LA0LE_1RE1LD_0RB---,Skelet 1-like Class 2,1.28,False,False,0,0,0.14,False,False,False,0,757,0.22,False,False,False,6047,,,
1278,1RB1RF_1LC0LE_1RD0LB_1RA0RC_1RE1LB_0RD---,Skelet 1-like Class 2,1.3,False,False,0,0,0.14,False,False,False,0,762,0.08,False,False,False,793,,,
1279,1RB0RF_1RC0RB_1LD0RA_1LE0LD_1RB0LC_1LA---,Skelet 1-like Class 2,1.2,False,False,0,0,0.16,False,False,False,0,744,0.42,False,False,False,6740,,,
1280,1RB0LD_1RC0RE_1LD0RE_1LA0LA_1RB1RF_1RB---,Skelet 1-like Class 2,1.29,False,False,0,0,0.14,False,False,False,0,760,0.53,False,False,False,15499,,,
1284,1RB0RD_1LC0RA_---1RD_1RA1LE_1RC0LF_1LE0LB,Skelet 1-like Class 2,1.24,False,False,0,0,0.16,False,False,False,0,471,0.12,False,False,False,1867,,,
1282,1RB0LE_1RC0RC_1LD0RB_1LA0LE_1LD1LF_1LD---,Skelet 1-like Class 2,1.26,False,False,0,0,0.14,False,False,False,0,711,0.5,False,False,False,16237,,,
1281,1RB0LC_1RC0RC_1LD0RB_1LA0LE_1LD1LF_1LD---,Skelet 1-like Class 2,1.26,False,False,0,0,0.15,False,False,False,0,715,0.52,False,False,False,15555,,,
1285,1RB0RE_1LC0RD_1LD0LD_1RA0LC_1RA1RF_1RA---,Skelet 1-like Class 2,1.25,False,False,0,0,0.14,False,False,False,0,736,0.52,False,False,False,15436,,,
1286,1RB0RD_1RC1RF_1LD0LE_1RA0LC_1RE1LC_0RA---,Skelet 1-like Class 2,1.34,False,False,0,0,0.15,False,False,False,0,758,0.5,False,False,False,13422,,,
1287,1RB0RE_1LC0RA_1LD0LB_1LA1LF_1LE1RA_0LC---,Skelet 1-like Class 2,1.29,False,False,0,0,0.14,False,False,False,0,761,0.1,False,False,False,2080,,,
1288,1RB---_1LC0LA_1LD0LC_1RE0LB_1RF0RE_1LC0RD,Skelet 1-like Class 2,1.2,False,False,0,0,0.16,False,False,False,0,746,0.07,False,False,False,709,,,
1294,1RB1RF_0LC0RB_1LA0LD_1LE---_1RF1LF_1LC0RA,Monotone list,1.26,False,False,0,0,0.14,False,False,False,0,222,0.06,False,False,False,70,,,
1283,1RB0RA_1LC0RE_1LD0LC_1RA0LB_1RA0RF_1LE---,Skelet 1-like Class 2,1.24,False,False,0,0,0.16,False,False,False,0,761,2.04,False,False,False,34802,,,
1292,1RB1LE_0LC0RF_1LD1RD_1RC1RA_0LB0LA_0RC---,Monotone list,1.26,False,False,0,0,0.15,False,False,False,0,510,0.29,False,False,False,9562,,,
1293,1RB1RA_1LC1RE_---1LD_1LE0LF_0RA0LB_0RF0LA,Monotone list,1.33,False,False,0,0,0.18,False,False,False,0,466,0.37,False,False,False,12317,,,
1295,1RB1RA_1LC1RE_1LA1LD_1LC0LF_---0RA_1LA0LA,Monotone list,1.42,False,False,0,0,0.19,False,False,False,0,461,0.07,False,False,False,486,,,
1297,1RB0LE_0RC1RB_1LD0RA_1LA---_1LA1LF_0LE1LC,Monotone list,1.25,False,False,0,0,0.15,False,False,False,0,395,0.1,False,False,False,1908,,,
1298,1RB0LE_0RC---_1RD0LA_1RE0RA_1LC0LF_0RC1LC,Monotone list,1.26,False,False,0,0,0.18,False,False,False,0,891,0.44,False,False,False,9099,,,
1296,1RB---_0RC0LF_1LD0RE_1RC0LB_1RD1RA_1LB0LC,Monotone list,1.26,False,False,0,0,0.16,False,False,False,97,120,0.93,False,False,False,29441,,,
1299,1RB1LE_0RC0LC_1LD0RA_0LA0LF_0LC0LE_0LD---,Monotone list,1.24,False,False,0,0,0.15,False,False,False,0,600,0.07,False,False,False,621,,,
1302,1RB0LC_0RC0RF_1LD1RE_0LA0RA_0RA0RE_0RB---,Monotone list,1.18,False,False,0,0,0.16,False,False,False,0,536,0.07,False,False,False,638,,,
1300,1RB0RF_1LC0RD_1LA0LD_1LE0RA_0LB---_0LB1RB,Monotone list,1.25,False,False,0,0,0.22,False,False,False,0,809,0.45,False,False,False,8636,,,
1304,1RB0LA_0LC0RD_0RE1LA_0RC1LB_1LE0LF_1RD---,Monotone list,1.17,False,False,0,0,0.16,False,False,False,0,194,0.1,False,False,False,800,,,
1301,1RB0LC_1LA0RD_0RB0LF_1RA1RE_1RC---_1LC0LB,Monotone list,1.17,False,False,0,0,0.16,False,False,False,0,229,0.65,False,False,False,15069,,,
1303,1RB0LC_1LA0RD_1LB1LF_0LA0RE_1RD0RA_1LD---,Monotone list,1.25,False,False,0,0,0.19,False,False,False,210,146,0.73,False,False,False,18014,,,
1306,1RB1RC_1LA1RA_1RE1LD_0LE0LC_0LB0RF_0RB---,Monotone list,1.27,False,False,0,0,0.16,False,False,False,0,396,0.16,False,False,False,4564,,,
1307,1RB0LC_1RC---_1LD0RE_0LA1LD_1RC1RF_0RE1RA,Monotone list,1.27,False,False,0,0,0.16,False,False,False,0,394,0.25,False,False,False,7710,,,
1305,1RB0RF_0LC0RD_1LD1LC_1RE1LB_---1RA_0LF0RC,Monotone list,1.35,False,False,0,0,0.18,False,False,False,0,465,0.48,False,False,False,16112,,,
1308,1RB1LB_1LC0RE_1LE0LD_1LA---_1RF1RB_0LC0RF,Monotone list,1.23,False,False,0,0,0.15,False,False,False,0,177,0.06,False,False,False,67,,,
1309,1RB---_0LC0LF_1RD0LB_1RE0RC_0RF1RA_1LB0RC,List merging,1.23,False,False,0,0,0.19,False,False,False,0,181,0.08,False,False,False,856,,,
1310,1RB0LC_0RC0RA_1LD0RB_1LE0LC_0LA1LF_1LB---,List merging,1.26,False,False,0,0,0.19,False,False,False,2,613,0.08,False,False,False,702,,,
1311,1RB0RE_0RC1RF_1LD0RE_0LE0LC_1RA0LD_1RD---,List merging,1.25,False,False,0,0,0.19,False,False,False,0,507,0.08,False,False,False,892,,,
1312,1RB1LC_1LC0RD_0LF1LA_1LD0RE_0RB0LA_0LA---,List merging,1.26,False,False,0,0,0.23,False,False,False,0,383,0.06,False,False,False,53,,,
1313,1RB0RD_1LC1LA_1RA0LD_0LC0RE_0LB1RF_0RA---,List merging,1.25,False,False,0,0,0.18,False,False,False,0,567,0.14,False,False,False,1662,,,
1314,1RB0LE_0RC1RD_0RD---_1LA1RB_1RE0LF_0LA0RD,List merging,1.29,False,False,0,0,0.23,False,False,False,0,383,0.06,False,False,False,78,,,
1315,1RB---_0RC1RD_1LA0LA_1LE0RB_1LF1LE_1LC0LD,Chaotic 1dCA-like in bell,1.22,False,False,0,0,0.19,False,False,False,0,255,0.45,False,False,False,20926,,,
1316,1RB0RE_0RC---_1LD1LE_1LE1LD_1RF0LC_1RA1RF,Chaotic 1dCA-like in bell,1.33,False,False,0,0,0.19,False,False,False,0,286,0.46,False,False,False,22765,,,
1319,1RB0RE_1RC0RC_1LD---_0LB1LE_1RF0LD_1RA1RF,Chaotic 1dCA-like in bell,1.26,False,False,0,0,0.19,False,False,False,0,286,0.39,False,False,False,13757,,,
1317,1RB1RA_1LC0RF_1LD1LC_1LE0LB_0LF---_1RA1RB,Chaotic 1dCA-like in bell,1.31,False,False,0,0,0.18,False,False,False,0,290,0.51,False,False,False,29305,,,
1318,1RB0LE_1RC1RB_1RD0RA_0RE---_1LF1LA_1LA1LF,Chaotic 1dCA-like in bell,1.29,False,False,0,0,0.19,False,False,False,0,286,0.55,False,False,False,30613,,,
1320,1RB0RB_1LC---_0LA1LD_1RE0LC_1RF1RE_1RA0RD,Chaotic 1dCA-like in bell,1.33,False,False,0,0,0.19,False,False,False,0,265,0.45,False,False,False,21345,,,
1322,1RB1RC_1RC1RB_1LD0RA_1LE1LD_1LF0LC_0LA---,Chaotic 1dCA-like in bell,1.29,False,False,0,0,0.19,False,False,False,0,265,0.09,False,False,False,1841,,,
1321,1RB0LF_1RC1RB_1RD0RA_1RE0RE_1LF---_0LD1LA,Chaotic 1dCA-like in bell,1.26,False,False,0,0,0.18,False,False,False,0,286,0.42,False,False,False,17915,,,
1329,1RB---_0RC1RD_1LD1LF_1LE0RB_1RF1LD_1LA0LC,Chaotic 1dCA-like in bouncer,1.29,False,False,0,0,0.19,False,False,False,1,384,0.07,False,False,False,352,,,
1323,1RB1RA_1RC0RF_1RD0RD_1LE---_0LC1LF_1RA0LE,Chaotic 1dCA-like in bell,1.29,False,False,0,0,0.2,False,False,False,0,276,0.42,False,False,False,18814,,,
1331,1RB---_0RC0LA_1LD0RB_1LE1LD_1LF0LC_1LB1RE,Chaotic 1dCA-like in bouncer,1.23,False,False,0,0,0.19,False,False,False,0,174,0.37,False,False,False,11421,,,
1330,1RB1LB_1LC0RD_0LE1LA_0RF1RA_1LE0LA_---0RB,Chaotic 1dCA-like in bouncer,1.26,False,False,0,0,0.15,False,False,False,0,146,0.48,False,False,False,9269,,,
1332,1RB0LE_0RC---_1RD0LA_1RE0RF_1LC1RD_1RE1RA,Chaotic 1dCA-like in bouncer,1.27,False,False,0,0,0.2,False,False,False,0,426,0.4,False,False,False,8804,,,
1334,1RB1RA_1RC0RE_1RD1LB_0LE0RF_1RA0LD_1LD---,Chaotic 1dCA-like in bouncer,1.2,False,False,0,0,0.19,False,False,False,0,315,0.37,False,False,False,10832,,,
1333,1RB0LE_1RC0RE_1RD0RA_1RE1LC_0LA0RF_1LE---,Chaotic 1dCA-like in bouncer,1.27,False,False,0,0,0.2,False,False,False,0,196,0.37,False,False,False,10606,,,
1335,1RB---_0RC0LA_1LD0RB_1LE0LB_1LF0LC_1LB1RE,Chaotic 1dCA-like in bouncer,1.24,False,False,0,0,0.19,False,False,False,0,174,0.38,False,False,False,11285,,,
1336,1RB1RE_1LC0RA_---1LD_1LA0LF_0LB0LC_1RB0LB,Chaotic 1dCA-like in bouncer,1.24,False,False,0,0,0.17,False,False,False,22,208,0.07,False,False,False,149,,,
1337,1RB1LE_0LC0RF_1RD0LB_1RE1RD_1RA0RC_1LB---,Chaotic 1dCA-like in bouncer,1.22,False,False,0,0,0.19,False,False,False,0,350,0.37,False,False,False,11002,,,
1338,1RB0RC_0LA0RA_0LD0RA_1LE---_0LF1LB_1LA1LD,Chaotic 1dCA-like in bouncer,1.21,False,False,0,0,0.2,False,False,False,0,370,0.13,False,False,False,2717,,,
1340,1RB0RD_1RC0RE_1RD1LB_0LE0RF_1RA0LD_1LD---,Chaotic 1dCA-like in bouncer,1.2,False,False,0,0,0.19,False,False,False,0,314,0.36,False,False,False,10559,,,
1341,1RB1RD_1LC0LC_0RD0LB_1RF0LE_0RD---_0RA1RC,Chaotic 1dCA-like in bouncer,1.23,False,False,0,0,0.19,False,False,False,0,350,0.14,False,False,False,3375,,,
1342,1RB0LC_1LC0RF_1LD1RC_1LA0RE_1LB1RD_---0RD,Chaotic 1dCA-like in bouncer,1.16,False,False,0,0,0.17,False,False,False,0,203,0.19,False,False,False,3544,,,
1339,1RB0RE_1RC1RE_1LD1LC_0RB0LC_1RF0RB_---1RA,Chaotic 1dCA-like in bouncer,1.29,False,False,0,0,0.33,False,False,False,0,803,0.74,False,False,False,11470,,,
